19:30:34.158 -------- [restartedMain] --- INFO  --- c.app.journal.JournalAppApplication -------- Starting JournalAppApplication using Java 17.0.18 with PID 27104 (C:\Users\hp\Desktop\Study\Java-programs\JournalApplication\journal\target\classes started by hp in C:\Users\hp\Desktop\Study\Java-programs\JournalApplication) 
19:30:34.165 -------- [restartedMain] --- DEBUG --- c.app.journal.JournalAppApplication -------- Running with Spring Boot v3.5.11, Spring v6.2.16 
19:30:34.169 -------- [restartedMain] --- INFO  --- c.app.journal.JournalAppApplication -------- No active profile set, falling back to 1 default profile: "default" 
19:30:34.341 -------- [restartedMain] --- INFO  --- o.s.b.d.e.DevToolsPropertyDefaultsPostProcessor -------- Devtools property defaults active! Set 'spring.devtools.add-properties' to 'false' to disable 
19:30:34.341 -------- [restartedMain] --- INFO  --- o.s.b.d.e.DevToolsPropertyDefaultsPostProcessor -------- For additional web related logging consider setting the 'logging.level.web' property to 'DEBUG' 
19:30:37.186 -------- [restartedMain] --- INFO  --- o.s.d.r.c.RepositoryConfigurationDelegate -------- Multiple Spring Data modules found, entering strict repository configuration mode 
19:30:37.189 -------- [restartedMain] --- INFO  --- o.s.d.r.c.RepositoryConfigurationDelegate -------- Bootstrapping Spring Data MongoDB repositories in DEFAULT mode. 
19:30:37.546 -------- [restartedMain] --- INFO  --- o.s.d.r.c.RepositoryConfigurationDelegate -------- Finished Spring Data repository scanning in 344 ms. Found 3 MongoDB repository interfaces. 
19:30:37.593 -------- [restartedMain] --- INFO  --- o.s.d.r.c.RepositoryConfigurationDelegate -------- Multiple Spring Data modules found, entering strict repository configuration mode 
19:30:37.595 -------- [restartedMain] --- INFO  --- o.s.d.r.c.RepositoryConfigurationDelegate -------- Bootstrapping Spring Data Redis repositories in DEFAULT mode. 
19:30:37.629 -------- [restartedMain] --- INFO  --- o.s.d.r.c.RepositoryConfigurationExtensionSupport -------- Spring Data Redis - Could not safely identify store assignment for repository candidate interface com.app.journal.repository.ConfigJournalAppRepository; If you want this repository to be a Redis repository, consider annotating your entities with one of these annotations: org.springframework.data.redis.core.RedisHash (preferred), or consider extending one of the following types with your repository: org.springframework.data.keyvalue.repository.KeyValueRepository 
19:30:37.630 -------- [restartedMain] --- INFO  --- o.s.d.r.c.RepositoryConfigurationExtensionSupport -------- Spring Data Redis - Could not safely identify store assignment for repository candidate interface com.app.journal.repository.JournalEntryRepository; If you want this repository to be a Redis repository, consider annotating your entities with one of these annotations: org.springframework.data.redis.core.RedisHash (preferred), or consider extending one of the following types with your repository: org.springframework.data.keyvalue.repository.KeyValueRepository 
19:30:37.630 -------- [restartedMain] --- INFO  --- o.s.d.r.c.RepositoryConfigurationExtensionSupport -------- Spring Data Redis - Could not safely identify store assignment for repository candidate interface com.app.journal.repository.UserRepository; If you want this repository to be a Redis repository, consider annotating your entities with one of these annotations: org.springframework.data.redis.core.RedisHash (preferred), or consider extending one of the following types with your repository: org.springframework.data.keyvalue.repository.KeyValueRepository 
19:30:37.630 -------- [restartedMain] --- INFO  --- o.s.d.r.c.RepositoryConfigurationDelegate -------- Finished Spring Data repository scanning in 16 ms. Found 0 Redis repository interfaces. 
19:30:39.104 -------- [restartedMain] --- INFO  --- o.s.b.w.e.tomcat.TomcatWebServer -------- Tomcat initialized with port 8080 (http) 
19:30:39.145 -------- [restartedMain] --- INFO  --- o.a.coyote.http11.Http11NioProtocol -------- Initializing ProtocolHandler ["http-nio-8080"] 
19:30:39.152 -------- [restartedMain] --- INFO  --- o.a.catalina.core.StandardService -------- Starting service [Tomcat] 
19:30:39.153 -------- [restartedMain] --- INFO  --- o.a.catalina.core.StandardEngine -------- Starting Servlet engine: [Apache Tomcat/10.1.52] 
19:30:39.252 -------- [restartedMain] --- INFO  --- o.a.c.c.C.[Tomcat].[localhost].[/] -------- Initializing Spring embedded WebApplicationContext 
19:30:39.255 -------- [restartedMain] --- INFO  --- o.s.b.w.s.c.ServletWebServerApplicationContext -------- Root WebApplicationContext: initialization completed in 4911 ms 
19:30:42.959 -------- [restartedMain] --- INFO  --- org.mongodb.driver.client -------- MongoClient with metadata {"application": {"name": "Cluster0"}, "driver": {"name": "mongo-java-driver|sync|spring-boot", "version": "5.5.2"}, "os": {"type": "Windows", "name": "Windows 11", "architecture": "amd64", "version": "10.0"}, "platform": "Java/Microsoft/17.0.18+8-LTS"} created with settings MongoClientSettings{readPreference=primary, writeConcern=WriteConcern{w=null, wTimeout=null ms, journal=null}, retryWrites=true, retryReads=true, readConcern=ReadConcern{level=null}, credential=MongoCredential{mechanism=null, userName='mailmerajansari_db_user', source='admin', password=<hidden>, mechanismProperties=<hidden>}, transportSettings=null, commandListeners=[], codecRegistry=ProvidersCodecRegistry{codecProviders=[ValueCodecProvider{}, BsonValueCodecProvider{}, DBRefCodecProvider{}, DBObjectCodecProvider{}, DocumentCodecProvider{}, CollectionCodecProvider{}, IterableCodecProvider{}, MapCodecProvider{}, GeoJsonCodecProvider{}, GridFSFileCodecProvider{}, Jsr310CodecProvider{}, JsonObjectCodecProvider{}, BsonCodecProvider{}, EnumCodecProvider{}, com.mongodb.client.model.mql.ExpressionCodecProvider@8e06ada, com.mongodb.Jep395RecordCodecProvider@50a0f4e0, com.mongodb.KotlinCodecProvider@489f3d7c]}, loggerSettings=LoggerSettings{maxDocumentLength=1000}, clusterSettings={hosts=[127.0.0.1:27017], srvHost=cluster0.b7jb1jb.mongodb.net, srvServiceName=mongodb, mode=MULTIPLE, requiredClusterType=REPLICA_SET, requiredReplicaSetName='atlas-10vsg5-shard-0', serverSelector='null', clusterListeners='[]', serverSelectionTimeout='30000 ms', localThreshold='15 ms'}, socketSettings=SocketSettings{connectTimeoutMS=10000, readTimeoutMS=0, receiveBufferSize=0, proxySettings=ProxySettings{host=null, port=null, username=null, password=null}}, heartbeatSocketSettings=SocketSettings{connectTimeoutMS=10000, readTimeoutMS=10000, receiveBufferSize=0, proxySettings=ProxySettings{host=null, port=null, username=null, password=null}}, connectionPoolSettings=ConnectionPoolSettings{maxSize=100, minSize=0, maxWaitTimeMS=120000, maxConnectionLifeTimeMS=0, maxConnectionIdleTimeMS=0, maintenanceInitialDelayMS=0, maintenanceFrequencyMS=60000, connectionPoolListeners=[], maxConnecting=2}, serverSettings=ServerSettings{heartbeatFrequencyMS=10000, minHeartbeatFrequencyMS=500, serverMonitoringMode=AUTO, serverListeners='[]', serverMonitorListeners='[]'}, sslSettings=SslSettings{enabled=true, invalidHostNameAllowed=false, context=null}, applicationName='Cluster0', compressorList=[], uuidRepresentation=JAVA_LEGACY, serverApi=null, autoEncryptionSettings=null, dnsClient=null, inetAddressResolver=null, contextProvider=null, timeoutMS=null} 
19:30:43.021 -------- [cluster-ClusterId{value='69bc018a3b9941890215966e', description='Cluster0'}-srv-cluster0.b7jb1jb.mongodb.net] --- INFO  --- org.mongodb.driver.cluster -------- Adding discovered server ac-jcz0paw-shard-00-00.b7jb1jb.mongodb.net:27017 to client view of cluster 
19:30:43.098 -------- [cluster-ClusterId{value='69bc018a3b9941890215966e', description='Cluster0'}-srv-cluster0.b7jb1jb.mongodb.net] --- INFO  --- org.mongodb.driver.cluster -------- Adding discovered server ac-jcz0paw-shard-00-01.b7jb1jb.mongodb.net:27017 to client view of cluster 
19:30:43.103 -------- [cluster-ClusterId{value='69bc018a3b9941890215966e', description='Cluster0'}-srv-cluster0.b7jb1jb.mongodb.net] --- INFO  --- org.mongodb.driver.cluster -------- Adding discovered server ac-jcz0paw-shard-00-02.b7jb1jb.mongodb.net:27017 to client view of cluster 
19:30:43.400 -------- [restartedMain] --- INFO  --- o.s.b.d.a.OptionalLiveReloadServer -------- LiveReload server is running on port 35729 
19:30:43.712 -------- [restartedMain] --- INFO  --- org.mongodb.driver.cluster -------- Waiting for server to become available for operation with ID 5. Remaining time: 29989 ms. Selector: WritableServerSelector, topology description: {type=REPLICA_SET, servers=[{address=ac-jcz0paw-shard-00-01.b7jb1jb.mongodb.net:27017, type=UNKNOWN, state=CONNECTING}, {address=ac-jcz0paw-shard-00-02.b7jb1jb.mongodb.net:27017, type=UNKNOWN, state=CONNECTING}, {address=ac-jcz0paw-shard-00-00.b7jb1jb.mongodb.net:27017, type=UNKNOWN, state=CONNECTING}]. 
19:30:43.928 -------- [cluster-ClusterId{value='69bc018a3b9941890215966e', description='Cluster0'}-ac-jcz0paw-shard-00-00.b7jb1jb.mongodb.net:27017] --- INFO  --- org.mongodb.driver.cluster -------- Monitor thread successfully connected to server with description ServerDescription{address=ac-jcz0paw-shard-00-00.b7jb1jb.mongodb.net:27017, type=REPLICA_SET_SECONDARY, cryptd=false, state=CONNECTED, ok=true, minWireVersion=0, maxWireVersion=25, maxDocumentSize=16777216, logicalSessionTimeoutMinutes=30, roundTripTimeNanos=396339200, minRoundTripTimeNanos=0, setName='atlas-10vsg5-shard-0', canonicalAddress=ac-jcz0paw-shard-00-00.b7jb1jb.mongodb.net:27017, hosts=[ac-jcz0paw-shard-00-01.b7jb1jb.mongodb.net:27017, ac-jcz0paw-shard-00-02.b7jb1jb.mongodb.net:27017, ac-jcz0paw-shard-00-00.b7jb1jb.mongodb.net:27017], passives=[], arbiters=[], primary='ac-jcz0paw-shard-00-02.b7jb1jb.mongodb.net:27017', tagSet=TagSet{[Tag{name='availabilityZone', value='aps1-az1'}, Tag{name='diskState', value='READY'}, Tag{name='nodeType', value='ELECTABLE'}, Tag{name='provider', value='AWS'}, Tag{name='region', value='AP_SOUTH_1'}, Tag{name='workloadType', value='OPERATIONAL'}]}, electionId=null, setVersion=57, topologyVersion=TopologyVersion{processId=69b30fd5ea006f2a16d8bf3e, counter=4}, lastWriteDate=Thu Mar 19 19:30:42 IST 2026, lastUpdateTimeNanos=89592993544800} 
19:30:43.928 -------- [cluster-ClusterId{value='69bc018a3b9941890215966e', description='Cluster0'}-ac-jcz0paw-shard-00-02.b7jb1jb.mongodb.net:27017] --- INFO  --- org.mongodb.driver.cluster -------- Monitor thread successfully connected to server with description ServerDescription{address=ac-jcz0paw-shard-00-02.b7jb1jb.mongodb.net:27017, type=REPLICA_SET_PRIMARY, cryptd=false, state=CONNECTED, ok=true, minWireVersion=0, maxWireVersion=25, maxDocumentSize=16777216, logicalSessionTimeoutMinutes=30, roundTripTimeNanos=396337100, minRoundTripTimeNanos=0, setName='atlas-10vsg5-shard-0', canonicalAddress=ac-jcz0paw-shard-00-02.b7jb1jb.mongodb.net:27017, hosts=[ac-jcz0paw-shard-00-01.b7jb1jb.mongodb.net:27017, ac-jcz0paw-shard-00-02.b7jb1jb.mongodb.net:27017, ac-jcz0paw-shard-00-00.b7jb1jb.mongodb.net:27017], passives=[], arbiters=[], primary='ac-jcz0paw-shard-00-02.b7jb1jb.mongodb.net:27017', tagSet=TagSet{[Tag{name='availabilityZone', value='aps1-az2'}, Tag{name='diskState', value='READY'}, Tag{name='nodeType', value='ELECTABLE'}, Tag{name='provider', value='AWS'}, Tag{name='region', value='AP_SOUTH_1'}, Tag{name='workloadType', value='OPERATIONAL'}]}, electionId=7fffffff00000000000000dc, setVersion=57, topologyVersion=TopologyVersion{processId=69b311ad332d80e6a3807b8e, counter=6}, lastWriteDate=Thu Mar 19 19:30:42 IST 2026, lastUpdateTimeNanos=89592993544700} 
19:30:43.929 -------- [cluster-ClusterId{value='69bc018a3b9941890215966e', description='Cluster0'}-ac-jcz0paw-shard-00-01.b7jb1jb.mongodb.net:27017] --- INFO  --- org.mongodb.driver.cluster -------- Monitor thread successfully connected to server with description ServerDescription{address=ac-jcz0paw-shard-00-01.b7jb1jb.mongodb.net:27017, type=REPLICA_SET_SECONDARY, cryptd=false, state=CONNECTED, ok=true, minWireVersion=0, maxWireVersion=25, maxDocumentSize=16777216, logicalSessionTimeoutMinutes=30, roundTripTimeNanos=396326800, minRoundTripTimeNanos=0, setName='atlas-10vsg5-shard-0', canonicalAddress=ac-jcz0paw-shard-00-01.b7jb1jb.mongodb.net:27017, hosts=[ac-jcz0paw-shard-00-01.b7jb1jb.mongodb.net:27017, ac-jcz0paw-shard-00-02.b7jb1jb.mongodb.net:27017, ac-jcz0paw-shard-00-00.b7jb1jb.mongodb.net:27017], passives=[], arbiters=[], primary='ac-jcz0paw-shard-00-02.b7jb1jb.mongodb.net:27017', tagSet=TagSet{[Tag{name='availabilityZone', value='aps1-az3'}, Tag{name='diskState', value='READY'}, Tag{name='nodeType', value='ELECTABLE'}, Tag{name='provider', value='AWS'}, Tag{name='region', value='AP_SOUTH_1'}, Tag{name='workloadType', value='OPERATIONAL'}]}, electionId=null, setVersion=57, topologyVersion=TopologyVersion{processId=69b3142d06876aecd9b70acd, counter=3}, lastWriteDate=Thu Mar 19 19:30:42 IST 2026, lastUpdateTimeNanos=89592993554500} 
19:30:43.934 -------- [cluster-ClusterId{value='69bc018a3b9941890215966e', description='Cluster0'}-ac-jcz0paw-shard-00-02.b7jb1jb.mongodb.net:27017] --- INFO  --- org.mongodb.driver.cluster -------- Discovered replica set primary ac-jcz0paw-shard-00-02.b7jb1jb.mongodb.net:27017 with max election id 7fffffff00000000000000dc and max set version 57 
19:30:44.613 -------- [restartedMain] --- INFO  --- com.app.journal.config.RedisConfig -------- Connected Redis Host: redis-10391.crce286.ap-south-1-1.ec2.cloud.redislabs.com 
19:30:44.616 -------- [restartedMain] --- INFO  --- com.app.journal.config.RedisConfig -------- Connected Redis Port: 10391 
19:30:44.904 -------- [restartedMain] --- INFO  --- o.s.s.c.a.a.c.InitializeAuthenticationProviderBeanManagerConfigurer$InitializeAuthenticationProviderManagerConfigurer -------- Global AuthenticationManager configured with AuthenticationProvider bean with name authenticationProvider 
19:30:44.905 -------- [restartedMain] --- WARN  --- o.s.s.c.a.a.c.InitializeUserDetailsBeanManagerConfigurer$InitializeUserDetailsManagerConfigurer -------- Global AuthenticationManager configured with an AuthenticationProvider bean. UserDetailsService beans will not be used by Spring Security for automatically configuring username/password login. Consider removing the AuthenticationProvider bean. Alternatively, consider using the UserDetailsService in a manually instantiated DaoAuthenticationProvider. If the current configuration is intentional, to turn off this warning, increase the logging level of 'org.springframework.security.config.annotation.authentication.configuration.InitializeUserDetailsBeanManagerConfigurer' to ERROR 
19:30:46.248 -------- [restartedMain] --- DEBUG --- o.s.s.web.DefaultSecurityFilterChain -------- Will secure any request with filters: DisableEncodeUrlFilter, WebAsyncManagerIntegrationFilter, SecurityContextHolderFilter, HeaderWriterFilter, LogoutFilter, BasicAuthenticationFilter, RequestCacheAwareFilter, SecurityContextHolderAwareRequestFilter, AnonymousAuthenticationFilter, ExceptionTranslationFilter, AuthorizationFilter 
19:30:46.788 -------- [restartedMain] --- INFO  --- o.a.coyote.http11.Http11NioProtocol -------- Starting ProtocolHandler ["http-nio-8080"] 
19:30:46.826 -------- [restartedMain] --- INFO  --- o.s.b.w.e.tomcat.TomcatWebServer -------- Tomcat started on port 8080 (http) with context path '/' 
19:30:46.857 -------- [restartedMain] --- INFO  --- c.app.journal.JournalAppApplication -------- Started JournalAppApplication in 13.815 seconds (process running for 17.023) 
19:31:48.855 -------- [http-nio-8080-exec-2] --- INFO  --- o.a.c.c.C.[Tomcat].[localhost].[/] -------- Initializing Spring DispatcherServlet 'dispatcherServlet' 
19:31:48.857 -------- [http-nio-8080-exec-2] --- INFO  --- o.s.web.servlet.DispatcherServlet -------- Initializing Servlet 'dispatcherServlet' 
19:31:48.860 -------- [http-nio-8080-exec-2] --- INFO  --- o.s.web.servlet.DispatcherServlet -------- Completed initialization in 2 ms 
19:31:48.896 -------- [http-nio-8080-exec-2] --- DEBUG --- o.s.security.web.FilterChainProxy -------- Securing GET /health-check 
19:31:48.918 -------- [http-nio-8080-exec-2] --- DEBUG --- o.s.s.w.a.AnonymousAuthenticationFilter -------- Set SecurityContextHolder to anonymous SecurityContext 
19:31:49.044 -------- [http-nio-8080-exec-2] --- DEBUG --- o.s.s.w.s.HttpSessionRequestCache -------- Saved request http://localhost:8080/health-check?continue to session 
19:31:49.047 -------- [http-nio-8080-exec-2] --- DEBUG --- o.s.s.w.a.DelegatingAuthenticationEntryPoint -------- Trying to match using RequestHeaderRequestMatcher [expectedHeaderName=X-Requested-With, expectedHeaderValue=XMLHttpRequest] 
19:31:49.047 -------- [http-nio-8080-exec-2] --- DEBUG --- o.s.s.w.a.DelegatingAuthenticationEntryPoint -------- No match found. Using default entry point org.springframework.security.web.authentication.www.BasicAuthenticationEntryPoint@3be6a9d 
19:31:49.117 -------- [http-nio-8080-exec-2] --- DEBUG --- o.s.security.web.FilterChainProxy -------- Securing GET /error 
19:31:49.118 -------- [http-nio-8080-exec-2] --- DEBUG --- o.s.s.w.a.AnonymousAuthenticationFilter -------- Set SecurityContextHolder to anonymous SecurityContext 
19:31:49.121 -------- [http-nio-8080-exec-2] --- DEBUG --- o.s.s.w.s.HttpSessionRequestCache -------- Saved request http://localhost:8080/error?continue to session 
19:31:49.123 -------- [http-nio-8080-exec-2] --- DEBUG --- o.s.s.w.a.DelegatingAuthenticationEntryPoint -------- Trying to match using RequestHeaderRequestMatcher [expectedHeaderName=X-Requested-With, expectedHeaderValue=XMLHttpRequest] 
19:31:49.129 -------- [http-nio-8080-exec-2] --- DEBUG --- o.s.s.w.a.DelegatingAuthenticationEntryPoint -------- No match found. Using default entry point org.springframework.security.web.authentication.www.BasicAuthenticationEntryPoint@3be6a9d 
19:32:43.416 -------- [http-nio-8080-exec-5] --- DEBUG --- o.s.security.web.FilterChainProxy -------- Securing GET /publlic/health-check 
19:32:43.416 -------- [http-nio-8080-exec-5] --- DEBUG --- o.s.s.w.a.AnonymousAuthenticationFilter -------- Set SecurityContextHolder to anonymous SecurityContext 
19:32:43.420 -------- [http-nio-8080-exec-5] --- DEBUG --- o.s.s.w.s.HttpSessionRequestCache -------- Saved request http://localhost:8080/publlic/health-check?continue to session 
19:32:43.420 -------- [http-nio-8080-exec-5] --- DEBUG --- o.s.s.w.a.DelegatingAuthenticationEntryPoint -------- Trying to match using RequestHeaderRequestMatcher [expectedHeaderName=X-Requested-With, expectedHeaderValue=XMLHttpRequest] 
19:32:43.420 -------- [http-nio-8080-exec-5] --- DEBUG --- o.s.s.w.a.DelegatingAuthenticationEntryPoint -------- No match found. Using default entry point org.springframework.security.web.authentication.www.BasicAuthenticationEntryPoint@3be6a9d 
19:32:43.421 -------- [http-nio-8080-exec-5] --- DEBUG --- o.s.security.web.FilterChainProxy -------- Securing GET /error 
19:32:43.423 -------- [http-nio-8080-exec-5] --- DEBUG --- o.s.s.w.a.AnonymousAuthenticationFilter -------- Set SecurityContextHolder to anonymous SecurityContext 
19:32:43.424 -------- [http-nio-8080-exec-5] --- DEBUG --- o.s.s.w.s.HttpSessionRequestCache -------- Saved request http://localhost:8080/error?continue to session 
19:32:43.424 -------- [http-nio-8080-exec-5] --- DEBUG --- o.s.s.w.a.DelegatingAuthenticationEntryPoint -------- Trying to match using RequestHeaderRequestMatcher [expectedHeaderName=X-Requested-With, expectedHeaderValue=XMLHttpRequest] 
19:32:43.424 -------- [http-nio-8080-exec-5] --- DEBUG --- o.s.s.w.a.DelegatingAuthenticationEntryPoint -------- No match found. Using default entry point org.springframework.security.web.authentication.www.BasicAuthenticationEntryPoint@3be6a9d 
19:32:52.156 -------- [http-nio-8080-exec-10] --- DEBUG --- o.s.security.web.FilterChainProxy -------- Securing GET /public/health-check 
19:32:52.157 -------- [http-nio-8080-exec-10] --- DEBUG --- o.s.security.web.FilterChainProxy -------- Secured GET /public/health-check 
19:32:52.226 -------- [http-nio-8080-exec-10] --- DEBUG --- o.s.s.w.a.AnonymousAuthenticationFilter -------- Set SecurityContextHolder to anonymous SecurityContext 
19:34:06.698 -------- [http-nio-8080-exec-8] --- DEBUG --- o.s.security.web.FilterChainProxy -------- Securing GET /admin/get-all-users 
19:34:07.023 -------- [http-nio-8080-exec-8] --- DEBUG --- o.s.s.a.d.DaoAuthenticationProvider -------- Authenticated user 
19:34:07.023 -------- [http-nio-8080-exec-8] --- DEBUG --- o.s.s.w.a.w.BasicAuthenticationFilter -------- Set SecurityContextHolder to UsernamePasswordAuthenticationToken [Principal=org.springframework.security.core.userdetails.User [Username=david, Password=[PROTECTED], Enabled=true, AccountNonExpired=true, CredentialsNonExpired=true, AccountNonLocked=true, Granted Authorities=[ROLE_ADMIN, ROLE_USER]], Credentials=[PROTECTED], Authenticated=true, Details=WebAuthenticationDetails [RemoteIpAddress=0:0:0:0:0:0:0:1, SessionId=A9FF483793DEC7DE2F748E992FA10F36], Granted Authorities=[ROLE_ADMIN, ROLE_USER]] 
19:34:07.023 -------- [http-nio-8080-exec-8] --- DEBUG --- o.s.security.web.FilterChainProxy -------- Secured GET /admin/get-all-users 
19:35:33.046 -------- [http-nio-8080-exec-4] --- DEBUG --- o.s.security.web.FilterChainProxy -------- Securing GET /public/login 
19:35:33.237 -------- [http-nio-8080-exec-4] --- DEBUG --- o.s.s.a.d.DaoAuthenticationProvider -------- Authenticated user 
19:35:33.239 -------- [http-nio-8080-exec-4] --- DEBUG --- o.s.s.w.a.w.BasicAuthenticationFilter -------- Set SecurityContextHolder to UsernamePasswordAuthenticationToken [Principal=org.springframework.security.core.userdetails.User [Username=david, Password=[PROTECTED], Enabled=true, AccountNonExpired=true, CredentialsNonExpired=true, AccountNonLocked=true, Granted Authorities=[ROLE_ADMIN, ROLE_USER]], Credentials=[PROTECTED], Authenticated=true, Details=WebAuthenticationDetails [RemoteIpAddress=0:0:0:0:0:0:0:1, SessionId=A9FF483793DEC7DE2F748E992FA10F36], Granted Authorities=[ROLE_ADMIN, ROLE_USER]] 
19:35:33.239 -------- [http-nio-8080-exec-4] --- DEBUG --- o.s.security.web.FilterChainProxy -------- Secured GET /public/login 
19:35:33.245 -------- [http-nio-8080-exec-4] --- WARN  --- o.s.w.s.m.s.DefaultHandlerExceptionResolver -------- Resolved [org.springframework.web.HttpRequestMethodNotSupportedException: Request method 'GET' is not supported] 
19:35:33.246 -------- [http-nio-8080-exec-4] --- DEBUG --- o.s.security.web.FilterChainProxy -------- Securing GET /error 
19:35:33.248 -------- [http-nio-8080-exec-4] --- DEBUG --- o.s.security.web.FilterChainProxy -------- Secured GET /error 
19:35:51.578 -------- [http-nio-8080-exec-1] --- DEBUG --- o.s.security.web.FilterChainProxy -------- Securing POST /public/login 
19:35:51.731 -------- [http-nio-8080-exec-1] --- DEBUG --- o.s.s.a.d.DaoAuthenticationProvider -------- Authenticated user 
19:35:51.732 -------- [http-nio-8080-exec-1] --- DEBUG --- o.s.s.w.a.w.BasicAuthenticationFilter -------- Set SecurityContextHolder to UsernamePasswordAuthenticationToken [Principal=org.springframework.security.core.userdetails.User [Username=david, Password=[PROTECTED], Enabled=true, AccountNonExpired=true, CredentialsNonExpired=true, AccountNonLocked=true, Granted Authorities=[ROLE_ADMIN, ROLE_USER]], Credentials=[PROTECTED], Authenticated=true, Details=WebAuthenticationDetails [RemoteIpAddress=0:0:0:0:0:0:0:1, SessionId=A9FF483793DEC7DE2F748E992FA10F36], Granted Authorities=[ROLE_ADMIN, ROLE_USER]] 
19:35:51.732 -------- [http-nio-8080-exec-1] --- DEBUG --- o.s.security.web.FilterChainProxy -------- Secured POST /public/login 
19:35:52.012 -------- [http-nio-8080-exec-1] --- DEBUG --- o.s.s.a.d.DaoAuthenticationProvider -------- Failed to find user 'NONE_PROVIDED' 
19:35:52.013 -------- [http-nio-8080-exec-1] --- DEBUG --- o.s.s.authentication.ProviderManager -------- Authentication failed with provider DaoAuthenticationProvider since Bad credentials 
19:35:52.013 -------- [http-nio-8080-exec-1] --- ERROR --- c.a.j.controller.PublicController -------- Exception while createAuthentication token  
org.springframework.security.authentication.BadCredentialsException: Bad credentials
	at org.springframework.security.authentication.dao.AbstractUserDetailsAuthenticationProvider.authenticate(AbstractUserDetailsAuthenticationProvider.java:144)
	at org.springframework.security.authentication.ProviderManager.authenticate(ProviderManager.java:182)
	at com.app.journal.controller.PublicController.login(PublicController.java:41)
	at java.base/jdk.internal.reflect.NativeMethodAccessorImpl.invoke0(Native Method)
	at java.base/jdk.internal.reflect.NativeMethodAccessorImpl.invoke(NativeMethodAccessorImpl.java:77)
	at java.base/jdk.internal.reflect.DelegatingMethodAccessorImpl.invoke(DelegatingMethodAccessorImpl.java:43)
	at java.base/java.lang.reflect.Method.invoke(Method.java:569)
	at org.springframework.web.method.support.InvocableHandlerMethod.doInvoke(InvocableHandlerMethod.java:258)
	at org.springframework.web.method.support.InvocableHandlerMethod.invokeForRequest(InvocableHandlerMethod.java:191)
	at org.springframework.web.servlet.mvc.method.annotation.ServletInvocableHandlerMethod.invokeAndHandle(ServletInvocableHandlerMethod.java:118)
	at org.springframework.web.servlet.mvc.method.annotation.RequestMappingHandlerAdapter.invokeHandlerMethod(RequestMappingHandlerAdapter.java:991)
	at org.springframework.web.servlet.mvc.method.annotation.RequestMappingHandlerAdapter.handleInternal(RequestMappingHandlerAdapter.java:896)
	at org.springframework.web.servlet.mvc.method.AbstractHandlerMethodAdapter.handle(AbstractHandlerMethodAdapter.java:87)
	at org.springframework.web.servlet.DispatcherServlet.doDispatch(DispatcherServlet.java:1089)
	at org.springframework.web.servlet.DispatcherServlet.doService(DispatcherServlet.java:979)
	at org.springframework.web.servlet.FrameworkServlet.processRequest(FrameworkServlet.java:1014)
	at org.springframework.web.servlet.FrameworkServlet.doPost(FrameworkServlet.java:914)
	at jakarta.servlet.http.HttpServlet.service(HttpServlet.java:590)
	at org.springframework.web.servlet.FrameworkServlet.service(FrameworkServlet.java:885)
	at jakarta.servlet.http.HttpServlet.service(HttpServlet.java:658)
	at org.apache.catalina.core.ApplicationFilterChain.internalDoFilter(ApplicationFilterChain.java:193)
	at org.apache.catalina.core.ApplicationFilterChain.doFilter(ApplicationFilterChain.java:138)
	at org.apache.tomcat.websocket.server.WsFilter.doFilter(WsFilter.java:51)
	at org.apache.catalina.core.ApplicationFilterChain.internalDoFilter(ApplicationFilterChain.java:162)
	at org.apache.catalina.core.ApplicationFilterChain.doFilter(ApplicationFilterChain.java:138)
	at org.springframework.web.filter.CompositeFilter$VirtualFilterChain.doFilter(CompositeFilter.java:108)
	at org.springframework.web.filter.CompositeFilter$VirtualFilterChain.doFilter(CompositeFilter.java:108)
	at org.springframework.security.web.FilterChainProxy.lambda$doFilterInternal$3(FilterChainProxy.java:231)
	at org.springframework.security.web.FilterChainProxy$VirtualFilterChain.doFilter(FilterChainProxy.java:365)
	at org.springframework.security.web.access.intercept.AuthorizationFilter.doFilter(AuthorizationFilter.java:101)
	at org.springframework.security.web.FilterChainProxy$VirtualFilterChain.doFilter(FilterChainProxy.java:374)
	at org.springframework.security.web.access.ExceptionTranslationFilter.doFilter(ExceptionTranslationFilter.java:125)
	at org.springframework.security.web.access.ExceptionTranslationFilter.doFilter(ExceptionTranslationFilter.java:119)
	at org.springframework.security.web.FilterChainProxy$VirtualFilterChain.doFilter(FilterChainProxy.java:374)
	at org.springframework.security.web.authentication.AnonymousAuthenticationFilter.doFilter(AnonymousAuthenticationFilter.java:100)
	at org.springframework.security.web.FilterChainProxy$VirtualFilterChain.doFilter(FilterChainProxy.java:374)
	at org.springframework.security.web.servletapi.SecurityContextHolderAwareRequestFilter.doFilter(SecurityContextHolderAwareRequestFilter.java:179)
	at org.springframework.security.web.FilterChainProxy$VirtualFilterChain.doFilter(FilterChainProxy.java:374)
	at org.springframework.security.web.savedrequest.RequestCacheAwareFilter.doFilter(RequestCacheAwareFilter.java:63)
	at org.springframework.security.web.FilterChainProxy$VirtualFilterChain.doFilter(FilterChainProxy.java:374)
	at org.springframework.security.web.authentication.www.BasicAuthenticationFilter.doFilterInternal(BasicAuthenticationFilter.java:213)
	at org.springframework.web.filter.OncePerRequestFilter.doFilter(OncePerRequestFilter.java:116)
	at org.springframework.security.web.FilterChainProxy$VirtualFilterChain.doFilter(FilterChainProxy.java:374)
	at org.springframework.security.web.authentication.logout.LogoutFilter.doFilter(LogoutFilter.java:107)
	at org.springframework.security.web.authentication.logout.LogoutFilter.doFilter(LogoutFilter.java:93)
	at org.springframework.security.web.FilterChainProxy$VirtualFilterChain.doFilter(FilterChainProxy.java:374)
	at org.springframework.security.web.header.HeaderWriterFilter.doHeadersAfter(HeaderWriterFilter.java:90)
	at org.springframework.security.web.header.HeaderWriterFilter.doFilterInternal(HeaderWriterFilter.java:75)
	at org.springframework.web.filter.OncePerRequestFilter.doFilter(OncePerRequestFilter.java:116)
	at org.springframework.security.web.FilterChainProxy$VirtualFilterChain.doFilter(FilterChainProxy.java:374)
	at org.springframework.security.web.context.SecurityContextHolderFilter.doFilter(SecurityContextHolderFilter.java:82)
	at org.springframework.security.web.context.SecurityContextHolderFilter.doFilter(SecurityContextHolderFilter.java:69)
	at org.springframework.security.web.FilterChainProxy$VirtualFilterChain.doFilter(FilterChainProxy.java:374)
	at org.springframework.security.web.context.request.async.WebAsyncManagerIntegrationFilter.doFilterInternal(WebAsyncManagerIntegrationFilter.java:62)
	at org.springframework.web.filter.OncePerRequestFilter.doFilter(OncePerRequestFilter.java:116)
	at org.springframework.security.web.FilterChainProxy$VirtualFilterChain.doFilter(FilterChainProxy.java:374)
	at org.springframework.security.web.session.DisableEncodeUrlFilter.doFilterInternal(DisableEncodeUrlFilter.java:42)
	at org.springframework.web.filter.OncePerRequestFilter.doFilter(OncePerRequestFilter.java:116)
	at org.springframework.security.web.FilterChainProxy$VirtualFilterChain.doFilter(FilterChainProxy.java:374)
	at org.springframework.security.web.FilterChainProxy.doFilterInternal(FilterChainProxy.java:233)
	at org.springframework.security.web.FilterChainProxy.doFilter(FilterChainProxy.java:191)
	at org.springframework.web.filter.CompositeFilter$VirtualFilterChain.doFilter(CompositeFilter.java:113)
	at org.springframework.web.filter.ServletRequestPathFilter.doFilter(ServletRequestPathFilter.java:52)
	at org.springframework.web.filter.CompositeFilter$VirtualFilterChain.doFilter(CompositeFilter.java:113)
	at org.springframework.web.filter.CompositeFilter.doFilter(CompositeFilter.java:74)
	at org.springframework.security.config.annotation.web.configuration.WebSecurityConfiguration$CompositeFilterChainProxy.doFilter(WebSecurityConfiguration.java:319)
	at org.springframework.web.filter.CompositeFilter$VirtualFilterChain.doFilter(CompositeFilter.java:113)
	at org.springframework.web.servlet.handler.HandlerMappingIntrospector.lambda$createCacheFilter$4(HandlerMappingIntrospector.java:267)
	at org.springframework.web.filter.CompositeFilter$VirtualFilterChain.doFilter(CompositeFilter.java:113)
	at org.springframework.web.filter.CompositeFilter.doFilter(CompositeFilter.java:74)
	at org.springframework.security.config.annotation.web.configuration.WebMvcSecurityConfiguration$CompositeFilterChainProxy.doFilter(WebMvcSecurityConfiguration.java:240)
	at org.springframework.web.filter.DelegatingFilterProxy.invokeDelegate(DelegatingFilterProxy.java:362)
	at org.springframework.web.filter.DelegatingFilterProxy.doFilter(DelegatingFilterProxy.java:278)
	at org.apache.catalina.core.ApplicationFilterChain.internalDoFilter(ApplicationFilterChain.java:162)
	at org.apache.catalina.core.ApplicationFilterChain.doFilter(ApplicationFilterChain.java:138)
	at org.springframework.web.filter.RequestContextFilter.doFilterInternal(RequestContextFilter.java:100)
	at org.springframework.web.filter.OncePerRequestFilter.doFilter(OncePerRequestFilter.java:116)
	at org.apache.catalina.core.ApplicationFilterChain.internalDoFilter(ApplicationFilterChain.java:162)
	at org.apache.catalina.core.ApplicationFilterChain.doFilter(ApplicationFilterChain.java:138)
	at org.springframework.web.filter.FormContentFilter.doFilterInternal(FormContentFilter.java:93)
	at org.springframework.web.filter.OncePerRequestFilter.doFilter(OncePerRequestFilter.java:116)
	at org.apache.catalina.core.ApplicationFilterChain.internalDoFilter(ApplicationFilterChain.java:162)
	at org.apache.catalina.core.ApplicationFilterChain.doFilter(ApplicationFilterChain.java:138)
	at org.springframework.web.filter.CharacterEncodingFilter.doFilterInternal(CharacterEncodingFilter.java:201)
	at org.springframework.web.filter.OncePerRequestFilter.doFilter(OncePerRequestFilter.java:116)
	at org.apache.catalina.core.ApplicationFilterChain.internalDoFilter(ApplicationFilterChain.java:162)
	at org.apache.catalina.core.ApplicationFilterChain.doFilter(ApplicationFilterChain.java:138)
	at org.apache.catalina.core.StandardWrapperValve.invoke(StandardWrapperValve.java:165)
	at org.apache.catalina.core.StandardContextValve.invoke(StandardContextValve.java:88)
	at org.apache.catalina.authenticator.AuthenticatorBase.invoke(AuthenticatorBase.java:492)
	at org.apache.catalina.core.StandardHostValve.invoke(StandardHostValve.java:113)
	at org.apache.catalina.valves.ErrorReportValve.invoke(ErrorReportValve.java:83)
	at org.apache.catalina.core.StandardEngineValve.invoke(StandardEngineValve.java:72)
	at org.apache.catalina.connector.CoyoteAdapter.service(CoyoteAdapter.java:342)
	at org.apache.coyote.http11.Http11Processor.service(Http11Processor.java:399)
	at org.apache.coyote.AbstractProcessorLight.process(AbstractProcessorLight.java:63)
	at org.apache.coyote.AbstractProtocol$ConnectionHandler.process(AbstractProtocol.java:903)
	at org.apache.tomcat.util.net.NioEndpoint$SocketProcessor.doRun(NioEndpoint.java:1775)
	at org.apache.tomcat.util.net.SocketProcessorBase.run(SocketProcessorBase.java:52)
	at org.apache.tomcat.util.threads.ThreadPoolExecutor.runWorker(ThreadPoolExecutor.java:973)
	at org.apache.tomcat.util.threads.ThreadPoolExecutor$Worker.run(ThreadPoolExecutor.java:491)
	at org.apache.tomcat.util.threads.TaskThread$WrappingRunnable.run(TaskThread.java:63)
	at java.base/java.lang.Thread.run(Thread.java:840)
19:36:24.700 -------- [http-nio-8080-exec-5] --- DEBUG --- o.s.security.web.FilterChainProxy -------- Securing POST /public/login 
19:36:24.872 -------- [http-nio-8080-exec-5] --- DEBUG --- o.s.s.a.d.DaoAuthenticationProvider -------- Authenticated user 
19:36:24.873 -------- [http-nio-8080-exec-5] --- DEBUG --- o.s.s.w.a.w.BasicAuthenticationFilter -------- Set SecurityContextHolder to UsernamePasswordAuthenticationToken [Principal=org.springframework.security.core.userdetails.User [Username=david, Password=[PROTECTED], Enabled=true, AccountNonExpired=true, CredentialsNonExpired=true, AccountNonLocked=true, Granted Authorities=[ROLE_ADMIN, ROLE_USER]], Credentials=[PROTECTED], Authenticated=true, Details=WebAuthenticationDetails [RemoteIpAddress=0:0:0:0:0:0:0:1, SessionId=A9FF483793DEC7DE2F748E992FA10F36], Granted Authorities=[ROLE_ADMIN, ROLE_USER]] 
19:36:24.874 -------- [http-nio-8080-exec-5] --- DEBUG --- o.s.security.web.FilterChainProxy -------- Secured POST /public/login 
19:36:25.082 -------- [http-nio-8080-exec-5] --- DEBUG --- o.s.s.a.d.DaoAuthenticationProvider -------- Failed to find user 'NONE_PROVIDED' 
19:36:25.083 -------- [http-nio-8080-exec-5] --- DEBUG --- o.s.s.authentication.ProviderManager -------- Authentication failed with provider DaoAuthenticationProvider since Bad credentials 
19:36:25.083 -------- [http-nio-8080-exec-5] --- ERROR --- c.a.j.controller.PublicController -------- Exception while createAuthentication token  
org.springframework.security.authentication.BadCredentialsException: Bad credentials
	at org.springframework.security.authentication.dao.AbstractUserDetailsAuthenticationProvider.authenticate(AbstractUserDetailsAuthenticationProvider.java:144)
	at org.springframework.security.authentication.ProviderManager.authenticate(ProviderManager.java:182)
	at com.app.journal.controller.PublicController.login(PublicController.java:41)
	at java.base/jdk.internal.reflect.NativeMethodAccessorImpl.invoke0(Native Method)
	at java.base/jdk.internal.reflect.NativeMethodAccessorImpl.invoke(NativeMethodAccessorImpl.java:77)
	at java.base/jdk.internal.reflect.DelegatingMethodAccessorImpl.invoke(DelegatingMethodAccessorImpl.java:43)
	at java.base/java.lang.reflect.Method.invoke(Method.java:569)
	at org.springframework.web.method.support.InvocableHandlerMethod.doInvoke(InvocableHandlerMethod.java:258)
	at org.springframework.web.method.support.InvocableHandlerMethod.invokeForRequest(InvocableHandlerMethod.java:191)
	at org.springframework.web.servlet.mvc.method.annotation.ServletInvocableHandlerMethod.invokeAndHandle(ServletInvocableHandlerMethod.java:118)
	at org.springframework.web.servlet.mvc.method.annotation.RequestMappingHandlerAdapter.invokeHandlerMethod(RequestMappingHandlerAdapter.java:991)
	at org.springframework.web.servlet.mvc.method.annotation.RequestMappingHandlerAdapter.handleInternal(RequestMappingHandlerAdapter.java:896)
	at org.springframework.web.servlet.mvc.method.AbstractHandlerMethodAdapter.handle(AbstractHandlerMethodAdapter.java:87)
	at org.springframework.web.servlet.DispatcherServlet.doDispatch(DispatcherServlet.java:1089)
	at org.springframework.web.servlet.DispatcherServlet.doService(DispatcherServlet.java:979)
	at org.springframework.web.servlet.FrameworkServlet.processRequest(FrameworkServlet.java:1014)
	at org.springframework.web.servlet.FrameworkServlet.doPost(FrameworkServlet.java:914)
	at jakarta.servlet.http.HttpServlet.service(HttpServlet.java:590)
	at org.springframework.web.servlet.FrameworkServlet.service(FrameworkServlet.java:885)
	at jakarta.servlet.http.HttpServlet.service(HttpServlet.java:658)
	at org.apache.catalina.core.ApplicationFilterChain.internalDoFilter(ApplicationFilterChain.java:193)
	at org.apache.catalina.core.ApplicationFilterChain.doFilter(ApplicationFilterChain.java:138)
	at org.apache.tomcat.websocket.server.WsFilter.doFilter(WsFilter.java:51)
	at org.apache.catalina.core.ApplicationFilterChain.internalDoFilter(ApplicationFilterChain.java:162)
	at org.apache.catalina.core.ApplicationFilterChain.doFilter(ApplicationFilterChain.java:138)
	at org.springframework.web.filter.CompositeFilter$VirtualFilterChain.doFilter(CompositeFilter.java:108)
	at org.springframework.web.filter.CompositeFilter$VirtualFilterChain.doFilter(CompositeFilter.java:108)
	at org.springframework.security.web.FilterChainProxy.lambda$doFilterInternal$3(FilterChainProxy.java:231)
	at org.springframework.security.web.FilterChainProxy$VirtualFilterChain.doFilter(FilterChainProxy.java:365)
	at org.springframework.security.web.access.intercept.AuthorizationFilter.doFilter(AuthorizationFilter.java:101)
	at org.springframework.security.web.FilterChainProxy$VirtualFilterChain.doFilter(FilterChainProxy.java:374)
	at org.springframework.security.web.access.ExceptionTranslationFilter.doFilter(ExceptionTranslationFilter.java:125)
	at org.springframework.security.web.access.ExceptionTranslationFilter.doFilter(ExceptionTranslationFilter.java:119)
	at org.springframework.security.web.FilterChainProxy$VirtualFilterChain.doFilter(FilterChainProxy.java:374)
	at org.springframework.security.web.authentication.AnonymousAuthenticationFilter.doFilter(AnonymousAuthenticationFilter.java:100)
	at org.springframework.security.web.FilterChainProxy$VirtualFilterChain.doFilter(FilterChainProxy.java:374)
	at org.springframework.security.web.servletapi.SecurityContextHolderAwareRequestFilter.doFilter(SecurityContextHolderAwareRequestFilter.java:179)
	at org.springframework.security.web.FilterChainProxy$VirtualFilterChain.doFilter(FilterChainProxy.java:374)
	at org.springframework.security.web.savedrequest.RequestCacheAwareFilter.doFilter(RequestCacheAwareFilter.java:63)
	at org.springframework.security.web.FilterChainProxy$VirtualFilterChain.doFilter(FilterChainProxy.java:374)
	at org.springframework.security.web.authentication.www.BasicAuthenticationFilter.doFilterInternal(BasicAuthenticationFilter.java:213)
	at org.springframework.web.filter.OncePerRequestFilter.doFilter(OncePerRequestFilter.java:116)
	at org.springframework.security.web.FilterChainProxy$VirtualFilterChain.doFilter(FilterChainProxy.java:374)
	at org.springframework.security.web.authentication.logout.LogoutFilter.doFilter(LogoutFilter.java:107)
	at org.springframework.security.web.authentication.logout.LogoutFilter.doFilter(LogoutFilter.java:93)
	at org.springframework.security.web.FilterChainProxy$VirtualFilterChain.doFilter(FilterChainProxy.java:374)
	at org.springframework.security.web.header.HeaderWriterFilter.doHeadersAfter(HeaderWriterFilter.java:90)
	at org.springframework.security.web.header.HeaderWriterFilter.doFilterInternal(HeaderWriterFilter.java:75)
	at org.springframework.web.filter.OncePerRequestFilter.doFilter(OncePerRequestFilter.java:116)
	at org.springframework.security.web.FilterChainProxy$VirtualFilterChain.doFilter(FilterChainProxy.java:374)
	at org.springframework.security.web.context.SecurityContextHolderFilter.doFilter(SecurityContextHolderFilter.java:82)
	at org.springframework.security.web.context.SecurityContextHolderFilter.doFilter(SecurityContextHolderFilter.java:69)
	at org.springframework.security.web.FilterChainProxy$VirtualFilterChain.doFilter(FilterChainProxy.java:374)
	at org.springframework.security.web.context.request.async.WebAsyncManagerIntegrationFilter.doFilterInternal(WebAsyncManagerIntegrationFilter.java:62)
	at org.springframework.web.filter.OncePerRequestFilter.doFilter(OncePerRequestFilter.java:116)
	at org.springframework.security.web.FilterChainProxy$VirtualFilterChain.doFilter(FilterChainProxy.java:374)
	at org.springframework.security.web.session.DisableEncodeUrlFilter.doFilterInternal(DisableEncodeUrlFilter.java:42)
	at org.springframework.web.filter.OncePerRequestFilter.doFilter(OncePerRequestFilter.java:116)
	at org.springframework.security.web.FilterChainProxy$VirtualFilterChain.doFilter(FilterChainProxy.java:374)
	at org.springframework.security.web.FilterChainProxy.doFilterInternal(FilterChainProxy.java:233)
	at org.springframework.security.web.FilterChainProxy.doFilter(FilterChainProxy.java:191)
	at org.springframework.web.filter.CompositeFilter$VirtualFilterChain.doFilter(CompositeFilter.java:113)
	at org.springframework.web.filter.ServletRequestPathFilter.doFilter(ServletRequestPathFilter.java:52)
	at org.springframework.web.filter.CompositeFilter$VirtualFilterChain.doFilter(CompositeFilter.java:113)
	at org.springframework.web.filter.CompositeFilter.doFilter(CompositeFilter.java:74)
	at org.springframework.security.config.annotation.web.configuration.WebSecurityConfiguration$CompositeFilterChainProxy.doFilter(WebSecurityConfiguration.java:319)
	at org.springframework.web.filter.CompositeFilter$VirtualFilterChain.doFilter(CompositeFilter.java:113)
	at org.springframework.web.servlet.handler.HandlerMappingIntrospector.lambda$createCacheFilter$4(HandlerMappingIntrospector.java:267)
	at org.springframework.web.filter.CompositeFilter$VirtualFilterChain.doFilter(CompositeFilter.java:113)
	at org.springframework.web.filter.CompositeFilter.doFilter(CompositeFilter.java:74)
	at org.springframework.security.config.annotation.web.configuration.WebMvcSecurityConfiguration$CompositeFilterChainProxy.doFilter(WebMvcSecurityConfiguration.java:240)
	at org.springframework.web.filter.DelegatingFilterProxy.invokeDelegate(DelegatingFilterProxy.java:362)
	at org.springframework.web.filter.DelegatingFilterProxy.doFilter(DelegatingFilterProxy.java:278)
	at org.apache.catalina.core.ApplicationFilterChain.internalDoFilter(ApplicationFilterChain.java:162)
	at org.apache.catalina.core.ApplicationFilterChain.doFilter(ApplicationFilterChain.java:138)
	at org.springframework.web.filter.RequestContextFilter.doFilterInternal(RequestContextFilter.java:100)
	at org.springframework.web.filter.OncePerRequestFilter.doFilter(OncePerRequestFilter.java:116)
	at org.apache.catalina.core.ApplicationFilterChain.internalDoFilter(ApplicationFilterChain.java:162)
	at org.apache.catalina.core.ApplicationFilterChain.doFilter(ApplicationFilterChain.java:138)
	at org.springframework.web.filter.FormContentFilter.doFilterInternal(FormContentFilter.java:93)
	at org.springframework.web.filter.OncePerRequestFilter.doFilter(OncePerRequestFilter.java:116)
	at org.apache.catalina.core.ApplicationFilterChain.internalDoFilter(ApplicationFilterChain.java:162)
	at org.apache.catalina.core.ApplicationFilterChain.doFilter(ApplicationFilterChain.java:138)
	at org.springframework.web.filter.CharacterEncodingFilter.doFilterInternal(CharacterEncodingFilter.java:201)
	at org.springframework.web.filter.OncePerRequestFilter.doFilter(OncePerRequestFilter.java:116)
	at org.apache.catalina.core.ApplicationFilterChain.internalDoFilter(ApplicationFilterChain.java:162)
	at org.apache.catalina.core.ApplicationFilterChain.doFilter(ApplicationFilterChain.java:138)
	at org.apache.catalina.core.StandardWrapperValve.invoke(StandardWrapperValve.java:165)
	at org.apache.catalina.core.StandardContextValve.invoke(StandardContextValve.java:88)
	at org.apache.catalina.authenticator.AuthenticatorBase.invoke(AuthenticatorBase.java:492)
	at org.apache.catalina.core.StandardHostValve.invoke(StandardHostValve.java:113)
	at org.apache.catalina.valves.ErrorReportValve.invoke(ErrorReportValve.java:83)
	at org.apache.catalina.core.StandardEngineValve.invoke(StandardEngineValve.java:72)
	at org.apache.catalina.connector.CoyoteAdapter.service(CoyoteAdapter.java:342)
	at org.apache.coyote.http11.Http11Processor.service(Http11Processor.java:399)
	at org.apache.coyote.AbstractProcessorLight.process(AbstractProcessorLight.java:63)
	at org.apache.coyote.AbstractProtocol$ConnectionHandler.process(AbstractProtocol.java:903)
	at org.apache.tomcat.util.net.NioEndpoint$SocketProcessor.doRun(NioEndpoint.java:1775)
	at org.apache.tomcat.util.net.SocketProcessorBase.run(SocketProcessorBase.java:52)
	at org.apache.tomcat.util.threads.ThreadPoolExecutor.runWorker(ThreadPoolExecutor.java:973)
	at org.apache.tomcat.util.threads.ThreadPoolExecutor$Worker.run(ThreadPoolExecutor.java:491)
	at org.apache.tomcat.util.threads.TaskThread$WrappingRunnable.run(TaskThread.java:63)
	at java.base/java.lang.Thread.run(Thread.java:840)
19:36:41.344 -------- [http-nio-8080-exec-3] --- DEBUG --- o.s.security.web.FilterChainProxy -------- Securing POST /public/login 
19:36:41.551 -------- [http-nio-8080-exec-3] --- DEBUG --- o.s.s.a.d.DaoAuthenticationProvider -------- Authenticated user 
19:36:41.552 -------- [http-nio-8080-exec-3] --- DEBUG --- o.s.s.w.a.w.BasicAuthenticationFilter -------- Set SecurityContextHolder to UsernamePasswordAuthenticationToken [Principal=org.springframework.security.core.userdetails.User [Username=david, Password=[PROTECTED], Enabled=true, AccountNonExpired=true, CredentialsNonExpired=true, AccountNonLocked=true, Granted Authorities=[ROLE_ADMIN, ROLE_USER]], Credentials=[PROTECTED], Authenticated=true, Details=WebAuthenticationDetails [RemoteIpAddress=0:0:0:0:0:0:0:1, SessionId=A9FF483793DEC7DE2F748E992FA10F36], Granted Authorities=[ROLE_ADMIN, ROLE_USER]] 
19:36:41.552 -------- [http-nio-8080-exec-3] --- DEBUG --- o.s.security.web.FilterChainProxy -------- Secured POST /public/login 
19:36:41.591 -------- [http-nio-8080-exec-3] --- DEBUG --- o.s.s.a.d.DaoAuthenticationProvider -------- Failed to find user 'NONE_PROVIDED' 
19:36:41.591 -------- [http-nio-8080-exec-3] --- DEBUG --- o.s.s.authentication.ProviderManager -------- Authentication failed with provider DaoAuthenticationProvider since Bad credentials 
19:36:41.592 -------- [http-nio-8080-exec-3] --- ERROR --- c.a.j.controller.PublicController -------- Exception while createAuthentication token  
org.springframework.security.authentication.BadCredentialsException: Bad credentials
	at org.springframework.security.authentication.dao.AbstractUserDetailsAuthenticationProvider.authenticate(AbstractUserDetailsAuthenticationProvider.java:144)
	at org.springframework.security.authentication.ProviderManager.authenticate(ProviderManager.java:182)
	at com.app.journal.controller.PublicController.login(PublicController.java:41)
	at java.base/jdk.internal.reflect.NativeMethodAccessorImpl.invoke0(Native Method)
	at java.base/jdk.internal.reflect.NativeMethodAccessorImpl.invoke(NativeMethodAccessorImpl.java:77)
	at java.base/jdk.internal.reflect.DelegatingMethodAccessorImpl.invoke(DelegatingMethodAccessorImpl.java:43)
	at java.base/java.lang.reflect.Method.invoke(Method.java:569)
	at org.springframework.web.method.support.InvocableHandlerMethod.doInvoke(InvocableHandlerMethod.java:258)
	at org.springframework.web.method.support.InvocableHandlerMethod.invokeForRequest(InvocableHandlerMethod.java:191)
	at org.springframework.web.servlet.mvc.method.annotation.ServletInvocableHandlerMethod.invokeAndHandle(ServletInvocableHandlerMethod.java:118)
	at org.springframework.web.servlet.mvc.method.annotation.RequestMappingHandlerAdapter.invokeHandlerMethod(RequestMappingHandlerAdapter.java:991)
	at org.springframework.web.servlet.mvc.method.annotation.RequestMappingHandlerAdapter.handleInternal(RequestMappingHandlerAdapter.java:896)
	at org.springframework.web.servlet.mvc.method.AbstractHandlerMethodAdapter.handle(AbstractHandlerMethodAdapter.java:87)
	at org.springframework.web.servlet.DispatcherServlet.doDispatch(DispatcherServlet.java:1089)
	at org.springframework.web.servlet.DispatcherServlet.doService(DispatcherServlet.java:979)
	at org.springframework.web.servlet.FrameworkServlet.processRequest(FrameworkServlet.java:1014)
	at org.springframework.web.servlet.FrameworkServlet.doPost(FrameworkServlet.java:914)
	at jakarta.servlet.http.HttpServlet.service(HttpServlet.java:590)
	at org.springframework.web.servlet.FrameworkServlet.service(FrameworkServlet.java:885)
	at jakarta.servlet.http.HttpServlet.service(HttpServlet.java:658)
	at org.apache.catalina.core.ApplicationFilterChain.internalDoFilter(ApplicationFilterChain.java:193)
	at org.apache.catalina.core.ApplicationFilterChain.doFilter(ApplicationFilterChain.java:138)
	at org.apache.tomcat.websocket.server.WsFilter.doFilter(WsFilter.java:51)
	at org.apache.catalina.core.ApplicationFilterChain.internalDoFilter(ApplicationFilterChain.java:162)
	at org.apache.catalina.core.ApplicationFilterChain.doFilter(ApplicationFilterChain.java:138)
	at org.springframework.web.filter.CompositeFilter$VirtualFilterChain.doFilter(CompositeFilter.java:108)
	at org.springframework.web.filter.CompositeFilter$VirtualFilterChain.doFilter(CompositeFilter.java:108)
	at org.springframework.security.web.FilterChainProxy.lambda$doFilterInternal$3(FilterChainProxy.java:231)
	at org.springframework.security.web.FilterChainProxy$VirtualFilterChain.doFilter(FilterChainProxy.java:365)
	at org.springframework.security.web.access.intercept.AuthorizationFilter.doFilter(AuthorizationFilter.java:101)
	at org.springframework.security.web.FilterChainProxy$VirtualFilterChain.doFilter(FilterChainProxy.java:374)
	at org.springframework.security.web.access.ExceptionTranslationFilter.doFilter(ExceptionTranslationFilter.java:125)
	at org.springframework.security.web.access.ExceptionTranslationFilter.doFilter(ExceptionTranslationFilter.java:119)
	at org.springframework.security.web.FilterChainProxy$VirtualFilterChain.doFilter(FilterChainProxy.java:374)
	at org.springframework.security.web.authentication.AnonymousAuthenticationFilter.doFilter(AnonymousAuthenticationFilter.java:100)
	at org.springframework.security.web.FilterChainProxy$VirtualFilterChain.doFilter(FilterChainProxy.java:374)
	at org.springframework.security.web.servletapi.SecurityContextHolderAwareRequestFilter.doFilter(SecurityContextHolderAwareRequestFilter.java:179)
	at org.springframework.security.web.FilterChainProxy$VirtualFilterChain.doFilter(FilterChainProxy.java:374)
	at org.springframework.security.web.savedrequest.RequestCacheAwareFilter.doFilter(RequestCacheAwareFilter.java:63)
	at org.springframework.security.web.FilterChainProxy$VirtualFilterChain.doFilter(FilterChainProxy.java:374)
	at org.springframework.security.web.authentication.www.BasicAuthenticationFilter.doFilterInternal(BasicAuthenticationFilter.java:213)
	at org.springframework.web.filter.OncePerRequestFilter.doFilter(OncePerRequestFilter.java:116)
	at org.springframework.security.web.FilterChainProxy$VirtualFilterChain.doFilter(FilterChainProxy.java:374)
	at org.springframework.security.web.authentication.logout.LogoutFilter.doFilter(LogoutFilter.java:107)
	at org.springframework.security.web.authentication.logout.LogoutFilter.doFilter(LogoutFilter.java:93)
	at org.springframework.security.web.FilterChainProxy$VirtualFilterChain.doFilter(FilterChainProxy.java:374)
	at org.springframework.security.web.header.HeaderWriterFilter.doHeadersAfter(HeaderWriterFilter.java:90)
	at org.springframework.security.web.header.HeaderWriterFilter.doFilterInternal(HeaderWriterFilter.java:75)
	at org.springframework.web.filter.OncePerRequestFilter.doFilter(OncePerRequestFilter.java:116)
	at org.springframework.security.web.FilterChainProxy$VirtualFilterChain.doFilter(FilterChainProxy.java:374)
	at org.springframework.security.web.context.SecurityContextHolderFilter.doFilter(SecurityContextHolderFilter.java:82)
	at org.springframework.security.web.context.SecurityContextHolderFilter.doFilter(SecurityContextHolderFilter.java:69)
	at org.springframework.security.web.FilterChainProxy$VirtualFilterChain.doFilter(FilterChainProxy.java:374)
	at org.springframework.security.web.context.request.async.WebAsyncManagerIntegrationFilter.doFilterInternal(WebAsyncManagerIntegrationFilter.java:62)
	at org.springframework.web.filter.OncePerRequestFilter.doFilter(OncePerRequestFilter.java:116)
	at org.springframework.security.web.FilterChainProxy$VirtualFilterChain.doFilter(FilterChainProxy.java:374)
	at org.springframework.security.web.session.DisableEncodeUrlFilter.doFilterInternal(DisableEncodeUrlFilter.java:42)
	at org.springframework.web.filter.OncePerRequestFilter.doFilter(OncePerRequestFilter.java:116)
	at org.springframework.security.web.FilterChainProxy$VirtualFilterChain.doFilter(FilterChainProxy.java:374)
	at org.springframework.security.web.FilterChainProxy.doFilterInternal(FilterChainProxy.java:233)
	at org.springframework.security.web.FilterChainProxy.doFilter(FilterChainProxy.java:191)
	at org.springframework.web.filter.CompositeFilter$VirtualFilterChain.doFilter(CompositeFilter.java:113)
	at org.springframework.web.filter.ServletRequestPathFilter.doFilter(ServletRequestPathFilter.java:52)
	at org.springframework.web.filter.CompositeFilter$VirtualFilterChain.doFilter(CompositeFilter.java:113)
	at org.springframework.web.filter.CompositeFilter.doFilter(CompositeFilter.java:74)
	at org.springframework.security.config.annotation.web.configuration.WebSecurityConfiguration$CompositeFilterChainProxy.doFilter(WebSecurityConfiguration.java:319)
	at org.springframework.web.filter.CompositeFilter$VirtualFilterChain.doFilter(CompositeFilter.java:113)
	at org.springframework.web.servlet.handler.HandlerMappingIntrospector.lambda$createCacheFilter$4(HandlerMappingIntrospector.java:267)
	at org.springframework.web.filter.CompositeFilter$VirtualFilterChain.doFilter(CompositeFilter.java:113)
	at org.springframework.web.filter.CompositeFilter.doFilter(CompositeFilter.java:74)
	at org.springframework.security.config.annotation.web.configuration.WebMvcSecurityConfiguration$CompositeFilterChainProxy.doFilter(WebMvcSecurityConfiguration.java:240)
	at org.springframework.web.filter.DelegatingFilterProxy.invokeDelegate(DelegatingFilterProxy.java:362)
	at org.springframework.web.filter.DelegatingFilterProxy.doFilter(DelegatingFilterProxy.java:278)
	at org.apache.catalina.core.ApplicationFilterChain.internalDoFilter(ApplicationFilterChain.java:162)
	at org.apache.catalina.core.ApplicationFilterChain.doFilter(ApplicationFilterChain.java:138)
	at org.springframework.web.filter.RequestContextFilter.doFilterInternal(RequestContextFilter.java:100)
	at org.springframework.web.filter.OncePerRequestFilter.doFilter(OncePerRequestFilter.java:116)
	at org.apache.catalina.core.ApplicationFilterChain.internalDoFilter(ApplicationFilterChain.java:162)
	at org.apache.catalina.core.ApplicationFilterChain.doFilter(ApplicationFilterChain.java:138)
	at org.springframework.web.filter.FormContentFilter.doFilterInternal(FormContentFilter.java:93)
	at org.springframework.web.filter.OncePerRequestFilter.doFilter(OncePerRequestFilter.java:116)
	at org.apache.catalina.core.ApplicationFilterChain.internalDoFilter(ApplicationFilterChain.java:162)
	at org.apache.catalina.core.ApplicationFilterChain.doFilter(ApplicationFilterChain.java:138)
	at org.springframework.web.filter.CharacterEncodingFilter.doFilterInternal(CharacterEncodingFilter.java:201)
	at org.springframework.web.filter.OncePerRequestFilter.doFilter(OncePerRequestFilter.java:116)
	at org.apache.catalina.core.ApplicationFilterChain.internalDoFilter(ApplicationFilterChain.java:162)
	at org.apache.catalina.core.ApplicationFilterChain.doFilter(ApplicationFilterChain.java:138)
	at org.apache.catalina.core.StandardWrapperValve.invoke(StandardWrapperValve.java:165)
	at org.apache.catalina.core.StandardContextValve.invoke(StandardContextValve.java:88)
	at org.apache.catalina.authenticator.AuthenticatorBase.invoke(AuthenticatorBase.java:492)
	at org.apache.catalina.core.StandardHostValve.invoke(StandardHostValve.java:113)
	at org.apache.catalina.valves.ErrorReportValve.invoke(ErrorReportValve.java:83)
	at org.apache.catalina.core.StandardEngineValve.invoke(StandardEngineValve.java:72)
	at org.apache.catalina.connector.CoyoteAdapter.service(CoyoteAdapter.java:342)
	at org.apache.coyote.http11.Http11Processor.service(Http11Processor.java:399)
	at org.apache.coyote.AbstractProcessorLight.process(AbstractProcessorLight.java:63)
	at org.apache.coyote.AbstractProtocol$ConnectionHandler.process(AbstractProtocol.java:903)
	at org.apache.tomcat.util.net.NioEndpoint$SocketProcessor.doRun(NioEndpoint.java:1775)
	at org.apache.tomcat.util.net.SocketProcessorBase.run(SocketProcessorBase.java:52)
	at org.apache.tomcat.util.threads.ThreadPoolExecutor.runWorker(ThreadPoolExecutor.java:973)
	at org.apache.tomcat.util.threads.ThreadPoolExecutor$Worker.run(ThreadPoolExecutor.java:491)
	at org.apache.tomcat.util.threads.TaskThread$WrappingRunnable.run(TaskThread.java:63)
	at java.base/java.lang.Thread.run(Thread.java:840)
19:36:53.898 -------- [http-nio-8080-exec-8] --- DEBUG --- o.s.security.web.FilterChainProxy -------- Securing GET /admin/get-all-users 
19:36:54.106 -------- [http-nio-8080-exec-8] --- DEBUG --- o.s.s.a.d.DaoAuthenticationProvider -------- Authenticated user 
19:36:54.106 -------- [http-nio-8080-exec-8] --- DEBUG --- o.s.s.w.a.w.BasicAuthenticationFilter -------- Set SecurityContextHolder to UsernamePasswordAuthenticationToken [Principal=org.springframework.security.core.userdetails.User [Username=david, Password=[PROTECTED], Enabled=true, AccountNonExpired=true, CredentialsNonExpired=true, AccountNonLocked=true, Granted Authorities=[ROLE_ADMIN, ROLE_USER]], Credentials=[PROTECTED], Authenticated=true, Details=WebAuthenticationDetails [RemoteIpAddress=0:0:0:0:0:0:0:1, SessionId=A9FF483793DEC7DE2F748E992FA10F36], Granted Authorities=[ROLE_ADMIN, ROLE_USER]] 
19:36:54.107 -------- [http-nio-8080-exec-8] --- DEBUG --- o.s.security.web.FilterChainProxy -------- Secured GET /admin/get-all-users 
19:37:21.766 -------- [http-nio-8080-exec-7] --- DEBUG --- o.s.security.web.FilterChainProxy -------- Securing GET /admin/get-all-users 
19:37:21.975 -------- [http-nio-8080-exec-7] --- DEBUG --- o.s.s.a.d.DaoAuthenticationProvider -------- Authenticated user 
19:37:21.976 -------- [http-nio-8080-exec-7] --- DEBUG --- o.s.s.w.a.w.BasicAuthenticationFilter -------- Set SecurityContextHolder to UsernamePasswordAuthenticationToken [Principal=org.springframework.security.core.userdetails.User [Username=david, Password=[PROTECTED], Enabled=true, AccountNonExpired=true, CredentialsNonExpired=true, AccountNonLocked=true, Granted Authorities=[ROLE_ADMIN, ROLE_USER]], Credentials=[PROTECTED], Authenticated=true, Details=WebAuthenticationDetails [RemoteIpAddress=0:0:0:0:0:0:0:1, SessionId=A9FF483793DEC7DE2F748E992FA10F36], Granted Authorities=[ROLE_ADMIN, ROLE_USER]] 
19:37:21.977 -------- [http-nio-8080-exec-7] --- DEBUG --- o.s.security.web.FilterChainProxy -------- Secured GET /admin/get-all-users 
19:37:48.581 -------- [http-nio-8080-exec-9] --- DEBUG --- o.s.security.web.FilterChainProxy -------- Securing POST /public/login 
19:37:48.778 -------- [http-nio-8080-exec-9] --- DEBUG --- o.s.s.a.d.DaoAuthenticationProvider -------- Authenticated user 
19:37:48.779 -------- [http-nio-8080-exec-9] --- DEBUG --- o.s.s.w.a.w.BasicAuthenticationFilter -------- Set SecurityContextHolder to UsernamePasswordAuthenticationToken [Principal=org.springframework.security.core.userdetails.User [Username=david, Password=[PROTECTED], Enabled=true, AccountNonExpired=true, CredentialsNonExpired=true, AccountNonLocked=true, Granted Authorities=[ROLE_ADMIN, ROLE_USER]], Credentials=[PROTECTED], Authenticated=true, Details=WebAuthenticationDetails [RemoteIpAddress=0:0:0:0:0:0:0:1, SessionId=A9FF483793DEC7DE2F748E992FA10F36], Granted Authorities=[ROLE_ADMIN, ROLE_USER]] 
19:37:48.779 -------- [http-nio-8080-exec-9] --- DEBUG --- o.s.security.web.FilterChainProxy -------- Secured POST /public/login 
19:37:48.983 -------- [http-nio-8080-exec-9] --- DEBUG --- o.s.s.a.d.DaoAuthenticationProvider -------- Failed to find user 'NONE_PROVIDED' 
19:37:48.983 -------- [http-nio-8080-exec-9] --- DEBUG --- o.s.s.authentication.ProviderManager -------- Authentication failed with provider DaoAuthenticationProvider since Bad credentials 
19:37:48.984 -------- [http-nio-8080-exec-9] --- ERROR --- c.a.j.controller.PublicController -------- Exception while createAuthentication token  
org.springframework.security.authentication.BadCredentialsException: Bad credentials
	at org.springframework.security.authentication.dao.AbstractUserDetailsAuthenticationProvider.authenticate(AbstractUserDetailsAuthenticationProvider.java:144)
	at org.springframework.security.authentication.ProviderManager.authenticate(ProviderManager.java:182)
	at com.app.journal.controller.PublicController.login(PublicController.java:41)
	at java.base/jdk.internal.reflect.NativeMethodAccessorImpl.invoke0(Native Method)
	at java.base/jdk.internal.reflect.NativeMethodAccessorImpl.invoke(NativeMethodAccessorImpl.java:77)
	at java.base/jdk.internal.reflect.DelegatingMethodAccessorImpl.invoke(DelegatingMethodAccessorImpl.java:43)
	at java.base/java.lang.reflect.Method.invoke(Method.java:569)
	at org.springframework.web.method.support.InvocableHandlerMethod.doInvoke(InvocableHandlerMethod.java:258)
	at org.springframework.web.method.support.InvocableHandlerMethod.invokeForRequest(InvocableHandlerMethod.java:191)
	at org.springframework.web.servlet.mvc.method.annotation.ServletInvocableHandlerMethod.invokeAndHandle(ServletInvocableHandlerMethod.java:118)
	at org.springframework.web.servlet.mvc.method.annotation.RequestMappingHandlerAdapter.invokeHandlerMethod(RequestMappingHandlerAdapter.java:991)
	at org.springframework.web.servlet.mvc.method.annotation.RequestMappingHandlerAdapter.handleInternal(RequestMappingHandlerAdapter.java:896)
	at org.springframework.web.servlet.mvc.method.AbstractHandlerMethodAdapter.handle(AbstractHandlerMethodAdapter.java:87)
	at org.springframework.web.servlet.DispatcherServlet.doDispatch(DispatcherServlet.java:1089)
	at org.springframework.web.servlet.DispatcherServlet.doService(DispatcherServlet.java:979)
	at org.springframework.web.servlet.FrameworkServlet.processRequest(FrameworkServlet.java:1014)
	at org.springframework.web.servlet.FrameworkServlet.doPost(FrameworkServlet.java:914)
	at jakarta.servlet.http.HttpServlet.service(HttpServlet.java:590)
	at org.springframework.web.servlet.FrameworkServlet.service(FrameworkServlet.java:885)
	at jakarta.servlet.http.HttpServlet.service(HttpServlet.java:658)
	at org.apache.catalina.core.ApplicationFilterChain.internalDoFilter(ApplicationFilterChain.java:193)
	at org.apache.catalina.core.ApplicationFilterChain.doFilter(ApplicationFilterChain.java:138)
	at org.apache.tomcat.websocket.server.WsFilter.doFilter(WsFilter.java:51)
	at org.apache.catalina.core.ApplicationFilterChain.internalDoFilter(ApplicationFilterChain.java:162)
	at org.apache.catalina.core.ApplicationFilterChain.doFilter(ApplicationFilterChain.java:138)
	at org.springframework.web.filter.CompositeFilter$VirtualFilterChain.doFilter(CompositeFilter.java:108)
	at org.springframework.web.filter.CompositeFilter$VirtualFilterChain.doFilter(CompositeFilter.java:108)
	at org.springframework.security.web.FilterChainProxy.lambda$doFilterInternal$3(FilterChainProxy.java:231)
	at org.springframework.security.web.FilterChainProxy$VirtualFilterChain.doFilter(FilterChainProxy.java:365)
	at org.springframework.security.web.access.intercept.AuthorizationFilter.doFilter(AuthorizationFilter.java:101)
	at org.springframework.security.web.FilterChainProxy$VirtualFilterChain.doFilter(FilterChainProxy.java:374)
	at org.springframework.security.web.access.ExceptionTranslationFilter.doFilter(ExceptionTranslationFilter.java:125)
	at org.springframework.security.web.access.ExceptionTranslationFilter.doFilter(ExceptionTranslationFilter.java:119)
	at org.springframework.security.web.FilterChainProxy$VirtualFilterChain.doFilter(FilterChainProxy.java:374)
	at org.springframework.security.web.authentication.AnonymousAuthenticationFilter.doFilter(AnonymousAuthenticationFilter.java:100)
	at org.springframework.security.web.FilterChainProxy$VirtualFilterChain.doFilter(FilterChainProxy.java:374)
	at org.springframework.security.web.servletapi.SecurityContextHolderAwareRequestFilter.doFilter(SecurityContextHolderAwareRequestFilter.java:179)
	at org.springframework.security.web.FilterChainProxy$VirtualFilterChain.doFilter(FilterChainProxy.java:374)
	at org.springframework.security.web.savedrequest.RequestCacheAwareFilter.doFilter(RequestCacheAwareFilter.java:63)
	at org.springframework.security.web.FilterChainProxy$VirtualFilterChain.doFilter(FilterChainProxy.java:374)
	at org.springframework.security.web.authentication.www.BasicAuthenticationFilter.doFilterInternal(BasicAuthenticationFilter.java:213)
	at org.springframework.web.filter.OncePerRequestFilter.doFilter(OncePerRequestFilter.java:116)
	at org.springframework.security.web.FilterChainProxy$VirtualFilterChain.doFilter(FilterChainProxy.java:374)
	at org.springframework.security.web.authentication.logout.LogoutFilter.doFilter(LogoutFilter.java:107)
	at org.springframework.security.web.authentication.logout.LogoutFilter.doFilter(LogoutFilter.java:93)
	at org.springframework.security.web.FilterChainProxy$VirtualFilterChain.doFilter(FilterChainProxy.java:374)
	at org.springframework.security.web.header.HeaderWriterFilter.doHeadersAfter(HeaderWriterFilter.java:90)
	at org.springframework.security.web.header.HeaderWriterFilter.doFilterInternal(HeaderWriterFilter.java:75)
	at org.springframework.web.filter.OncePerRequestFilter.doFilter(OncePerRequestFilter.java:116)
	at org.springframework.security.web.FilterChainProxy$VirtualFilterChain.doFilter(FilterChainProxy.java:374)
	at org.springframework.security.web.context.SecurityContextHolderFilter.doFilter(SecurityContextHolderFilter.java:82)
	at org.springframework.security.web.context.SecurityContextHolderFilter.doFilter(SecurityContextHolderFilter.java:69)
	at org.springframework.security.web.FilterChainProxy$VirtualFilterChain.doFilter(FilterChainProxy.java:374)
	at org.springframework.security.web.context.request.async.WebAsyncManagerIntegrationFilter.doFilterInternal(WebAsyncManagerIntegrationFilter.java:62)
	at org.springframework.web.filter.OncePerRequestFilter.doFilter(OncePerRequestFilter.java:116)
	at org.springframework.security.web.FilterChainProxy$VirtualFilterChain.doFilter(FilterChainProxy.java:374)
	at org.springframework.security.web.session.DisableEncodeUrlFilter.doFilterInternal(DisableEncodeUrlFilter.java:42)
	at org.springframework.web.filter.OncePerRequestFilter.doFilter(OncePerRequestFilter.java:116)
	at org.springframework.security.web.FilterChainProxy$VirtualFilterChain.doFilter(FilterChainProxy.java:374)
	at org.springframework.security.web.FilterChainProxy.doFilterInternal(FilterChainProxy.java:233)
	at org.springframework.security.web.FilterChainProxy.doFilter(FilterChainProxy.java:191)
	at org.springframework.web.filter.CompositeFilter$VirtualFilterChain.doFilter(CompositeFilter.java:113)
	at org.springframework.web.filter.ServletRequestPathFilter.doFilter(ServletRequestPathFilter.java:52)
	at org.springframework.web.filter.CompositeFilter$VirtualFilterChain.doFilter(CompositeFilter.java:113)
	at org.springframework.web.filter.CompositeFilter.doFilter(CompositeFilter.java:74)
	at org.springframework.security.config.annotation.web.configuration.WebSecurityConfiguration$CompositeFilterChainProxy.doFilter(WebSecurityConfiguration.java:319)
	at org.springframework.web.filter.CompositeFilter$VirtualFilterChain.doFilter(CompositeFilter.java:113)
	at org.springframework.web.servlet.handler.HandlerMappingIntrospector.lambda$createCacheFilter$4(HandlerMappingIntrospector.java:267)
	at org.springframework.web.filter.CompositeFilter$VirtualFilterChain.doFilter(CompositeFilter.java:113)
	at org.springframework.web.filter.CompositeFilter.doFilter(CompositeFilter.java:74)
	at org.springframework.security.config.annotation.web.configuration.WebMvcSecurityConfiguration$CompositeFilterChainProxy.doFilter(WebMvcSecurityConfiguration.java:240)
	at org.springframework.web.filter.DelegatingFilterProxy.invokeDelegate(DelegatingFilterProxy.java:362)
	at org.springframework.web.filter.DelegatingFilterProxy.doFilter(DelegatingFilterProxy.java:278)
	at org.apache.catalina.core.ApplicationFilterChain.internalDoFilter(ApplicationFilterChain.java:162)
	at org.apache.catalina.core.ApplicationFilterChain.doFilter(ApplicationFilterChain.java:138)
	at org.springframework.web.filter.RequestContextFilter.doFilterInternal(RequestContextFilter.java:100)
	at org.springframework.web.filter.OncePerRequestFilter.doFilter(OncePerRequestFilter.java:116)
	at org.apache.catalina.core.ApplicationFilterChain.internalDoFilter(ApplicationFilterChain.java:162)
	at org.apache.catalina.core.ApplicationFilterChain.doFilter(ApplicationFilterChain.java:138)
	at org.springframework.web.filter.FormContentFilter.doFilterInternal(FormContentFilter.java:93)
	at org.springframework.web.filter.OncePerRequestFilter.doFilter(OncePerRequestFilter.java:116)
	at org.apache.catalina.core.ApplicationFilterChain.internalDoFilter(ApplicationFilterChain.java:162)
	at org.apache.catalina.core.ApplicationFilterChain.doFilter(ApplicationFilterChain.java:138)
	at org.springframework.web.filter.CharacterEncodingFilter.doFilterInternal(CharacterEncodingFilter.java:201)
	at org.springframework.web.filter.OncePerRequestFilter.doFilter(OncePerRequestFilter.java:116)
	at org.apache.catalina.core.ApplicationFilterChain.internalDoFilter(ApplicationFilterChain.java:162)
	at org.apache.catalina.core.ApplicationFilterChain.doFilter(ApplicationFilterChain.java:138)
	at org.apache.catalina.core.StandardWrapperValve.invoke(StandardWrapperValve.java:165)
	at org.apache.catalina.core.StandardContextValve.invoke(StandardContextValve.java:88)
	at org.apache.catalina.authenticator.AuthenticatorBase.invoke(AuthenticatorBase.java:492)
	at org.apache.catalina.core.StandardHostValve.invoke(StandardHostValve.java:113)
	at org.apache.catalina.valves.ErrorReportValve.invoke(ErrorReportValve.java:83)
	at org.apache.catalina.core.StandardEngineValve.invoke(StandardEngineValve.java:72)
	at org.apache.catalina.connector.CoyoteAdapter.service(CoyoteAdapter.java:342)
	at org.apache.coyote.http11.Http11Processor.service(Http11Processor.java:399)
	at org.apache.coyote.AbstractProcessorLight.process(AbstractProcessorLight.java:63)
	at org.apache.coyote.AbstractProtocol$ConnectionHandler.process(AbstractProtocol.java:903)
	at org.apache.tomcat.util.net.NioEndpoint$SocketProcessor.doRun(NioEndpoint.java:1775)
	at org.apache.tomcat.util.net.SocketProcessorBase.run(SocketProcessorBase.java:52)
	at org.apache.tomcat.util.threads.ThreadPoolExecutor.runWorker(ThreadPoolExecutor.java:973)
	at org.apache.tomcat.util.threads.ThreadPoolExecutor$Worker.run(ThreadPoolExecutor.java:491)
	at org.apache.tomcat.util.threads.TaskThread$WrappingRunnable.run(TaskThread.java:63)
	at java.base/java.lang.Thread.run(Thread.java:840)
19:38:00.551 -------- [http-nio-8080-exec-1] --- DEBUG --- o.s.security.web.FilterChainProxy -------- Securing POST /public/login 
19:38:00.552 -------- [http-nio-8080-exec-1] --- DEBUG --- o.s.security.web.FilterChainProxy -------- Secured POST /public/login 
19:38:00.800 -------- [http-nio-8080-exec-1] --- DEBUG --- o.s.s.a.d.DaoAuthenticationProvider -------- Failed to find user 'NONE_PROVIDED' 
19:38:00.800 -------- [http-nio-8080-exec-1] --- DEBUG --- o.s.s.authentication.ProviderManager -------- Authentication failed with provider DaoAuthenticationProvider since Bad credentials 
19:38:00.800 -------- [http-nio-8080-exec-1] --- ERROR --- c.a.j.controller.PublicController -------- Exception while createAuthentication token  
org.springframework.security.authentication.BadCredentialsException: Bad credentials
	at org.springframework.security.authentication.dao.AbstractUserDetailsAuthenticationProvider.authenticate(AbstractUserDetailsAuthenticationProvider.java:144)
	at org.springframework.security.authentication.ProviderManager.authenticate(ProviderManager.java:182)
	at com.app.journal.controller.PublicController.login(PublicController.java:41)
	at java.base/jdk.internal.reflect.NativeMethodAccessorImpl.invoke0(Native Method)
	at java.base/jdk.internal.reflect.NativeMethodAccessorImpl.invoke(NativeMethodAccessorImpl.java:77)
	at java.base/jdk.internal.reflect.DelegatingMethodAccessorImpl.invoke(DelegatingMethodAccessorImpl.java:43)
	at java.base/java.lang.reflect.Method.invoke(Method.java:569)
	at org.springframework.web.method.support.InvocableHandlerMethod.doInvoke(InvocableHandlerMethod.java:258)
	at org.springframework.web.method.support.InvocableHandlerMethod.invokeForRequest(InvocableHandlerMethod.java:191)
	at org.springframework.web.servlet.mvc.method.annotation.ServletInvocableHandlerMethod.invokeAndHandle(ServletInvocableHandlerMethod.java:118)
	at org.springframework.web.servlet.mvc.method.annotation.RequestMappingHandlerAdapter.invokeHandlerMethod(RequestMappingHandlerAdapter.java:991)
	at org.springframework.web.servlet.mvc.method.annotation.RequestMappingHandlerAdapter.handleInternal(RequestMappingHandlerAdapter.java:896)
	at org.springframework.web.servlet.mvc.method.AbstractHandlerMethodAdapter.handle(AbstractHandlerMethodAdapter.java:87)
	at org.springframework.web.servlet.DispatcherServlet.doDispatch(DispatcherServlet.java:1089)
	at org.springframework.web.servlet.DispatcherServlet.doService(DispatcherServlet.java:979)
	at org.springframework.web.servlet.FrameworkServlet.processRequest(FrameworkServlet.java:1014)
	at org.springframework.web.servlet.FrameworkServlet.doPost(FrameworkServlet.java:914)
	at jakarta.servlet.http.HttpServlet.service(HttpServlet.java:590)
	at org.springframework.web.servlet.FrameworkServlet.service(FrameworkServlet.java:885)
	at jakarta.servlet.http.HttpServlet.service(HttpServlet.java:658)
	at org.apache.catalina.core.ApplicationFilterChain.internalDoFilter(ApplicationFilterChain.java:193)
	at org.apache.catalina.core.ApplicationFilterChain.doFilter(ApplicationFilterChain.java:138)
	at org.apache.tomcat.websocket.server.WsFilter.doFilter(WsFilter.java:51)
	at org.apache.catalina.core.ApplicationFilterChain.internalDoFilter(ApplicationFilterChain.java:162)
	at org.apache.catalina.core.ApplicationFilterChain.doFilter(ApplicationFilterChain.java:138)
	at org.springframework.web.filter.CompositeFilter$VirtualFilterChain.doFilter(CompositeFilter.java:108)
	at org.springframework.web.filter.CompositeFilter$VirtualFilterChain.doFilter(CompositeFilter.java:108)
	at org.springframework.security.web.FilterChainProxy.lambda$doFilterInternal$3(FilterChainProxy.java:231)
	at org.springframework.security.web.FilterChainProxy$VirtualFilterChain.doFilter(FilterChainProxy.java:365)
	at org.springframework.security.web.access.intercept.AuthorizationFilter.doFilter(AuthorizationFilter.java:101)
	at org.springframework.security.web.FilterChainProxy$VirtualFilterChain.doFilter(FilterChainProxy.java:374)
	at org.springframework.security.web.access.ExceptionTranslationFilter.doFilter(ExceptionTranslationFilter.java:125)
	at org.springframework.security.web.access.ExceptionTranslationFilter.doFilter(ExceptionTranslationFilter.java:119)
	at org.springframework.security.web.FilterChainProxy$VirtualFilterChain.doFilter(FilterChainProxy.java:374)
	at org.springframework.security.web.authentication.AnonymousAuthenticationFilter.doFilter(AnonymousAuthenticationFilter.java:100)
	at org.springframework.security.web.FilterChainProxy$VirtualFilterChain.doFilter(FilterChainProxy.java:374)
	at org.springframework.security.web.servletapi.SecurityContextHolderAwareRequestFilter.doFilter(SecurityContextHolderAwareRequestFilter.java:179)
	at org.springframework.security.web.FilterChainProxy$VirtualFilterChain.doFilter(FilterChainProxy.java:374)
	at org.springframework.security.web.savedrequest.RequestCacheAwareFilter.doFilter(RequestCacheAwareFilter.java:63)
	at org.springframework.security.web.FilterChainProxy$VirtualFilterChain.doFilter(FilterChainProxy.java:374)
	at org.springframework.security.web.authentication.www.BasicAuthenticationFilter.doFilterInternal(BasicAuthenticationFilter.java:181)
	at org.springframework.web.filter.OncePerRequestFilter.doFilter(OncePerRequestFilter.java:116)
	at org.springframework.security.web.FilterChainProxy$VirtualFilterChain.doFilter(FilterChainProxy.java:374)
	at org.springframework.security.web.authentication.logout.LogoutFilter.doFilter(LogoutFilter.java:107)
	at org.springframework.security.web.authentication.logout.LogoutFilter.doFilter(LogoutFilter.java:93)
	at org.springframework.security.web.FilterChainProxy$VirtualFilterChain.doFilter(FilterChainProxy.java:374)
	at org.springframework.security.web.header.HeaderWriterFilter.doHeadersAfter(HeaderWriterFilter.java:90)
	at org.springframework.security.web.header.HeaderWriterFilter.doFilterInternal(HeaderWriterFilter.java:75)
	at org.springframework.web.filter.OncePerRequestFilter.doFilter(OncePerRequestFilter.java:116)
	at org.springframework.security.web.FilterChainProxy$VirtualFilterChain.doFilter(FilterChainProxy.java:374)
	at org.springframework.security.web.context.SecurityContextHolderFilter.doFilter(SecurityContextHolderFilter.java:82)
	at org.springframework.security.web.context.SecurityContextHolderFilter.doFilter(SecurityContextHolderFilter.java:69)
	at org.springframework.security.web.FilterChainProxy$VirtualFilterChain.doFilter(FilterChainProxy.java:374)
	at org.springframework.security.web.context.request.async.WebAsyncManagerIntegrationFilter.doFilterInternal(WebAsyncManagerIntegrationFilter.java:62)
	at org.springframework.web.filter.OncePerRequestFilter.doFilter(OncePerRequestFilter.java:116)
	at org.springframework.security.web.FilterChainProxy$VirtualFilterChain.doFilter(FilterChainProxy.java:374)
	at org.springframework.security.web.session.DisableEncodeUrlFilter.doFilterInternal(DisableEncodeUrlFilter.java:42)
	at org.springframework.web.filter.OncePerRequestFilter.doFilter(OncePerRequestFilter.java:116)
	at org.springframework.security.web.FilterChainProxy$VirtualFilterChain.doFilter(FilterChainProxy.java:374)
	at org.springframework.security.web.FilterChainProxy.doFilterInternal(FilterChainProxy.java:233)
	at org.springframework.security.web.FilterChainProxy.doFilter(FilterChainProxy.java:191)
	at org.springframework.web.filter.CompositeFilter$VirtualFilterChain.doFilter(CompositeFilter.java:113)
	at org.springframework.web.filter.ServletRequestPathFilter.doFilter(ServletRequestPathFilter.java:52)
	at org.springframework.web.filter.CompositeFilter$VirtualFilterChain.doFilter(CompositeFilter.java:113)
	at org.springframework.web.filter.CompositeFilter.doFilter(CompositeFilter.java:74)
	at org.springframework.security.config.annotation.web.configuration.WebSecurityConfiguration$CompositeFilterChainProxy.doFilter(WebSecurityConfiguration.java:319)
	at org.springframework.web.filter.CompositeFilter$VirtualFilterChain.doFilter(CompositeFilter.java:113)
	at org.springframework.web.servlet.handler.HandlerMappingIntrospector.lambda$createCacheFilter$4(HandlerMappingIntrospector.java:267)
	at org.springframework.web.filter.CompositeFilter$VirtualFilterChain.doFilter(CompositeFilter.java:113)
	at org.springframework.web.filter.CompositeFilter.doFilter(CompositeFilter.java:74)
	at org.springframework.security.config.annotation.web.configuration.WebMvcSecurityConfiguration$CompositeFilterChainProxy.doFilter(WebMvcSecurityConfiguration.java:240)
	at org.springframework.web.filter.DelegatingFilterProxy.invokeDelegate(DelegatingFilterProxy.java:362)
	at org.springframework.web.filter.DelegatingFilterProxy.doFilter(DelegatingFilterProxy.java:278)
	at org.apache.catalina.core.ApplicationFilterChain.internalDoFilter(ApplicationFilterChain.java:162)
	at org.apache.catalina.core.ApplicationFilterChain.doFilter(ApplicationFilterChain.java:138)
	at org.springframework.web.filter.RequestContextFilter.doFilterInternal(RequestContextFilter.java:100)
	at org.springframework.web.filter.OncePerRequestFilter.doFilter(OncePerRequestFilter.java:116)
	at org.apache.catalina.core.ApplicationFilterChain.internalDoFilter(ApplicationFilterChain.java:162)
	at org.apache.catalina.core.ApplicationFilterChain.doFilter(ApplicationFilterChain.java:138)
	at org.springframework.web.filter.FormContentFilter.doFilterInternal(FormContentFilter.java:93)
	at org.springframework.web.filter.OncePerRequestFilter.doFilter(OncePerRequestFilter.java:116)
	at org.apache.catalina.core.ApplicationFilterChain.internalDoFilter(ApplicationFilterChain.java:162)
	at org.apache.catalina.core.ApplicationFilterChain.doFilter(ApplicationFilterChain.java:138)
	at org.springframework.web.filter.CharacterEncodingFilter.doFilterInternal(CharacterEncodingFilter.java:201)
	at org.springframework.web.filter.OncePerRequestFilter.doFilter(OncePerRequestFilter.java:116)
	at org.apache.catalina.core.ApplicationFilterChain.internalDoFilter(ApplicationFilterChain.java:162)
	at org.apache.catalina.core.ApplicationFilterChain.doFilter(ApplicationFilterChain.java:138)
	at org.apache.catalina.core.StandardWrapperValve.invoke(StandardWrapperValve.java:165)
	at org.apache.catalina.core.StandardContextValve.invoke(StandardContextValve.java:88)
	at org.apache.catalina.authenticator.AuthenticatorBase.invoke(AuthenticatorBase.java:492)
	at org.apache.catalina.core.StandardHostValve.invoke(StandardHostValve.java:113)
	at org.apache.catalina.valves.ErrorReportValve.invoke(ErrorReportValve.java:83)
	at org.apache.catalina.core.StandardEngineValve.invoke(StandardEngineValve.java:72)
	at org.apache.catalina.connector.CoyoteAdapter.service(CoyoteAdapter.java:342)
	at org.apache.coyote.http11.Http11Processor.service(Http11Processor.java:399)
	at org.apache.coyote.AbstractProcessorLight.process(AbstractProcessorLight.java:63)
	at org.apache.coyote.AbstractProtocol$ConnectionHandler.process(AbstractProtocol.java:903)
	at org.apache.tomcat.util.net.NioEndpoint$SocketProcessor.doRun(NioEndpoint.java:1775)
	at org.apache.tomcat.util.net.SocketProcessorBase.run(SocketProcessorBase.java:52)
	at org.apache.tomcat.util.threads.ThreadPoolExecutor.runWorker(ThreadPoolExecutor.java:973)
	at org.apache.tomcat.util.threads.ThreadPoolExecutor$Worker.run(ThreadPoolExecutor.java:491)
	at org.apache.tomcat.util.threads.TaskThread$WrappingRunnable.run(TaskThread.java:63)
	at java.base/java.lang.Thread.run(Thread.java:840)
19:38:00.803 -------- [http-nio-8080-exec-1] --- DEBUG --- o.s.s.w.a.AnonymousAuthenticationFilter -------- Set SecurityContextHolder to anonymous SecurityContext 
19:38:33.384 -------- [http-nio-8080-exec-5] --- DEBUG --- o.s.security.web.FilterChainProxy -------- Securing POST /public/login 
19:38:33.385 -------- [http-nio-8080-exec-5] --- DEBUG --- o.s.security.web.FilterChainProxy -------- Secured POST /public/login 
19:38:33.588 -------- [http-nio-8080-exec-5] --- DEBUG --- o.s.s.a.d.DaoAuthenticationProvider -------- Failed to find user 'NONE_PROVIDED' 
19:38:33.589 -------- [http-nio-8080-exec-5] --- DEBUG --- o.s.s.authentication.ProviderManager -------- Authentication failed with provider DaoAuthenticationProvider since Bad credentials 
19:38:33.589 -------- [http-nio-8080-exec-5] --- ERROR --- c.a.j.controller.PublicController -------- Exception while createAuthentication token  
org.springframework.security.authentication.BadCredentialsException: Bad credentials
	at org.springframework.security.authentication.dao.AbstractUserDetailsAuthenticationProvider.authenticate(AbstractUserDetailsAuthenticationProvider.java:144)
	at org.springframework.security.authentication.ProviderManager.authenticate(ProviderManager.java:182)
	at com.app.journal.controller.PublicController.login(PublicController.java:41)
	at java.base/jdk.internal.reflect.NativeMethodAccessorImpl.invoke0(Native Method)
	at java.base/jdk.internal.reflect.NativeMethodAccessorImpl.invoke(NativeMethodAccessorImpl.java:77)
	at java.base/jdk.internal.reflect.DelegatingMethodAccessorImpl.invoke(DelegatingMethodAccessorImpl.java:43)
	at java.base/java.lang.reflect.Method.invoke(Method.java:569)
	at org.springframework.web.method.support.InvocableHandlerMethod.doInvoke(InvocableHandlerMethod.java:258)
	at org.springframework.web.method.support.InvocableHandlerMethod.invokeForRequest(InvocableHandlerMethod.java:191)
	at org.springframework.web.servlet.mvc.method.annotation.ServletInvocableHandlerMethod.invokeAndHandle(ServletInvocableHandlerMethod.java:118)
	at org.springframework.web.servlet.mvc.method.annotation.RequestMappingHandlerAdapter.invokeHandlerMethod(RequestMappingHandlerAdapter.java:991)
	at org.springframework.web.servlet.mvc.method.annotation.RequestMappingHandlerAdapter.handleInternal(RequestMappingHandlerAdapter.java:896)
	at org.springframework.web.servlet.mvc.method.AbstractHandlerMethodAdapter.handle(AbstractHandlerMethodAdapter.java:87)
	at org.springframework.web.servlet.DispatcherServlet.doDispatch(DispatcherServlet.java:1089)
	at org.springframework.web.servlet.DispatcherServlet.doService(DispatcherServlet.java:979)
	at org.springframework.web.servlet.FrameworkServlet.processRequest(FrameworkServlet.java:1014)
	at org.springframework.web.servlet.FrameworkServlet.doPost(FrameworkServlet.java:914)
	at jakarta.servlet.http.HttpServlet.service(HttpServlet.java:590)
	at org.springframework.web.servlet.FrameworkServlet.service(FrameworkServlet.java:885)
	at jakarta.servlet.http.HttpServlet.service(HttpServlet.java:658)
	at org.apache.catalina.core.ApplicationFilterChain.internalDoFilter(ApplicationFilterChain.java:193)
	at org.apache.catalina.core.ApplicationFilterChain.doFilter(ApplicationFilterChain.java:138)
	at org.apache.tomcat.websocket.server.WsFilter.doFilter(WsFilter.java:51)
	at org.apache.catalina.core.ApplicationFilterChain.internalDoFilter(ApplicationFilterChain.java:162)
	at org.apache.catalina.core.ApplicationFilterChain.doFilter(ApplicationFilterChain.java:138)
	at org.springframework.web.filter.CompositeFilter$VirtualFilterChain.doFilter(CompositeFilter.java:108)
	at org.springframework.web.filter.CompositeFilter$VirtualFilterChain.doFilter(CompositeFilter.java:108)
	at org.springframework.security.web.FilterChainProxy.lambda$doFilterInternal$3(FilterChainProxy.java:231)
	at org.springframework.security.web.FilterChainProxy$VirtualFilterChain.doFilter(FilterChainProxy.java:365)
	at org.springframework.security.web.access.intercept.AuthorizationFilter.doFilter(AuthorizationFilter.java:101)
	at org.springframework.security.web.FilterChainProxy$VirtualFilterChain.doFilter(FilterChainProxy.java:374)
	at org.springframework.security.web.access.ExceptionTranslationFilter.doFilter(ExceptionTranslationFilter.java:125)
	at org.springframework.security.web.access.ExceptionTranslationFilter.doFilter(ExceptionTranslationFilter.java:119)
	at org.springframework.security.web.FilterChainProxy$VirtualFilterChain.doFilter(FilterChainProxy.java:374)
	at org.springframework.security.web.authentication.AnonymousAuthenticationFilter.doFilter(AnonymousAuthenticationFilter.java:100)
	at org.springframework.security.web.FilterChainProxy$VirtualFilterChain.doFilter(FilterChainProxy.java:374)
	at org.springframework.security.web.servletapi.SecurityContextHolderAwareRequestFilter.doFilter(SecurityContextHolderAwareRequestFilter.java:179)
	at org.springframework.security.web.FilterChainProxy$VirtualFilterChain.doFilter(FilterChainProxy.java:374)
	at org.springframework.security.web.savedrequest.RequestCacheAwareFilter.doFilter(RequestCacheAwareFilter.java:63)
	at org.springframework.security.web.FilterChainProxy$VirtualFilterChain.doFilter(FilterChainProxy.java:374)
	at org.springframework.security.web.authentication.www.BasicAuthenticationFilter.doFilterInternal(BasicAuthenticationFilter.java:181)
	at org.springframework.web.filter.OncePerRequestFilter.doFilter(OncePerRequestFilter.java:116)
	at org.springframework.security.web.FilterChainProxy$VirtualFilterChain.doFilter(FilterChainProxy.java:374)
	at org.springframework.security.web.authentication.logout.LogoutFilter.doFilter(LogoutFilter.java:107)
	at org.springframework.security.web.authentication.logout.LogoutFilter.doFilter(LogoutFilter.java:93)
	at org.springframework.security.web.FilterChainProxy$VirtualFilterChain.doFilter(FilterChainProxy.java:374)
	at org.springframework.security.web.header.HeaderWriterFilter.doHeadersAfter(HeaderWriterFilter.java:90)
	at org.springframework.security.web.header.HeaderWriterFilter.doFilterInternal(HeaderWriterFilter.java:75)
	at org.springframework.web.filter.OncePerRequestFilter.doFilter(OncePerRequestFilter.java:116)
	at org.springframework.security.web.FilterChainProxy$VirtualFilterChain.doFilter(FilterChainProxy.java:374)
	at org.springframework.security.web.context.SecurityContextHolderFilter.doFilter(SecurityContextHolderFilter.java:82)
	at org.springframework.security.web.context.SecurityContextHolderFilter.doFilter(SecurityContextHolderFilter.java:69)
	at org.springframework.security.web.FilterChainProxy$VirtualFilterChain.doFilter(FilterChainProxy.java:374)
	at org.springframework.security.web.context.request.async.WebAsyncManagerIntegrationFilter.doFilterInternal(WebAsyncManagerIntegrationFilter.java:62)
	at org.springframework.web.filter.OncePerRequestFilter.doFilter(OncePerRequestFilter.java:116)
	at org.springframework.security.web.FilterChainProxy$VirtualFilterChain.doFilter(FilterChainProxy.java:374)
	at org.springframework.security.web.session.DisableEncodeUrlFilter.doFilterInternal(DisableEncodeUrlFilter.java:42)
	at org.springframework.web.filter.OncePerRequestFilter.doFilter(OncePerRequestFilter.java:116)
	at org.springframework.security.web.FilterChainProxy$VirtualFilterChain.doFilter(FilterChainProxy.java:374)
	at org.springframework.security.web.FilterChainProxy.doFilterInternal(FilterChainProxy.java:233)
	at org.springframework.security.web.FilterChainProxy.doFilter(FilterChainProxy.java:191)
	at org.springframework.web.filter.CompositeFilter$VirtualFilterChain.doFilter(CompositeFilter.java:113)
	at org.springframework.web.filter.ServletRequestPathFilter.doFilter(ServletRequestPathFilter.java:52)
	at org.springframework.web.filter.CompositeFilter$VirtualFilterChain.doFilter(CompositeFilter.java:113)
	at org.springframework.web.filter.CompositeFilter.doFilter(CompositeFilter.java:74)
	at org.springframework.security.config.annotation.web.configuration.WebSecurityConfiguration$CompositeFilterChainProxy.doFilter(WebSecurityConfiguration.java:319)
	at org.springframework.web.filter.CompositeFilter$VirtualFilterChain.doFilter(CompositeFilter.java:113)
	at org.springframework.web.servlet.handler.HandlerMappingIntrospector.lambda$createCacheFilter$4(HandlerMappingIntrospector.java:267)
	at org.springframework.web.filter.CompositeFilter$VirtualFilterChain.doFilter(CompositeFilter.java:113)
	at org.springframework.web.filter.CompositeFilter.doFilter(CompositeFilter.java:74)
	at org.springframework.security.config.annotation.web.configuration.WebMvcSecurityConfiguration$CompositeFilterChainProxy.doFilter(WebMvcSecurityConfiguration.java:240)
	at org.springframework.web.filter.DelegatingFilterProxy.invokeDelegate(DelegatingFilterProxy.java:362)
	at org.springframework.web.filter.DelegatingFilterProxy.doFilter(DelegatingFilterProxy.java:278)
	at org.apache.catalina.core.ApplicationFilterChain.internalDoFilter(ApplicationFilterChain.java:162)
	at org.apache.catalina.core.ApplicationFilterChain.doFilter(ApplicationFilterChain.java:138)
	at org.springframework.web.filter.RequestContextFilter.doFilterInternal(RequestContextFilter.java:100)
	at org.springframework.web.filter.OncePerRequestFilter.doFilter(OncePerRequestFilter.java:116)
	at org.apache.catalina.core.ApplicationFilterChain.internalDoFilter(ApplicationFilterChain.java:162)
	at org.apache.catalina.core.ApplicationFilterChain.doFilter(ApplicationFilterChain.java:138)
	at org.springframework.web.filter.FormContentFilter.doFilterInternal(FormContentFilter.java:93)
	at org.springframework.web.filter.OncePerRequestFilter.doFilter(OncePerRequestFilter.java:116)
	at org.apache.catalina.core.ApplicationFilterChain.internalDoFilter(ApplicationFilterChain.java:162)
	at org.apache.catalina.core.ApplicationFilterChain.doFilter(ApplicationFilterChain.java:138)
	at org.springframework.web.filter.CharacterEncodingFilter.doFilterInternal(CharacterEncodingFilter.java:201)
	at org.springframework.web.filter.OncePerRequestFilter.doFilter(OncePerRequestFilter.java:116)
	at org.apache.catalina.core.ApplicationFilterChain.internalDoFilter(ApplicationFilterChain.java:162)
	at org.apache.catalina.core.ApplicationFilterChain.doFilter(ApplicationFilterChain.java:138)
	at org.apache.catalina.core.StandardWrapperValve.invoke(StandardWrapperValve.java:165)
	at org.apache.catalina.core.StandardContextValve.invoke(StandardContextValve.java:88)
	at org.apache.catalina.authenticator.AuthenticatorBase.invoke(AuthenticatorBase.java:492)
	at org.apache.catalina.core.StandardHostValve.invoke(StandardHostValve.java:113)
	at org.apache.catalina.valves.ErrorReportValve.invoke(ErrorReportValve.java:83)
	at org.apache.catalina.core.StandardEngineValve.invoke(StandardEngineValve.java:72)
	at org.apache.catalina.connector.CoyoteAdapter.service(CoyoteAdapter.java:342)
	at org.apache.coyote.http11.Http11Processor.service(Http11Processor.java:399)
	at org.apache.coyote.AbstractProcessorLight.process(AbstractProcessorLight.java:63)
	at org.apache.coyote.AbstractProtocol$ConnectionHandler.process(AbstractProtocol.java:903)
	at org.apache.tomcat.util.net.NioEndpoint$SocketProcessor.doRun(NioEndpoint.java:1775)
	at org.apache.tomcat.util.net.SocketProcessorBase.run(SocketProcessorBase.java:52)
	at org.apache.tomcat.util.threads.ThreadPoolExecutor.runWorker(ThreadPoolExecutor.java:973)
	at org.apache.tomcat.util.threads.ThreadPoolExecutor$Worker.run(ThreadPoolExecutor.java:491)
	at org.apache.tomcat.util.threads.TaskThread$WrappingRunnable.run(TaskThread.java:63)
	at java.base/java.lang.Thread.run(Thread.java:840)
19:38:33.592 -------- [http-nio-8080-exec-5] --- DEBUG --- o.s.s.w.a.AnonymousAuthenticationFilter -------- Set SecurityContextHolder to anonymous SecurityContext 
19:39:07.675 -------- [http-nio-8080-exec-3] --- DEBUG --- o.s.security.web.FilterChainProxy -------- Securing POST /public/login 
19:39:07.676 -------- [http-nio-8080-exec-3] --- DEBUG --- o.s.security.web.FilterChainProxy -------- Secured POST /public/login 
19:39:07.927 -------- [http-nio-8080-exec-3] --- DEBUG --- o.s.s.a.d.DaoAuthenticationProvider -------- Failed to find user 'NONE_PROVIDED' 
19:39:07.928 -------- [http-nio-8080-exec-3] --- DEBUG --- o.s.s.authentication.ProviderManager -------- Authentication failed with provider DaoAuthenticationProvider since Bad credentials 
19:39:07.928 -------- [http-nio-8080-exec-3] --- ERROR --- c.a.j.controller.PublicController -------- Exception while createAuthentication token  
org.springframework.security.authentication.BadCredentialsException: Bad credentials
	at org.springframework.security.authentication.dao.AbstractUserDetailsAuthenticationProvider.authenticate(AbstractUserDetailsAuthenticationProvider.java:144)
	at org.springframework.security.authentication.ProviderManager.authenticate(ProviderManager.java:182)
	at com.app.journal.controller.PublicController.login(PublicController.java:41)
	at java.base/jdk.internal.reflect.NativeMethodAccessorImpl.invoke0(Native Method)
	at java.base/jdk.internal.reflect.NativeMethodAccessorImpl.invoke(NativeMethodAccessorImpl.java:77)
	at java.base/jdk.internal.reflect.DelegatingMethodAccessorImpl.invoke(DelegatingMethodAccessorImpl.java:43)
	at java.base/java.lang.reflect.Method.invoke(Method.java:569)
	at org.springframework.web.method.support.InvocableHandlerMethod.doInvoke(InvocableHandlerMethod.java:258)
	at org.springframework.web.method.support.InvocableHandlerMethod.invokeForRequest(InvocableHandlerMethod.java:191)
	at org.springframework.web.servlet.mvc.method.annotation.ServletInvocableHandlerMethod.invokeAndHandle(ServletInvocableHandlerMethod.java:118)
	at org.springframework.web.servlet.mvc.method.annotation.RequestMappingHandlerAdapter.invokeHandlerMethod(RequestMappingHandlerAdapter.java:991)
	at org.springframework.web.servlet.mvc.method.annotation.RequestMappingHandlerAdapter.handleInternal(RequestMappingHandlerAdapter.java:896)
	at org.springframework.web.servlet.mvc.method.AbstractHandlerMethodAdapter.handle(AbstractHandlerMethodAdapter.java:87)
	at org.springframework.web.servlet.DispatcherServlet.doDispatch(DispatcherServlet.java:1089)
	at org.springframework.web.servlet.DispatcherServlet.doService(DispatcherServlet.java:979)
	at org.springframework.web.servlet.FrameworkServlet.processRequest(FrameworkServlet.java:1014)
	at org.springframework.web.servlet.FrameworkServlet.doPost(FrameworkServlet.java:914)
	at jakarta.servlet.http.HttpServlet.service(HttpServlet.java:590)
	at org.springframework.web.servlet.FrameworkServlet.service(FrameworkServlet.java:885)
	at jakarta.servlet.http.HttpServlet.service(HttpServlet.java:658)
	at org.apache.catalina.core.ApplicationFilterChain.internalDoFilter(ApplicationFilterChain.java:193)
	at org.apache.catalina.core.ApplicationFilterChain.doFilter(ApplicationFilterChain.java:138)
	at org.apache.tomcat.websocket.server.WsFilter.doFilter(WsFilter.java:51)
	at org.apache.catalina.core.ApplicationFilterChain.internalDoFilter(ApplicationFilterChain.java:162)
	at org.apache.catalina.core.ApplicationFilterChain.doFilter(ApplicationFilterChain.java:138)
	at org.springframework.web.filter.CompositeFilter$VirtualFilterChain.doFilter(CompositeFilter.java:108)
	at org.springframework.web.filter.CompositeFilter$VirtualFilterChain.doFilter(CompositeFilter.java:108)
	at org.springframework.security.web.FilterChainProxy.lambda$doFilterInternal$3(FilterChainProxy.java:231)
	at org.springframework.security.web.FilterChainProxy$VirtualFilterChain.doFilter(FilterChainProxy.java:365)
	at org.springframework.security.web.access.intercept.AuthorizationFilter.doFilter(AuthorizationFilter.java:101)
	at org.springframework.security.web.FilterChainProxy$VirtualFilterChain.doFilter(FilterChainProxy.java:374)
	at org.springframework.security.web.access.ExceptionTranslationFilter.doFilter(ExceptionTranslationFilter.java:125)
	at org.springframework.security.web.access.ExceptionTranslationFilter.doFilter(ExceptionTranslationFilter.java:119)
	at org.springframework.security.web.FilterChainProxy$VirtualFilterChain.doFilter(FilterChainProxy.java:374)
	at org.springframework.security.web.authentication.AnonymousAuthenticationFilter.doFilter(AnonymousAuthenticationFilter.java:100)
	at org.springframework.security.web.FilterChainProxy$VirtualFilterChain.doFilter(FilterChainProxy.java:374)
	at org.springframework.security.web.servletapi.SecurityContextHolderAwareRequestFilter.doFilter(SecurityContextHolderAwareRequestFilter.java:179)
	at org.springframework.security.web.FilterChainProxy$VirtualFilterChain.doFilter(FilterChainProxy.java:374)
	at org.springframework.security.web.savedrequest.RequestCacheAwareFilter.doFilter(RequestCacheAwareFilter.java:63)
	at org.springframework.security.web.FilterChainProxy$VirtualFilterChain.doFilter(FilterChainProxy.java:374)
	at org.springframework.security.web.authentication.www.BasicAuthenticationFilter.doFilterInternal(BasicAuthenticationFilter.java:181)
	at org.springframework.web.filter.OncePerRequestFilter.doFilter(OncePerRequestFilter.java:116)
	at org.springframework.security.web.FilterChainProxy$VirtualFilterChain.doFilter(FilterChainProxy.java:374)
	at org.springframework.security.web.authentication.logout.LogoutFilter.doFilter(LogoutFilter.java:107)
	at org.springframework.security.web.authentication.logout.LogoutFilter.doFilter(LogoutFilter.java:93)
	at org.springframework.security.web.FilterChainProxy$VirtualFilterChain.doFilter(FilterChainProxy.java:374)
	at org.springframework.security.web.header.HeaderWriterFilter.doHeadersAfter(HeaderWriterFilter.java:90)
	at org.springframework.security.web.header.HeaderWriterFilter.doFilterInternal(HeaderWriterFilter.java:75)
	at org.springframework.web.filter.OncePerRequestFilter.doFilter(OncePerRequestFilter.java:116)
	at org.springframework.security.web.FilterChainProxy$VirtualFilterChain.doFilter(FilterChainProxy.java:374)
	at org.springframework.security.web.context.SecurityContextHolderFilter.doFilter(SecurityContextHolderFilter.java:82)
	at org.springframework.security.web.context.SecurityContextHolderFilter.doFilter(SecurityContextHolderFilter.java:69)
	at org.springframework.security.web.FilterChainProxy$VirtualFilterChain.doFilter(FilterChainProxy.java:374)
	at org.springframework.security.web.context.request.async.WebAsyncManagerIntegrationFilter.doFilterInternal(WebAsyncManagerIntegrationFilter.java:62)
	at org.springframework.web.filter.OncePerRequestFilter.doFilter(OncePerRequestFilter.java:116)
	at org.springframework.security.web.FilterChainProxy$VirtualFilterChain.doFilter(FilterChainProxy.java:374)
	at org.springframework.security.web.session.DisableEncodeUrlFilter.doFilterInternal(DisableEncodeUrlFilter.java:42)
	at org.springframework.web.filter.OncePerRequestFilter.doFilter(OncePerRequestFilter.java:116)
	at org.springframework.security.web.FilterChainProxy$VirtualFilterChain.doFilter(FilterChainProxy.java:374)
	at org.springframework.security.web.FilterChainProxy.doFilterInternal(FilterChainProxy.java:233)
	at org.springframework.security.web.FilterChainProxy.doFilter(FilterChainProxy.java:191)
	at org.springframework.web.filter.CompositeFilter$VirtualFilterChain.doFilter(CompositeFilter.java:113)
	at org.springframework.web.filter.ServletRequestPathFilter.doFilter(ServletRequestPathFilter.java:52)
	at org.springframework.web.filter.CompositeFilter$VirtualFilterChain.doFilter(CompositeFilter.java:113)
	at org.springframework.web.filter.CompositeFilter.doFilter(CompositeFilter.java:74)
	at org.springframework.security.config.annotation.web.configuration.WebSecurityConfiguration$CompositeFilterChainProxy.doFilter(WebSecurityConfiguration.java:319)
	at org.springframework.web.filter.CompositeFilter$VirtualFilterChain.doFilter(CompositeFilter.java:113)
	at org.springframework.web.servlet.handler.HandlerMappingIntrospector.lambda$createCacheFilter$4(HandlerMappingIntrospector.java:267)
	at org.springframework.web.filter.CompositeFilter$VirtualFilterChain.doFilter(CompositeFilter.java:113)
	at org.springframework.web.filter.CompositeFilter.doFilter(CompositeFilter.java:74)
	at org.springframework.security.config.annotation.web.configuration.WebMvcSecurityConfiguration$CompositeFilterChainProxy.doFilter(WebMvcSecurityConfiguration.java:240)
	at org.springframework.web.filter.DelegatingFilterProxy.invokeDelegate(DelegatingFilterProxy.java:362)
	at org.springframework.web.filter.DelegatingFilterProxy.doFilter(DelegatingFilterProxy.java:278)
	at org.apache.catalina.core.ApplicationFilterChain.internalDoFilter(ApplicationFilterChain.java:162)
	at org.apache.catalina.core.ApplicationFilterChain.doFilter(ApplicationFilterChain.java:138)
	at org.springframework.web.filter.RequestContextFilter.doFilterInternal(RequestContextFilter.java:100)
	at org.springframework.web.filter.OncePerRequestFilter.doFilter(OncePerRequestFilter.java:116)
	at org.apache.catalina.core.ApplicationFilterChain.internalDoFilter(ApplicationFilterChain.java:162)
	at org.apache.catalina.core.ApplicationFilterChain.doFilter(ApplicationFilterChain.java:138)
	at org.springframework.web.filter.FormContentFilter.doFilterInternal(FormContentFilter.java:93)
	at org.springframework.web.filter.OncePerRequestFilter.doFilter(OncePerRequestFilter.java:116)
	at org.apache.catalina.core.ApplicationFilterChain.internalDoFilter(ApplicationFilterChain.java:162)
	at org.apache.catalina.core.ApplicationFilterChain.doFilter(ApplicationFilterChain.java:138)
	at org.springframework.web.filter.CharacterEncodingFilter.doFilterInternal(CharacterEncodingFilter.java:201)
	at org.springframework.web.filter.OncePerRequestFilter.doFilter(OncePerRequestFilter.java:116)
	at org.apache.catalina.core.ApplicationFilterChain.internalDoFilter(ApplicationFilterChain.java:162)
	at org.apache.catalina.core.ApplicationFilterChain.doFilter(ApplicationFilterChain.java:138)
	at org.apache.catalina.core.StandardWrapperValve.invoke(StandardWrapperValve.java:165)
	at org.apache.catalina.core.StandardContextValve.invoke(StandardContextValve.java:88)
	at org.apache.catalina.authenticator.AuthenticatorBase.invoke(AuthenticatorBase.java:492)
	at org.apache.catalina.core.StandardHostValve.invoke(StandardHostValve.java:113)
	at org.apache.catalina.valves.ErrorReportValve.invoke(ErrorReportValve.java:83)
	at org.apache.catalina.core.StandardEngineValve.invoke(StandardEngineValve.java:72)
	at org.apache.catalina.connector.CoyoteAdapter.service(CoyoteAdapter.java:342)
	at org.apache.coyote.http11.Http11Processor.service(Http11Processor.java:399)
	at org.apache.coyote.AbstractProcessorLight.process(AbstractProcessorLight.java:63)
	at org.apache.coyote.AbstractProtocol$ConnectionHandler.process(AbstractProtocol.java:903)
	at org.apache.tomcat.util.net.NioEndpoint$SocketProcessor.doRun(NioEndpoint.java:1775)
	at org.apache.tomcat.util.net.SocketProcessorBase.run(SocketProcessorBase.java:52)
	at org.apache.tomcat.util.threads.ThreadPoolExecutor.runWorker(ThreadPoolExecutor.java:973)
	at org.apache.tomcat.util.threads.ThreadPoolExecutor$Worker.run(ThreadPoolExecutor.java:491)
	at org.apache.tomcat.util.threads.TaskThread$WrappingRunnable.run(TaskThread.java:63)
	at java.base/java.lang.Thread.run(Thread.java:840)
19:39:07.932 -------- [http-nio-8080-exec-3] --- DEBUG --- o.s.s.w.a.AnonymousAuthenticationFilter -------- Set SecurityContextHolder to anonymous SecurityContext 
19:41:35.918 -------- [http-nio-8080-exec-8] --- DEBUG --- o.s.security.web.FilterChainProxy -------- Securing POST /public/login 
19:41:35.919 -------- [http-nio-8080-exec-8] --- DEBUG --- o.s.security.web.FilterChainProxy -------- Secured POST /public/login 
19:41:36.045 -------- [http-nio-8080-exec-8] --- DEBUG --- o.s.s.a.d.DaoAuthenticationProvider -------- Authenticated user 
19:41:36.170 -------- [http-nio-8080-exec-8] --- DEBUG --- o.s.s.w.a.AnonymousAuthenticationFilter -------- Set SecurityContextHolder to anonymous SecurityContext 
19:46:22.916 -------- [SpringApplicationShutdownHook] --- INFO  --- o.s.b.w.e.tomcat.GracefulShutdown -------- Commencing graceful shutdown. Waiting for active requests to complete 
19:46:23.060 -------- [tomcat-shutdown] --- INFO  --- o.s.b.w.e.tomcat.GracefulShutdown -------- Graceful shutdown complete 
19:46:27.477 -------- [restartedMain] --- INFO  --- c.app.journal.JournalAppApplication -------- Starting JournalAppApplication using Java 17.0.18 with PID 6932 (C:\Users\hp\Desktop\Study\Java-programs\JournalApplication\journal\target\classes started by hp in C:\Users\hp\Desktop\Study\Java-programs\JournalApplication) 
19:46:27.479 -------- [restartedMain] --- DEBUG --- c.app.journal.JournalAppApplication -------- Running with Spring Boot v3.5.11, Spring v6.2.16 
19:46:27.480 -------- [restartedMain] --- INFO  --- c.app.journal.JournalAppApplication -------- No active profile set, falling back to 1 default profile: "default" 
19:46:27.546 -------- [restartedMain] --- INFO  --- o.s.b.d.e.DevToolsPropertyDefaultsPostProcessor -------- Devtools property defaults active! Set 'spring.devtools.add-properties' to 'false' to disable 
19:46:27.546 -------- [restartedMain] --- INFO  --- o.s.b.d.e.DevToolsPropertyDefaultsPostProcessor -------- For additional web related logging consider setting the 'logging.level.web' property to 'DEBUG' 
19:46:28.431 -------- [restartedMain] --- INFO  --- o.s.d.r.c.RepositoryConfigurationDelegate -------- Multiple Spring Data modules found, entering strict repository configuration mode 
19:46:28.431 -------- [restartedMain] --- INFO  --- o.s.d.r.c.RepositoryConfigurationDelegate -------- Bootstrapping Spring Data MongoDB repositories in DEFAULT mode. 
19:46:28.546 -------- [restartedMain] --- INFO  --- o.s.d.r.c.RepositoryConfigurationDelegate -------- Finished Spring Data repository scanning in 108 ms. Found 3 MongoDB repository interfaces. 
19:46:28.561 -------- [restartedMain] --- INFO  --- o.s.d.r.c.RepositoryConfigurationDelegate -------- Multiple Spring Data modules found, entering strict repository configuration mode 
19:46:28.563 -------- [restartedMain] --- INFO  --- o.s.d.r.c.RepositoryConfigurationDelegate -------- Bootstrapping Spring Data Redis repositories in DEFAULT mode. 
19:46:28.577 -------- [restartedMain] --- INFO  --- o.s.d.r.c.RepositoryConfigurationExtensionSupport -------- Spring Data Redis - Could not safely identify store assignment for repository candidate interface com.app.journal.repository.ConfigJournalAppRepository; If you want this repository to be a Redis repository, consider annotating your entities with one of these annotations: org.springframework.data.redis.core.RedisHash (preferred), or consider extending one of the following types with your repository: org.springframework.data.keyvalue.repository.KeyValueRepository 
19:46:28.578 -------- [restartedMain] --- INFO  --- o.s.d.r.c.RepositoryConfigurationExtensionSupport -------- Spring Data Redis - Could not safely identify store assignment for repository candidate interface com.app.journal.repository.JournalEntryRepository; If you want this repository to be a Redis repository, consider annotating your entities with one of these annotations: org.springframework.data.redis.core.RedisHash (preferred), or consider extending one of the following types with your repository: org.springframework.data.keyvalue.repository.KeyValueRepository 
19:46:28.578 -------- [restartedMain] --- INFO  --- o.s.d.r.c.RepositoryConfigurationExtensionSupport -------- Spring Data Redis - Could not safely identify store assignment for repository candidate interface com.app.journal.repository.UserRepository; If you want this repository to be a Redis repository, consider annotating your entities with one of these annotations: org.springframework.data.redis.core.RedisHash (preferred), or consider extending one of the following types with your repository: org.springframework.data.keyvalue.repository.KeyValueRepository 
19:46:28.578 -------- [restartedMain] --- INFO  --- o.s.d.r.c.RepositoryConfigurationDelegate -------- Finished Spring Data repository scanning in 7 ms. Found 0 Redis repository interfaces. 
19:46:29.213 -------- [restartedMain] --- INFO  --- o.s.b.w.e.tomcat.TomcatWebServer -------- Tomcat initialized with port 8080 (http) 
19:46:29.227 -------- [restartedMain] --- INFO  --- o.a.coyote.http11.Http11NioProtocol -------- Initializing ProtocolHandler ["http-nio-8080"] 
19:46:29.229 -------- [restartedMain] --- INFO  --- o.a.catalina.core.StandardService -------- Starting service [Tomcat] 
19:46:29.230 -------- [restartedMain] --- INFO  --- o.a.catalina.core.StandardEngine -------- Starting Servlet engine: [Apache Tomcat/10.1.52] 
19:46:29.275 -------- [restartedMain] --- INFO  --- o.a.c.c.C.[Tomcat].[localhost].[/] -------- Initializing Spring embedded WebApplicationContext 
19:46:29.277 -------- [restartedMain] --- INFO  --- o.s.b.w.s.c.ServletWebServerApplicationContext -------- Root WebApplicationContext: initialization completed in 1729 ms 
19:46:29.627 -------- [restartedMain] --- INFO  --- org.mongodb.driver.client -------- MongoClient with metadata {"application": {"name": "Cluster0"}, "driver": {"name": "mongo-java-driver|sync|spring-boot", "version": "5.5.2"}, "os": {"type": "Windows", "name": "Windows 11", "architecture": "amd64", "version": "10.0"}, "platform": "Java/Microsoft/17.0.18+8-LTS"} created with settings MongoClientSettings{readPreference=primary, writeConcern=WriteConcern{w=null, wTimeout=null ms, journal=null}, retryWrites=true, retryReads=true, readConcern=ReadConcern{level=null}, credential=MongoCredential{mechanism=null, userName='mailmerajansari_db_user', source='admin', password=<hidden>, mechanismProperties=<hidden>}, transportSettings=null, commandListeners=[], codecRegistry=ProvidersCodecRegistry{codecProviders=[ValueCodecProvider{}, BsonValueCodecProvider{}, DBRefCodecProvider{}, DBObjectCodecProvider{}, DocumentCodecProvider{}, CollectionCodecProvider{}, IterableCodecProvider{}, MapCodecProvider{}, GeoJsonCodecProvider{}, GridFSFileCodecProvider{}, Jsr310CodecProvider{}, JsonObjectCodecProvider{}, BsonCodecProvider{}, EnumCodecProvider{}, com.mongodb.client.model.mql.ExpressionCodecProvider@9351bf, com.mongodb.Jep395RecordCodecProvider@72df0f9a, com.mongodb.KotlinCodecProvider@62020879]}, loggerSettings=LoggerSettings{maxDocumentLength=1000}, clusterSettings={hosts=[127.0.0.1:27017], srvHost=cluster0.b7jb1jb.mongodb.net, srvServiceName=mongodb, mode=MULTIPLE, requiredClusterType=REPLICA_SET, requiredReplicaSetName='atlas-10vsg5-shard-0', serverSelector='null', clusterListeners='[]', serverSelectionTimeout='30000 ms', localThreshold='15 ms'}, socketSettings=SocketSettings{connectTimeoutMS=10000, readTimeoutMS=0, receiveBufferSize=0, proxySettings=ProxySettings{host=null, port=null, username=null, password=null}}, heartbeatSocketSettings=SocketSettings{connectTimeoutMS=10000, readTimeoutMS=10000, receiveBufferSize=0, proxySettings=ProxySettings{host=null, port=null, username=null, password=null}}, connectionPoolSettings=ConnectionPoolSettings{maxSize=100, minSize=0, maxWaitTimeMS=120000, maxConnectionLifeTimeMS=0, maxConnectionIdleTimeMS=0, maintenanceInitialDelayMS=0, maintenanceFrequencyMS=60000, connectionPoolListeners=[], maxConnecting=2}, serverSettings=ServerSettings{heartbeatFrequencyMS=10000, minHeartbeatFrequencyMS=500, serverMonitoringMode=AUTO, serverListeners='[]', serverMonitorListeners='[]'}, sslSettings=SslSettings{enabled=true, invalidHostNameAllowed=false, context=null}, applicationName='Cluster0', compressorList=[], uuidRepresentation=JAVA_LEGACY, serverApi=null, autoEncryptionSettings=null, dnsClient=null, inetAddressResolver=null, contextProvider=null, timeoutMS=null} 
19:46:29.778 -------- [restartedMain] --- INFO  --- o.s.b.d.a.OptionalLiveReloadServer -------- LiveReload server is running on port 35729 
19:46:29.880 -------- [cluster-ClusterId{value='69bc053d39342fef966965fb', description='Cluster0'}-srv-cluster0.b7jb1jb.mongodb.net] --- INFO  --- org.mongodb.driver.cluster -------- Adding discovered server ac-jcz0paw-shard-00-00.b7jb1jb.mongodb.net:27017 to client view of cluster 
19:46:29.918 -------- [cluster-ClusterId{value='69bc053d39342fef966965fb', description='Cluster0'}-srv-cluster0.b7jb1jb.mongodb.net] --- INFO  --- org.mongodb.driver.cluster -------- Adding discovered server ac-jcz0paw-shard-00-01.b7jb1jb.mongodb.net:27017 to client view of cluster 
19:46:29.921 -------- [cluster-ClusterId{value='69bc053d39342fef966965fb', description='Cluster0'}-srv-cluster0.b7jb1jb.mongodb.net] --- INFO  --- org.mongodb.driver.cluster -------- Adding discovered server ac-jcz0paw-shard-00-02.b7jb1jb.mongodb.net:27017 to client view of cluster 
19:46:29.965 -------- [restartedMain] --- INFO  --- org.mongodb.driver.cluster -------- Waiting for server to become available for operation with ID 5. Remaining time: 29989 ms. Selector: WritableServerSelector, topology description: {type=REPLICA_SET, servers=[{address=ac-jcz0paw-shard-00-01.b7jb1jb.mongodb.net:27017, type=UNKNOWN, state=CONNECTING}, {address=ac-jcz0paw-shard-00-02.b7jb1jb.mongodb.net:27017, type=UNKNOWN, state=CONNECTING}, {address=ac-jcz0paw-shard-00-00.b7jb1jb.mongodb.net:27017, type=UNKNOWN, state=CONNECTING}]. 
19:46:30.274 -------- [cluster-ClusterId{value='69bc053d39342fef966965fb', description='Cluster0'}-ac-jcz0paw-shard-00-02.b7jb1jb.mongodb.net:27017] --- INFO  --- org.mongodb.driver.cluster -------- Monitor thread successfully connected to server with description ServerDescription{address=ac-jcz0paw-shard-00-02.b7jb1jb.mongodb.net:27017, type=REPLICA_SET_PRIMARY, cryptd=false, state=CONNECTED, ok=true, minWireVersion=0, maxWireVersion=25, maxDocumentSize=16777216, logicalSessionTimeoutMinutes=30, roundTripTimeNanos=199107800, minRoundTripTimeNanos=0, setName='atlas-10vsg5-shard-0', canonicalAddress=ac-jcz0paw-shard-00-02.b7jb1jb.mongodb.net:27017, hosts=[ac-jcz0paw-shard-00-01.b7jb1jb.mongodb.net:27017, ac-jcz0paw-shard-00-02.b7jb1jb.mongodb.net:27017, ac-jcz0paw-shard-00-00.b7jb1jb.mongodb.net:27017], passives=[], arbiters=[], primary='ac-jcz0paw-shard-00-02.b7jb1jb.mongodb.net:27017', tagSet=TagSet{[Tag{name='availabilityZone', value='aps1-az2'}, Tag{name='diskState', value='READY'}, Tag{name='nodeType', value='ELECTABLE'}, Tag{name='provider', value='AWS'}, Tag{name='region', value='AP_SOUTH_1'}, Tag{name='workloadType', value='OPERATIONAL'}]}, electionId=7fffffff00000000000000dc, setVersion=57, topologyVersion=TopologyVersion{processId=69b311ad332d80e6a3807b8e, counter=6}, lastWriteDate=Thu Mar 19 19:46:29 IST 2026, lastUpdateTimeNanos=90539343912000} 
19:46:30.274 -------- [cluster-ClusterId{value='69bc053d39342fef966965fb', description='Cluster0'}-ac-jcz0paw-shard-00-00.b7jb1jb.mongodb.net:27017] --- INFO  --- org.mongodb.driver.cluster -------- Monitor thread successfully connected to server with description ServerDescription{address=ac-jcz0paw-shard-00-00.b7jb1jb.mongodb.net:27017, type=REPLICA_SET_SECONDARY, cryptd=false, state=CONNECTED, ok=true, minWireVersion=0, maxWireVersion=25, maxDocumentSize=16777216, logicalSessionTimeoutMinutes=30, roundTripTimeNanos=203702900, minRoundTripTimeNanos=0, setName='atlas-10vsg5-shard-0', canonicalAddress=ac-jcz0paw-shard-00-00.b7jb1jb.mongodb.net:27017, hosts=[ac-jcz0paw-shard-00-01.b7jb1jb.mongodb.net:27017, ac-jcz0paw-shard-00-02.b7jb1jb.mongodb.net:27017, ac-jcz0paw-shard-00-00.b7jb1jb.mongodb.net:27017], passives=[], arbiters=[], primary='ac-jcz0paw-shard-00-02.b7jb1jb.mongodb.net:27017', tagSet=TagSet{[Tag{name='availabilityZone', value='aps1-az1'}, Tag{name='diskState', value='READY'}, Tag{name='nodeType', value='ELECTABLE'}, Tag{name='provider', value='AWS'}, Tag{name='region', value='AP_SOUTH_1'}, Tag{name='workloadType', value='OPERATIONAL'}]}, electionId=null, setVersion=57, topologyVersion=TopologyVersion{processId=69b30fd5ea006f2a16d8bf3e, counter=4}, lastWriteDate=Thu Mar 19 19:46:29 IST 2026, lastUpdateTimeNanos=90539343911800} 
19:46:30.274 -------- [cluster-ClusterId{value='69bc053d39342fef966965fb', description='Cluster0'}-ac-jcz0paw-shard-00-01.b7jb1jb.mongodb.net:27017] --- INFO  --- org.mongodb.driver.cluster -------- Monitor thread successfully connected to server with description ServerDescription{address=ac-jcz0paw-shard-00-01.b7jb1jb.mongodb.net:27017, type=REPLICA_SET_SECONDARY, cryptd=false, state=CONNECTED, ok=true, minWireVersion=0, maxWireVersion=25, maxDocumentSize=16777216, logicalSessionTimeoutMinutes=30, roundTripTimeNanos=202041400, minRoundTripTimeNanos=0, setName='atlas-10vsg5-shard-0', canonicalAddress=ac-jcz0paw-shard-00-01.b7jb1jb.mongodb.net:27017, hosts=[ac-jcz0paw-shard-00-01.b7jb1jb.mongodb.net:27017, ac-jcz0paw-shard-00-02.b7jb1jb.mongodb.net:27017, ac-jcz0paw-shard-00-00.b7jb1jb.mongodb.net:27017], passives=[], arbiters=[], primary='ac-jcz0paw-shard-00-02.b7jb1jb.mongodb.net:27017', tagSet=TagSet{[Tag{name='availabilityZone', value='aps1-az3'}, Tag{name='diskState', value='READY'}, Tag{name='nodeType', value='ELECTABLE'}, Tag{name='provider', value='AWS'}, Tag{name='region', value='AP_SOUTH_1'}, Tag{name='workloadType', value='OPERATIONAL'}]}, electionId=null, setVersion=57, topologyVersion=TopologyVersion{processId=69b3142d06876aecd9b70acd, counter=3}, lastWriteDate=Thu Mar 19 19:46:29 IST 2026, lastUpdateTimeNanos=90539343911900} 
19:46:30.279 -------- [cluster-ClusterId{value='69bc053d39342fef966965fb', description='Cluster0'}-ac-jcz0paw-shard-00-02.b7jb1jb.mongodb.net:27017] --- INFO  --- org.mongodb.driver.cluster -------- Discovered replica set primary ac-jcz0paw-shard-00-02.b7jb1jb.mongodb.net:27017 with max election id 7fffffff00000000000000dc and max set version 57 
19:46:30.729 -------- [restartedMain] --- INFO  --- com.app.journal.config.RedisConfig -------- Connected Redis Host: redis-10391.crce286.ap-south-1-1.ec2.cloud.redislabs.com 
19:46:30.731 -------- [restartedMain] --- INFO  --- com.app.journal.config.RedisConfig -------- Connected Redis Port: 10391 
19:46:30.856 -------- [restartedMain] --- INFO  --- o.s.s.c.a.a.c.InitializeAuthenticationProviderBeanManagerConfigurer$InitializeAuthenticationProviderManagerConfigurer -------- Global AuthenticationManager configured with AuthenticationProvider bean with name authenticationProvider 
19:46:30.857 -------- [restartedMain] --- WARN  --- o.s.s.c.a.a.c.InitializeUserDetailsBeanManagerConfigurer$InitializeUserDetailsManagerConfigurer -------- Global AuthenticationManager configured with an AuthenticationProvider bean. UserDetailsService beans will not be used by Spring Security for automatically configuring username/password login. Consider removing the AuthenticationProvider bean. Alternatively, consider using the UserDetailsService in a manually instantiated DaoAuthenticationProvider. If the current configuration is intentional, to turn off this warning, increase the logging level of 'org.springframework.security.config.annotation.authentication.configuration.InitializeUserDetailsBeanManagerConfigurer' to ERROR 
19:46:31.548 -------- [restartedMain] --- DEBUG --- o.s.s.web.DefaultSecurityFilterChain -------- Will secure any request with filters: DisableEncodeUrlFilter, WebAsyncManagerIntegrationFilter, SecurityContextHolderFilter, HeaderWriterFilter, LogoutFilter, BasicAuthenticationFilter, RequestCacheAwareFilter, SecurityContextHolderAwareRequestFilter, AnonymousAuthenticationFilter, ExceptionTranslationFilter, AuthorizationFilter 
19:46:31.872 -------- [restartedMain] --- INFO  --- o.a.coyote.http11.Http11NioProtocol -------- Starting ProtocolHandler ["http-nio-8080"] 
19:46:31.896 -------- [restartedMain] --- INFO  --- o.s.b.w.e.tomcat.TomcatWebServer -------- Tomcat started on port 8080 (http) with context path '/' 
19:46:31.911 -------- [restartedMain] --- INFO  --- c.app.journal.JournalAppApplication -------- Started JournalAppApplication in 4.784 seconds (process running for 5.381) 
19:46:37.444 -------- [http-nio-8080-exec-2] --- INFO  --- o.a.c.c.C.[Tomcat].[localhost].[/] -------- Initializing Spring DispatcherServlet 'dispatcherServlet' 
19:46:37.444 -------- [http-nio-8080-exec-2] --- INFO  --- o.s.web.servlet.DispatcherServlet -------- Initializing Servlet 'dispatcherServlet' 
19:46:37.445 -------- [http-nio-8080-exec-2] --- INFO  --- o.s.web.servlet.DispatcherServlet -------- Completed initialization in 1 ms 
19:46:37.463 -------- [http-nio-8080-exec-2] --- DEBUG --- o.s.security.web.FilterChainProxy -------- Securing POST /public/login 
19:46:37.483 -------- [http-nio-8080-exec-2] --- DEBUG --- o.s.security.web.FilterChainProxy -------- Secured POST /public/login 
19:46:37.901 -------- [http-nio-8080-exec-2] --- DEBUG --- o.s.s.a.d.DaoAuthenticationProvider -------- Authenticated user 
19:46:38.049 -------- [http-nio-8080-exec-2] --- DEBUG --- o.s.s.w.a.AnonymousAuthenticationFilter -------- Set SecurityContextHolder to anonymous SecurityContext 
22:47:02.206 -------- [cluster-ClusterId{value='69bc053d39342fef966965fb', description='Cluster0'}-ac-jcz0paw-shard-00-02.b7jb1jb.mongodb.net:27017] --- INFO  --- org.mongodb.driver.cluster -------- Exception in monitor thread while connecting to server ac-jcz0paw-shard-00-02.b7jb1jb.mongodb.net:27017 
com.mongodb.MongoSocketReadException: Exception receiving message
	at com.mongodb.internal.connection.InternalStreamConnection.translateReadException(InternalStreamConnection.java:809)
	at com.mongodb.internal.connection.InternalStreamConnection.receiveResponseBuffers(InternalStreamConnection.java:857)
	at com.mongodb.internal.connection.InternalStreamConnection.receiveCommandMessageResponse(InternalStreamConnection.java:517)
	at com.mongodb.internal.connection.InternalStreamConnection.receive(InternalStreamConnection.java:469)
	at com.mongodb.internal.connection.DefaultServerMonitor$ServerMonitor.lookupServerDescription(DefaultServerMonitor.java:249)
	at com.mongodb.internal.connection.DefaultServerMonitor$ServerMonitor.run(DefaultServerMonitor.java:176)
Caused by: java.net.SocketException: Connection reset
	at java.base/sun.nio.ch.NioSocketImpl.implRead(NioSocketImpl.java:328)
	at java.base/sun.nio.ch.NioSocketImpl.read(NioSocketImpl.java:355)
	at java.base/sun.nio.ch.NioSocketImpl$1.read(NioSocketImpl.java:808)
	at java.base/java.net.Socket$SocketInputStream.read(Socket.java:966)
	at java.base/sun.security.ssl.SSLSocketInputRecord.read(SSLSocketInputRecord.java:484)
	at java.base/sun.security.ssl.SSLSocketInputRecord.readHeader(SSLSocketInputRecord.java:478)
	at java.base/sun.security.ssl.SSLSocketInputRecord.bytesInCompletePacket(SSLSocketInputRecord.java:70)
	at java.base/sun.security.ssl.SSLSocketImpl.readApplicationRecord(SSLSocketImpl.java:1465)
	at java.base/sun.security.ssl.SSLSocketImpl$AppInputStream.read(SSLSocketImpl.java:1069)
	at com.mongodb.internal.connection.SocketStream.read(SocketStream.java:182)
	at com.mongodb.internal.connection.InternalStreamConnection.receiveResponseBuffers(InternalStreamConnection.java:824)
	... 4 common frames omitted
22:47:02.372 -------- [cluster-ClusterId{value='69bc053d39342fef966965fb', description='Cluster0'}-ac-jcz0paw-shard-00-00.b7jb1jb.mongodb.net:27017] --- INFO  --- org.mongodb.driver.cluster -------- Exception in monitor thread while connecting to server ac-jcz0paw-shard-00-00.b7jb1jb.mongodb.net:27017 
com.mongodb.MongoSocketReadException: Exception receiving message
	at com.mongodb.internal.connection.InternalStreamConnection.translateReadException(InternalStreamConnection.java:809)
	at com.mongodb.internal.connection.InternalStreamConnection.receiveResponseBuffers(InternalStreamConnection.java:857)
	at com.mongodb.internal.connection.InternalStreamConnection.receiveCommandMessageResponse(InternalStreamConnection.java:517)
	at com.mongodb.internal.connection.InternalStreamConnection.receive(InternalStreamConnection.java:469)
	at com.mongodb.internal.connection.DefaultServerMonitor$ServerMonitor.lookupServerDescription(DefaultServerMonitor.java:249)
	at com.mongodb.internal.connection.DefaultServerMonitor$ServerMonitor.run(DefaultServerMonitor.java:176)
Caused by: java.net.SocketException: Connection reset
	at java.base/sun.nio.ch.NioSocketImpl.implRead(NioSocketImpl.java:328)
	at java.base/sun.nio.ch.NioSocketImpl.read(NioSocketImpl.java:355)
	at java.base/sun.nio.ch.NioSocketImpl$1.read(NioSocketImpl.java:808)
	at java.base/java.net.Socket$SocketInputStream.read(Socket.java:966)
	at java.base/sun.security.ssl.SSLSocketInputRecord.read(SSLSocketInputRecord.java:484)
	at java.base/sun.security.ssl.SSLSocketInputRecord.readHeader(SSLSocketInputRecord.java:478)
	at java.base/sun.security.ssl.SSLSocketInputRecord.bytesInCompletePacket(SSLSocketInputRecord.java:70)
	at java.base/sun.security.ssl.SSLSocketImpl.readApplicationRecord(SSLSocketImpl.java:1465)
	at java.base/sun.security.ssl.SSLSocketImpl$AppInputStream.read(SSLSocketImpl.java:1069)
	at com.mongodb.internal.connection.SocketStream.read(SocketStream.java:182)
	at com.mongodb.internal.connection.InternalStreamConnection.receiveResponseBuffers(InternalStreamConnection.java:824)
	... 4 common frames omitted
22:47:02.206 -------- [cluster-ClusterId{value='69bc053d39342fef966965fb', description='Cluster0'}-ac-jcz0paw-shard-00-01.b7jb1jb.mongodb.net:27017] --- INFO  --- org.mongodb.driver.cluster -------- Exception in monitor thread while connecting to server ac-jcz0paw-shard-00-01.b7jb1jb.mongodb.net:27017 
com.mongodb.MongoSocketReadException: Exception receiving message
	at com.mongodb.internal.connection.InternalStreamConnection.translateReadException(InternalStreamConnection.java:809)
	at com.mongodb.internal.connection.InternalStreamConnection.receiveResponseBuffers(InternalStreamConnection.java:857)
	at com.mongodb.internal.connection.InternalStreamConnection.receiveCommandMessageResponse(InternalStreamConnection.java:517)
	at com.mongodb.internal.connection.InternalStreamConnection.receive(InternalStreamConnection.java:469)
	at com.mongodb.internal.connection.DefaultServerMonitor$ServerMonitor.lookupServerDescription(DefaultServerMonitor.java:249)
	at com.mongodb.internal.connection.DefaultServerMonitor$ServerMonitor.run(DefaultServerMonitor.java:176)
Caused by: java.net.SocketException: Connection reset
	at java.base/sun.nio.ch.NioSocketImpl.implRead(NioSocketImpl.java:328)
	at java.base/sun.nio.ch.NioSocketImpl.read(NioSocketImpl.java:355)
	at java.base/sun.nio.ch.NioSocketImpl$1.read(NioSocketImpl.java:808)
	at java.base/java.net.Socket$SocketInputStream.read(Socket.java:966)
	at java.base/sun.security.ssl.SSLSocketInputRecord.read(SSLSocketInputRecord.java:484)
	at java.base/sun.security.ssl.SSLSocketInputRecord.readHeader(SSLSocketInputRecord.java:478)
	at java.base/sun.security.ssl.SSLSocketInputRecord.bytesInCompletePacket(SSLSocketInputRecord.java:70)
	at java.base/sun.security.ssl.SSLSocketImpl.readApplicationRecord(SSLSocketImpl.java:1465)
	at java.base/sun.security.ssl.SSLSocketImpl$AppInputStream.read(SSLSocketImpl.java:1069)
	at com.mongodb.internal.connection.SocketStream.read(SocketStream.java:182)
	at com.mongodb.internal.connection.InternalStreamConnection.receiveResponseBuffers(InternalStreamConnection.java:824)
	... 4 common frames omitted
22:47:02.375 -------- [cluster-ClusterId{value='69bc053d39342fef966965fb', description='Cluster0'}-ac-jcz0paw-shard-00-02.b7jb1jb.mongodb.net:27017] --- INFO  --- org.mongodb.driver.cluster -------- Exception in monitor thread while connecting to server ac-jcz0paw-shard-00-02.b7jb1jb.mongodb.net:27017 
com.mongodb.MongoSocketException: No such host is known (ac-jcz0paw-shard-00-02.b7jb1jb.mongodb.net)
	at com.mongodb.internal.connection.ServerAddressHelper.getSocketAddresses(ServerAddressHelper.java:75)
	at com.mongodb.internal.connection.SocketStream.initializeSocket(SocketStream.java:100)
	at com.mongodb.internal.connection.SocketStream.open(SocketStream.java:79)
	at com.mongodb.internal.connection.InternalStreamConnection.open(InternalStreamConnection.java:233)
	at com.mongodb.internal.connection.DefaultServerMonitor$ServerMonitor.lookupServerDescription(DefaultServerMonitor.java:219)
	at com.mongodb.internal.connection.DefaultServerMonitor$ServerMonitor.run(DefaultServerMonitor.java:176)
Caused by: java.net.UnknownHostException: No such host is known (ac-jcz0paw-shard-00-02.b7jb1jb.mongodb.net)
	at java.base/java.net.Inet6AddressImpl.lookupAllHostAddr(Native Method)
	at java.base/java.net.InetAddress$PlatformNameService.lookupAllHostAddr(InetAddress.java:934)
	at java.base/java.net.InetAddress.getAddressesFromNameService(InetAddress.java:1543)
	at java.base/java.net.InetAddress$NameServiceAddresses.get(InetAddress.java:852)
	at java.base/java.net.InetAddress.getAllByName0(InetAddress.java:1533)
	at java.base/java.net.InetAddress.getAllByName(InetAddress.java:1385)
	at java.base/java.net.InetAddress.getAllByName(InetAddress.java:1306)
	at com.mongodb.internal.connection.DefaultInetAddressResolver.lookupByName(DefaultInetAddressResolver.java:34)
	at com.mongodb.internal.connection.ServerAddressHelper.getSocketAddresses(ServerAddressHelper.java:71)
	... 5 common frames omitted
22:47:02.405 -------- [cluster-ClusterId{value='69bc053d39342fef966965fb', description='Cluster0'}-ac-jcz0paw-shard-00-00.b7jb1jb.mongodb.net:27017] --- INFO  --- org.mongodb.driver.cluster -------- Exception in monitor thread while connecting to server ac-jcz0paw-shard-00-00.b7jb1jb.mongodb.net:27017 
com.mongodb.MongoSocketException: No such host is known (ac-jcz0paw-shard-00-00.b7jb1jb.mongodb.net)
	at com.mongodb.internal.connection.ServerAddressHelper.getSocketAddresses(ServerAddressHelper.java:75)
	at com.mongodb.internal.connection.SocketStream.initializeSocket(SocketStream.java:100)
	at com.mongodb.internal.connection.SocketStream.open(SocketStream.java:79)
	at com.mongodb.internal.connection.InternalStreamConnection.open(InternalStreamConnection.java:233)
	at com.mongodb.internal.connection.DefaultServerMonitor$ServerMonitor.lookupServerDescription(DefaultServerMonitor.java:219)
	at com.mongodb.internal.connection.DefaultServerMonitor$ServerMonitor.run(DefaultServerMonitor.java:176)
Caused by: java.net.UnknownHostException: No such host is known (ac-jcz0paw-shard-00-00.b7jb1jb.mongodb.net)
	at java.base/java.net.Inet6AddressImpl.lookupAllHostAddr(Native Method)
	at java.base/java.net.InetAddress$PlatformNameService.lookupAllHostAddr(InetAddress.java:934)
	at java.base/java.net.InetAddress.getAddressesFromNameService(InetAddress.java:1543)
	at java.base/java.net.InetAddress$NameServiceAddresses.get(InetAddress.java:852)
	at java.base/java.net.InetAddress.getAllByName0(InetAddress.java:1533)
	at java.base/java.net.InetAddress.getAllByName(InetAddress.java:1385)
	at java.base/java.net.InetAddress.getAllByName(InetAddress.java:1306)
	at com.mongodb.internal.connection.DefaultInetAddressResolver.lookupByName(DefaultInetAddressResolver.java:34)
	at com.mongodb.internal.connection.ServerAddressHelper.getSocketAddresses(ServerAddressHelper.java:71)
	... 5 common frames omitted
22:47:02.417 -------- [cluster-ClusterId{value='69bc053d39342fef966965fb', description='Cluster0'}-ac-jcz0paw-shard-00-01.b7jb1jb.mongodb.net:27017] --- INFO  --- org.mongodb.driver.cluster -------- Exception in monitor thread while connecting to server ac-jcz0paw-shard-00-01.b7jb1jb.mongodb.net:27017 
com.mongodb.MongoSocketException: No such host is known (ac-jcz0paw-shard-00-01.b7jb1jb.mongodb.net)
	at com.mongodb.internal.connection.ServerAddressHelper.getSocketAddresses(ServerAddressHelper.java:75)
	at com.mongodb.internal.connection.SocketStream.initializeSocket(SocketStream.java:100)
	at com.mongodb.internal.connection.SocketStream.open(SocketStream.java:79)
	at com.mongodb.internal.connection.InternalStreamConnection.open(InternalStreamConnection.java:233)
	at com.mongodb.internal.connection.DefaultServerMonitor$ServerMonitor.lookupServerDescription(DefaultServerMonitor.java:219)
	at com.mongodb.internal.connection.DefaultServerMonitor$ServerMonitor.run(DefaultServerMonitor.java:176)
Caused by: java.net.UnknownHostException: No such host is known (ac-jcz0paw-shard-00-01.b7jb1jb.mongodb.net)
	at java.base/java.net.Inet6AddressImpl.lookupAllHostAddr(Native Method)
	at java.base/java.net.InetAddress$PlatformNameService.lookupAllHostAddr(InetAddress.java:934)
	at java.base/java.net.InetAddress.getAddressesFromNameService(InetAddress.java:1543)
	at java.base/java.net.InetAddress$NameServiceAddresses.get(InetAddress.java:852)
	at java.base/java.net.InetAddress.getAllByName0(InetAddress.java:1533)
	at java.base/java.net.InetAddress.getAllByName(InetAddress.java:1385)
	at java.base/java.net.InetAddress.getAllByName(InetAddress.java:1306)
	at com.mongodb.internal.connection.DefaultInetAddressResolver.lookupByName(DefaultInetAddressResolver.java:34)
	at com.mongodb.internal.connection.ServerAddressHelper.getSocketAddresses(ServerAddressHelper.java:71)
	... 5 common frames omitted
23:34:01.994 -------- [cluster-ClusterId{value='69bc053d39342fef966965fb', description='Cluster0'}-ac-jcz0paw-shard-00-00.b7jb1jb.mongodb.net:27017] --- INFO  --- org.mongodb.driver.cluster -------- Exception in monitor thread while connecting to server ac-jcz0paw-shard-00-00.b7jb1jb.mongodb.net:27017 
com.mongodb.MongoSocketOpenException: Exception opening socket
	at com.mongodb.internal.connection.SocketStream.lambda$open$0(SocketStream.java:85)
	at java.base/java.util.Optional.orElseThrow(Optional.java:403)
	at com.mongodb.internal.connection.SocketStream.open(SocketStream.java:85)
	at com.mongodb.internal.connection.InternalStreamConnection.open(InternalStreamConnection.java:233)
	at com.mongodb.internal.connection.DefaultServerMonitor$ServerMonitor.lookupServerDescription(DefaultServerMonitor.java:219)
	at com.mongodb.internal.connection.DefaultServerMonitor$ServerMonitor.run(DefaultServerMonitor.java:176)
Caused by: java.net.NoRouteToHostException: No route to host: getsockopt
	at java.base/sun.nio.ch.Net.pollConnect(Native Method)
	at java.base/sun.nio.ch.Net.pollConnectNow(Net.java:684)
	at java.base/sun.nio.ch.NioSocketImpl.timedFinishConnect(NioSocketImpl.java:547)
	at java.base/sun.nio.ch.NioSocketImpl.connect(NioSocketImpl.java:602)
	at java.base/java.net.SocksSocketImpl.connect(SocksSocketImpl.java:327)
	at java.base/java.net.Socket.connect(Socket.java:633)
	at java.base/sun.security.ssl.SSLSocketImpl.connect(SSLSocketImpl.java:304)
	at com.mongodb.internal.connection.SocketStreamHelper.initialize(SocketStreamHelper.java:76)
	at com.mongodb.internal.connection.SocketStream.initializeSocket(SocketStream.java:104)
	at com.mongodb.internal.connection.SocketStream.open(SocketStream.java:79)
	... 3 common frames omitted
23:34:01.994 -------- [cluster-ClusterId{value='69bc053d39342fef966965fb', description='Cluster0'}-ac-jcz0paw-shard-00-01.b7jb1jb.mongodb.net:27017] --- INFO  --- org.mongodb.driver.cluster -------- Exception in monitor thread while connecting to server ac-jcz0paw-shard-00-01.b7jb1jb.mongodb.net:27017 
com.mongodb.MongoSocketOpenException: Exception opening socket
	at com.mongodb.internal.connection.SocketStream.lambda$open$0(SocketStream.java:85)
	at java.base/java.util.Optional.orElseThrow(Optional.java:403)
	at com.mongodb.internal.connection.SocketStream.open(SocketStream.java:85)
	at com.mongodb.internal.connection.InternalStreamConnection.open(InternalStreamConnection.java:233)
	at com.mongodb.internal.connection.DefaultServerMonitor$ServerMonitor.lookupServerDescription(DefaultServerMonitor.java:219)
	at com.mongodb.internal.connection.DefaultServerMonitor$ServerMonitor.run(DefaultServerMonitor.java:176)
Caused by: java.net.NoRouteToHostException: No route to host: getsockopt
	at java.base/sun.nio.ch.Net.pollConnect(Native Method)
	at java.base/sun.nio.ch.Net.pollConnectNow(Net.java:684)
	at java.base/sun.nio.ch.NioSocketImpl.timedFinishConnect(NioSocketImpl.java:547)
	at java.base/sun.nio.ch.NioSocketImpl.connect(NioSocketImpl.java:602)
	at java.base/java.net.SocksSocketImpl.connect(SocksSocketImpl.java:327)
	at java.base/java.net.Socket.connect(Socket.java:633)
	at java.base/sun.security.ssl.SSLSocketImpl.connect(SSLSocketImpl.java:304)
	at com.mongodb.internal.connection.SocketStreamHelper.initialize(SocketStreamHelper.java:76)
	at com.mongodb.internal.connection.SocketStream.initializeSocket(SocketStream.java:104)
	at com.mongodb.internal.connection.SocketStream.open(SocketStream.java:79)
	... 3 common frames omitted
23:34:01.995 -------- [cluster-ClusterId{value='69bc053d39342fef966965fb', description='Cluster0'}-ac-jcz0paw-shard-00-02.b7jb1jb.mongodb.net:27017] --- INFO  --- org.mongodb.driver.cluster -------- Exception in monitor thread while connecting to server ac-jcz0paw-shard-00-02.b7jb1jb.mongodb.net:27017 
com.mongodb.MongoSocketOpenException: Exception opening socket
	at com.mongodb.internal.connection.SocketStream.lambda$open$0(SocketStream.java:85)
	at java.base/java.util.Optional.orElseThrow(Optional.java:403)
	at com.mongodb.internal.connection.SocketStream.open(SocketStream.java:85)
	at com.mongodb.internal.connection.InternalStreamConnection.open(InternalStreamConnection.java:233)
	at com.mongodb.internal.connection.DefaultServerMonitor$ServerMonitor.lookupServerDescription(DefaultServerMonitor.java:219)
	at com.mongodb.internal.connection.DefaultServerMonitor$ServerMonitor.run(DefaultServerMonitor.java:176)
Caused by: java.net.NoRouteToHostException: No route to host: getsockopt
	at java.base/sun.nio.ch.Net.pollConnect(Native Method)
	at java.base/sun.nio.ch.Net.pollConnectNow(Net.java:684)
	at java.base/sun.nio.ch.NioSocketImpl.timedFinishConnect(NioSocketImpl.java:547)
	at java.base/sun.nio.ch.NioSocketImpl.connect(NioSocketImpl.java:602)
	at java.base/java.net.SocksSocketImpl.connect(SocksSocketImpl.java:327)
	at java.base/java.net.Socket.connect(Socket.java:633)
	at java.base/sun.security.ssl.SSLSocketImpl.connect(SSLSocketImpl.java:304)
	at com.mongodb.internal.connection.SocketStreamHelper.initialize(SocketStreamHelper.java:76)
	at com.mongodb.internal.connection.SocketStream.initializeSocket(SocketStream.java:104)
	at com.mongodb.internal.connection.SocketStream.open(SocketStream.java:79)
	... 3 common frames omitted
23:34:12.082 -------- [cluster-ClusterId{value='69bc053d39342fef966965fb', description='Cluster0'}-ac-jcz0paw-shard-00-01.b7jb1jb.mongodb.net:27017] --- INFO  --- org.mongodb.driver.cluster -------- Monitor thread successfully connected to server with description ServerDescription{address=ac-jcz0paw-shard-00-01.b7jb1jb.mongodb.net:27017, type=REPLICA_SET_SECONDARY, cryptd=false, state=CONNECTED, ok=true, minWireVersion=0, maxWireVersion=25, maxDocumentSize=16777216, logicalSessionTimeoutMinutes=30, roundTripTimeNanos=53617800, minRoundTripTimeNanos=0, setName='atlas-10vsg5-shard-0', canonicalAddress=ac-jcz0paw-shard-00-01.b7jb1jb.mongodb.net:27017, hosts=[ac-jcz0paw-shard-00-01.b7jb1jb.mongodb.net:27017, ac-jcz0paw-shard-00-02.b7jb1jb.mongodb.net:27017, ac-jcz0paw-shard-00-00.b7jb1jb.mongodb.net:27017], passives=[], arbiters=[], primary='ac-jcz0paw-shard-00-02.b7jb1jb.mongodb.net:27017', tagSet=TagSet{[Tag{name='availabilityZone', value='aps1-az3'}, Tag{name='diskState', value='READY'}, Tag{name='nodeType', value='ELECTABLE'}, Tag{name='provider', value='AWS'}, Tag{name='region', value='AP_SOUTH_1'}, Tag{name='workloadType', value='OPERATIONAL'}]}, electionId=null, setVersion=57, topologyVersion=TopologyVersion{processId=69b3142d06876aecd9b70acd, counter=3}, lastWriteDate=Thu Mar 19 23:34:10 IST 2026, lastUpdateTimeNanos=104209426696800} 
23:34:12.083 -------- [cluster-ClusterId{value='69bc053d39342fef966965fb', description='Cluster0'}-ac-jcz0paw-shard-00-00.b7jb1jb.mongodb.net:27017] --- INFO  --- org.mongodb.driver.cluster -------- Monitor thread successfully connected to server with description ServerDescription{address=ac-jcz0paw-shard-00-00.b7jb1jb.mongodb.net:27017, type=REPLICA_SET_SECONDARY, cryptd=false, state=CONNECTED, ok=true, minWireVersion=0, maxWireVersion=25, maxDocumentSize=16777216, logicalSessionTimeoutMinutes=30, roundTripTimeNanos=55685300, minRoundTripTimeNanos=0, setName='atlas-10vsg5-shard-0', canonicalAddress=ac-jcz0paw-shard-00-00.b7jb1jb.mongodb.net:27017, hosts=[ac-jcz0paw-shard-00-01.b7jb1jb.mongodb.net:27017, ac-jcz0paw-shard-00-02.b7jb1jb.mongodb.net:27017, ac-jcz0paw-shard-00-00.b7jb1jb.mongodb.net:27017], passives=[], arbiters=[], primary='ac-jcz0paw-shard-00-02.b7jb1jb.mongodb.net:27017', tagSet=TagSet{[Tag{name='availabilityZone', value='aps1-az1'}, Tag{name='diskState', value='READY'}, Tag{name='nodeType', value='ELECTABLE'}, Tag{name='provider', value='AWS'}, Tag{name='region', value='AP_SOUTH_1'}, Tag{name='workloadType', value='OPERATIONAL'}]}, electionId=null, setVersion=57, topologyVersion=TopologyVersion{processId=69b30fd5ea006f2a16d8bf3e, counter=4}, lastWriteDate=Thu Mar 19 23:34:10 IST 2026, lastUpdateTimeNanos=104209428727100} 
23:34:12.088 -------- [cluster-ClusterId{value='69bc053d39342fef966965fb', description='Cluster0'}-ac-jcz0paw-shard-00-02.b7jb1jb.mongodb.net:27017] --- INFO  --- org.mongodb.driver.cluster -------- Monitor thread successfully connected to server with description ServerDescription{address=ac-jcz0paw-shard-00-02.b7jb1jb.mongodb.net:27017, type=REPLICA_SET_PRIMARY, cryptd=false, state=CONNECTED, ok=true, minWireVersion=0, maxWireVersion=25, maxDocumentSize=16777216, logicalSessionTimeoutMinutes=30, roundTripTimeNanos=49385600, minRoundTripTimeNanos=0, setName='atlas-10vsg5-shard-0', canonicalAddress=ac-jcz0paw-shard-00-02.b7jb1jb.mongodb.net:27017, hosts=[ac-jcz0paw-shard-00-01.b7jb1jb.mongodb.net:27017, ac-jcz0paw-shard-00-02.b7jb1jb.mongodb.net:27017, ac-jcz0paw-shard-00-00.b7jb1jb.mongodb.net:27017], passives=[], arbiters=[], primary='ac-jcz0paw-shard-00-02.b7jb1jb.mongodb.net:27017', tagSet=TagSet{[Tag{name='availabilityZone', value='aps1-az2'}, Tag{name='diskState', value='READY'}, Tag{name='nodeType', value='ELECTABLE'}, Tag{name='provider', value='AWS'}, Tag{name='region', value='AP_SOUTH_1'}, Tag{name='workloadType', value='OPERATIONAL'}]}, electionId=7fffffff00000000000000dc, setVersion=57, topologyVersion=TopologyVersion{processId=69b311ad332d80e6a3807b8e, counter=6}, lastWriteDate=Thu Mar 19 23:34:10 IST 2026, lastUpdateTimeNanos=104209432631700} 
23:34:12.089 -------- [cluster-ClusterId{value='69bc053d39342fef966965fb', description='Cluster0'}-ac-jcz0paw-shard-00-02.b7jb1jb.mongodb.net:27017] --- INFO  --- org.mongodb.driver.cluster -------- Discovered replica set primary ac-jcz0paw-shard-00-02.b7jb1jb.mongodb.net:27017 with max election id 7fffffff00000000000000dc and max set version 57 
