00:38:30.668 -------- [cluster-ClusterId{value='69bc053d39342fef966965fb', description='Cluster0'}-ac-jcz0paw-shard-00-01.b7jb1jb.mongodb.net:27017] --- INFO  --- org.mongodb.driver.cluster -------- Exception in monitor thread while connecting to server ac-jcz0paw-shard-00-01.b7jb1jb.mongodb.net:27017 
com.mongodb.MongoSocketReadException: Exception receiving message
	at com.mongodb.internal.connection.InternalStreamConnection.translateReadException(InternalStreamConnection.java:809)
	at com.mongodb.internal.connection.InternalStreamConnection.receiveResponseBuffers(InternalStreamConnection.java:857)
	at com.mongodb.internal.connection.InternalStreamConnection.receiveCommandMessageResponse(InternalStreamConnection.java:517)
	at com.mongodb.internal.connection.InternalStreamConnection.receive(InternalStreamConnection.java:469)
	at com.mongodb.internal.connection.DefaultServerMonitor$ServerMonitor.lookupServerDescription(DefaultServerMonitor.java:249)
	at com.mongodb.internal.connection.DefaultServerMonitor$ServerMonitor.run(DefaultServerMonitor.java:176)
Caused by: java.net.SocketException: Connection reset
	at java.base/sun.nio.ch.NioSocketImpl.implRead(NioSocketImpl.java:328)
	at java.base/sun.nio.ch.NioSocketImpl.read(NioSocketImpl.java:355)
	at java.base/sun.nio.ch.NioSocketImpl$1.read(NioSocketImpl.java:808)
	at java.base/java.net.Socket$SocketInputStream.read(Socket.java:966)
	at java.base/sun.security.ssl.SSLSocketInputRecord.read(SSLSocketInputRecord.java:484)
	at java.base/sun.security.ssl.SSLSocketInputRecord.readHeader(SSLSocketInputRecord.java:478)
	at java.base/sun.security.ssl.SSLSocketInputRecord.bytesInCompletePacket(SSLSocketInputRecord.java:70)
	at java.base/sun.security.ssl.SSLSocketImpl.readApplicationRecord(SSLSocketImpl.java:1465)
	at java.base/sun.security.ssl.SSLSocketImpl$AppInputStream.read(SSLSocketImpl.java:1069)
	at com.mongodb.internal.connection.SocketStream.read(SocketStream.java:182)
	at com.mongodb.internal.connection.InternalStreamConnection.receiveResponseBuffers(InternalStreamConnection.java:824)
	... 4 common frames omitted
00:38:30.669 -------- [cluster-ClusterId{value='69bc053d39342fef966965fb', description='Cluster0'}-ac-jcz0paw-shard-00-00.b7jb1jb.mongodb.net:27017] --- INFO  --- org.mongodb.driver.cluster -------- Exception in monitor thread while connecting to server ac-jcz0paw-shard-00-00.b7jb1jb.mongodb.net:27017 
com.mongodb.MongoSocketReadException: Exception receiving message
	at com.mongodb.internal.connection.InternalStreamConnection.translateReadException(InternalStreamConnection.java:809)
	at com.mongodb.internal.connection.InternalStreamConnection.receiveResponseBuffers(InternalStreamConnection.java:857)
	at com.mongodb.internal.connection.InternalStreamConnection.receiveCommandMessageResponse(InternalStreamConnection.java:517)
	at com.mongodb.internal.connection.InternalStreamConnection.receive(InternalStreamConnection.java:469)
	at com.mongodb.internal.connection.DefaultServerMonitor$ServerMonitor.lookupServerDescription(DefaultServerMonitor.java:249)
	at com.mongodb.internal.connection.DefaultServerMonitor$ServerMonitor.run(DefaultServerMonitor.java:176)
Caused by: java.net.SocketException: Connection reset
	at java.base/sun.nio.ch.NioSocketImpl.implRead(NioSocketImpl.java:328)
	at java.base/sun.nio.ch.NioSocketImpl.read(NioSocketImpl.java:355)
	at java.base/sun.nio.ch.NioSocketImpl$1.read(NioSocketImpl.java:808)
	at java.base/java.net.Socket$SocketInputStream.read(Socket.java:966)
	at java.base/sun.security.ssl.SSLSocketInputRecord.read(SSLSocketInputRecord.java:484)
	at java.base/sun.security.ssl.SSLSocketInputRecord.readHeader(SSLSocketInputRecord.java:478)
	at java.base/sun.security.ssl.SSLSocketInputRecord.bytesInCompletePacket(SSLSocketInputRecord.java:70)
	at java.base/sun.security.ssl.SSLSocketImpl.readApplicationRecord(SSLSocketImpl.java:1465)
	at java.base/sun.security.ssl.SSLSocketImpl$AppInputStream.read(SSLSocketImpl.java:1069)
	at com.mongodb.internal.connection.SocketStream.read(SocketStream.java:182)
	at com.mongodb.internal.connection.InternalStreamConnection.receiveResponseBuffers(InternalStreamConnection.java:824)
	... 4 common frames omitted
00:38:30.714 -------- [cluster-ClusterId{value='69bc053d39342fef966965fb', description='Cluster0'}-ac-jcz0paw-shard-00-02.b7jb1jb.mongodb.net:27017] --- INFO  --- org.mongodb.driver.cluster -------- Exception in monitor thread while connecting to server ac-jcz0paw-shard-00-02.b7jb1jb.mongodb.net:27017 
com.mongodb.MongoSocketReadException: Exception receiving message
	at com.mongodb.internal.connection.InternalStreamConnection.translateReadException(InternalStreamConnection.java:809)
	at com.mongodb.internal.connection.InternalStreamConnection.receiveResponseBuffers(InternalStreamConnection.java:857)
	at com.mongodb.internal.connection.InternalStreamConnection.receiveCommandMessageResponse(InternalStreamConnection.java:517)
	at com.mongodb.internal.connection.InternalStreamConnection.receive(InternalStreamConnection.java:469)
	at com.mongodb.internal.connection.DefaultServerMonitor$ServerMonitor.lookupServerDescription(DefaultServerMonitor.java:249)
	at com.mongodb.internal.connection.DefaultServerMonitor$ServerMonitor.run(DefaultServerMonitor.java:176)
Caused by: java.net.SocketException: Connection reset
	at java.base/sun.nio.ch.NioSocketImpl.implRead(NioSocketImpl.java:328)
	at java.base/sun.nio.ch.NioSocketImpl.read(NioSocketImpl.java:355)
	at java.base/sun.nio.ch.NioSocketImpl$1.read(NioSocketImpl.java:808)
	at java.base/java.net.Socket$SocketInputStream.read(Socket.java:966)
	at java.base/sun.security.ssl.SSLSocketInputRecord.read(SSLSocketInputRecord.java:484)
	at java.base/sun.security.ssl.SSLSocketInputRecord.readHeader(SSLSocketInputRecord.java:478)
	at java.base/sun.security.ssl.SSLSocketInputRecord.bytesInCompletePacket(SSLSocketInputRecord.java:70)
	at java.base/sun.security.ssl.SSLSocketImpl.readApplicationRecord(SSLSocketImpl.java:1465)
	at java.base/sun.security.ssl.SSLSocketImpl$AppInputStream.read(SSLSocketImpl.java:1069)
	at com.mongodb.internal.connection.SocketStream.read(SocketStream.java:182)
	at com.mongodb.internal.connection.InternalStreamConnection.receiveResponseBuffers(InternalStreamConnection.java:824)
	... 4 common frames omitted
00:38:31.731 -------- [cluster-ClusterId{value='69bc053d39342fef966965fb', description='Cluster0'}-ac-jcz0paw-shard-00-02.b7jb1jb.mongodb.net:27017] --- INFO  --- org.mongodb.driver.cluster -------- Exception in monitor thread while connecting to server ac-jcz0paw-shard-00-02.b7jb1jb.mongodb.net:27017 
com.mongodb.MongoSocketOpenException: Exception opening socket
	at com.mongodb.internal.connection.SocketStream.lambda$open$0(SocketStream.java:85)
	at java.base/java.util.Optional.orElseThrow(Optional.java:403)
	at com.mongodb.internal.connection.SocketStream.open(SocketStream.java:85)
	at com.mongodb.internal.connection.InternalStreamConnection.open(InternalStreamConnection.java:233)
	at com.mongodb.internal.connection.DefaultServerMonitor$ServerMonitor.lookupServerDescription(DefaultServerMonitor.java:219)
	at com.mongodb.internal.connection.DefaultServerMonitor$ServerMonitor.run(DefaultServerMonitor.java:176)
Caused by: java.net.SocketException: Network is unreachable: getsockopt
	at java.base/sun.nio.ch.Net.pollConnect(Native Method)
	at java.base/sun.nio.ch.Net.pollConnectNow(Net.java:684)
	at java.base/sun.nio.ch.NioSocketImpl.timedFinishConnect(NioSocketImpl.java:547)
	at java.base/sun.nio.ch.NioSocketImpl.connect(NioSocketImpl.java:602)
	at java.base/java.net.SocksSocketImpl.connect(SocksSocketImpl.java:327)
	at java.base/java.net.Socket.connect(Socket.java:633)
	at java.base/sun.security.ssl.SSLSocketImpl.connect(SSLSocketImpl.java:304)
	at com.mongodb.internal.connection.SocketStreamHelper.initialize(SocketStreamHelper.java:76)
	at com.mongodb.internal.connection.SocketStream.initializeSocket(SocketStream.java:104)
	at com.mongodb.internal.connection.SocketStream.open(SocketStream.java:79)
	... 3 common frames omitted
00:38:31.768 -------- [cluster-ClusterId{value='69bc053d39342fef966965fb', description='Cluster0'}-ac-jcz0paw-shard-00-01.b7jb1jb.mongodb.net:27017] --- INFO  --- org.mongodb.driver.cluster -------- Exception in monitor thread while connecting to server ac-jcz0paw-shard-00-01.b7jb1jb.mongodb.net:27017 
com.mongodb.MongoSocketOpenException: Exception opening socket
	at com.mongodb.internal.connection.SocketStream.lambda$open$0(SocketStream.java:85)
	at java.base/java.util.Optional.orElseThrow(Optional.java:403)
	at com.mongodb.internal.connection.SocketStream.open(SocketStream.java:85)
	at com.mongodb.internal.connection.InternalStreamConnection.open(InternalStreamConnection.java:233)
	at com.mongodb.internal.connection.DefaultServerMonitor$ServerMonitor.lookupServerDescription(DefaultServerMonitor.java:219)
	at com.mongodb.internal.connection.DefaultServerMonitor$ServerMonitor.run(DefaultServerMonitor.java:176)
Caused by: java.net.SocketException: Network is unreachable: getsockopt
	at java.base/sun.nio.ch.Net.pollConnect(Native Method)
	at java.base/sun.nio.ch.Net.pollConnectNow(Net.java:684)
	at java.base/sun.nio.ch.NioSocketImpl.timedFinishConnect(NioSocketImpl.java:547)
	at java.base/sun.nio.ch.NioSocketImpl.connect(NioSocketImpl.java:602)
	at java.base/java.net.SocksSocketImpl.connect(SocksSocketImpl.java:327)
	at java.base/java.net.Socket.connect(Socket.java:633)
	at java.base/sun.security.ssl.SSLSocketImpl.connect(SSLSocketImpl.java:304)
	at com.mongodb.internal.connection.SocketStreamHelper.initialize(SocketStreamHelper.java:76)
	at com.mongodb.internal.connection.SocketStream.initializeSocket(SocketStream.java:104)
	at com.mongodb.internal.connection.SocketStream.open(SocketStream.java:79)
	... 3 common frames omitted
00:38:31.787 -------- [cluster-ClusterId{value='69bc053d39342fef966965fb', description='Cluster0'}-ac-jcz0paw-shard-00-00.b7jb1jb.mongodb.net:27017] --- INFO  --- org.mongodb.driver.cluster -------- Exception in monitor thread while connecting to server ac-jcz0paw-shard-00-00.b7jb1jb.mongodb.net:27017 
com.mongodb.MongoSocketException: No such host is known (ac-jcz0paw-shard-00-00.b7jb1jb.mongodb.net)
	at com.mongodb.internal.connection.ServerAddressHelper.getSocketAddresses(ServerAddressHelper.java:75)
	at com.mongodb.internal.connection.SocketStream.initializeSocket(SocketStream.java:100)
	at com.mongodb.internal.connection.SocketStream.open(SocketStream.java:79)
	at com.mongodb.internal.connection.InternalStreamConnection.open(InternalStreamConnection.java:233)
	at com.mongodb.internal.connection.DefaultServerMonitor$ServerMonitor.lookupServerDescription(DefaultServerMonitor.java:219)
	at com.mongodb.internal.connection.DefaultServerMonitor$ServerMonitor.run(DefaultServerMonitor.java:176)
Caused by: java.net.UnknownHostException: No such host is known (ac-jcz0paw-shard-00-00.b7jb1jb.mongodb.net)
	at java.base/java.net.Inet6AddressImpl.lookupAllHostAddr(Native Method)
	at java.base/java.net.InetAddress$PlatformNameService.lookupAllHostAddr(InetAddress.java:934)
	at java.base/java.net.InetAddress.getAddressesFromNameService(InetAddress.java:1543)
	at java.base/java.net.InetAddress$NameServiceAddresses.get(InetAddress.java:852)
	at java.base/java.net.InetAddress.getAllByName0(InetAddress.java:1533)
	at java.base/java.net.InetAddress.getAllByName(InetAddress.java:1385)
	at java.base/java.net.InetAddress.getAllByName(InetAddress.java:1306)
	at com.mongodb.internal.connection.DefaultInetAddressResolver.lookupByName(DefaultInetAddressResolver.java:34)
	at com.mongodb.internal.connection.ServerAddressHelper.getSocketAddresses(ServerAddressHelper.java:71)
	... 5 common frames omitted
02:57:39.090 -------- [cluster-ClusterId{value='69bc053d39342fef966965fb', description='Cluster0'}-ac-jcz0paw-shard-00-02.b7jb1jb.mongodb.net:27017] --- INFO  --- org.mongodb.driver.cluster -------- Exception in monitor thread while connecting to server ac-jcz0paw-shard-00-02.b7jb1jb.mongodb.net:27017 
com.mongodb.MongoSocketWriteException: Exception sending message
	at com.mongodb.internal.connection.InternalStreamConnection.throwTranslatedWriteException(InternalStreamConnection.java:785)
	at com.mongodb.internal.connection.InternalStreamConnection.sendMessage(InternalStreamConnection.java:670)
	at com.mongodb.internal.connection.InternalStreamConnection.trySendMessage(InternalStreamConnection.java:507)
	at com.mongodb.internal.connection.InternalStreamConnection.sendCommandMessage(InternalStreamConnection.java:482)
	at com.mongodb.internal.connection.InternalStreamConnection.sendAndReceiveInternal(InternalStreamConnection.java:440)
	at com.mongodb.internal.connection.InternalStreamConnection.lambda$sendAndReceive$0(InternalStreamConnection.java:375)
	at com.mongodb.internal.connection.InternalStreamConnection.sendAndReceive(InternalStreamConnection.java:378)
	at com.mongodb.internal.connection.CommandHelper.sendAndReceive(CommandHelper.java:100)
	at com.mongodb.internal.connection.CommandHelper.executeCommand(CommandHelper.java:49)
	at com.mongodb.internal.connection.InternalStreamConnectionInitializer.initializeConnectionDescription(InternalStreamConnectionInitializer.java:144)
	at com.mongodb.internal.connection.InternalStreamConnectionInitializer.startHandshake(InternalStreamConnectionInitializer.java:79)
	at com.mongodb.internal.connection.InternalStreamConnection.open(InternalStreamConnection.java:235)
	at com.mongodb.internal.connection.DefaultServerMonitor$ServerMonitor.lookupServerDescription(DefaultServerMonitor.java:219)
	at com.mongodb.internal.connection.DefaultServerMonitor$ServerMonitor.run(DefaultServerMonitor.java:176)
Caused by: javax.net.ssl.SSLException: Received fatal alert: internal_error
	at java.base/sun.security.ssl.Alert.createSSLException(Alert.java:133)
	at java.base/sun.security.ssl.Alert.createSSLException(Alert.java:117)
	at java.base/sun.security.ssl.TransportContext.fatal(TransportContext.java:370)
	at java.base/sun.security.ssl.Alert$AlertConsumer.consume(Alert.java:293)
	at java.base/sun.security.ssl.TransportContext.dispatch(TransportContext.java:209)
	at java.base/sun.security.ssl.SSLTransport.decode(SSLTransport.java:172)
	at java.base/sun.security.ssl.SSLSocketImpl.decode(SSLSocketImpl.java:1510)
	at java.base/sun.security.ssl.SSLSocketImpl.readHandshakeRecord(SSLSocketImpl.java:1425)
	at java.base/sun.security.ssl.SSLSocketImpl.startHandshake(SSLSocketImpl.java:455)
	at java.base/sun.security.ssl.SSLSocketImpl.ensureNegotiated(SSLSocketImpl.java:925)
	at java.base/sun.security.ssl.SSLSocketImpl$AppOutputStream.write(SSLSocketImpl.java:1295)
	at com.mongodb.internal.connection.SocketStream.write(SocketStream.java:165)
	at com.mongodb.internal.connection.InternalStreamConnection.sendMessage(InternalStreamConnection.java:667)
	... 12 common frames omitted
02:57:39.119 -------- [cluster-ClusterId{value='69bc053d39342fef966965fb', description='Cluster0'}-ac-jcz0paw-shard-00-01.b7jb1jb.mongodb.net:27017] --- INFO  --- org.mongodb.driver.cluster -------- Exception in monitor thread while connecting to server ac-jcz0paw-shard-00-01.b7jb1jb.mongodb.net:27017 
com.mongodb.MongoSocketWriteException: Exception sending message
	at com.mongodb.internal.connection.InternalStreamConnection.throwTranslatedWriteException(InternalStreamConnection.java:785)
	at com.mongodb.internal.connection.InternalStreamConnection.sendMessage(InternalStreamConnection.java:670)
	at com.mongodb.internal.connection.InternalStreamConnection.trySendMessage(InternalStreamConnection.java:507)
	at com.mongodb.internal.connection.InternalStreamConnection.sendCommandMessage(InternalStreamConnection.java:482)
	at com.mongodb.internal.connection.InternalStreamConnection.sendAndReceiveInternal(InternalStreamConnection.java:440)
	at com.mongodb.internal.connection.InternalStreamConnection.lambda$sendAndReceive$0(InternalStreamConnection.java:375)
	at com.mongodb.internal.connection.InternalStreamConnection.sendAndReceive(InternalStreamConnection.java:378)
	at com.mongodb.internal.connection.CommandHelper.sendAndReceive(CommandHelper.java:100)
	at com.mongodb.internal.connection.CommandHelper.executeCommand(CommandHelper.java:49)
	at com.mongodb.internal.connection.InternalStreamConnectionInitializer.initializeConnectionDescription(InternalStreamConnectionInitializer.java:144)
	at com.mongodb.internal.connection.InternalStreamConnectionInitializer.startHandshake(InternalStreamConnectionInitializer.java:79)
	at com.mongodb.internal.connection.InternalStreamConnection.open(InternalStreamConnection.java:235)
	at com.mongodb.internal.connection.DefaultServerMonitor$ServerMonitor.lookupServerDescription(DefaultServerMonitor.java:219)
	at com.mongodb.internal.connection.DefaultServerMonitor$ServerMonitor.run(DefaultServerMonitor.java:176)
Caused by: javax.net.ssl.SSLException: Received fatal alert: internal_error
	at java.base/sun.security.ssl.Alert.createSSLException(Alert.java:133)
	at java.base/sun.security.ssl.Alert.createSSLException(Alert.java:117)
	at java.base/sun.security.ssl.TransportContext.fatal(TransportContext.java:370)
	at java.base/sun.security.ssl.Alert$AlertConsumer.consume(Alert.java:293)
	at java.base/sun.security.ssl.TransportContext.dispatch(TransportContext.java:209)
	at java.base/sun.security.ssl.SSLTransport.decode(SSLTransport.java:172)
	at java.base/sun.security.ssl.SSLSocketImpl.decode(SSLSocketImpl.java:1510)
	at java.base/sun.security.ssl.SSLSocketImpl.readHandshakeRecord(SSLSocketImpl.java:1425)
	at java.base/sun.security.ssl.SSLSocketImpl.startHandshake(SSLSocketImpl.java:455)
	at java.base/sun.security.ssl.SSLSocketImpl.ensureNegotiated(SSLSocketImpl.java:925)
	at java.base/sun.security.ssl.SSLSocketImpl$AppOutputStream.write(SSLSocketImpl.java:1295)
	at com.mongodb.internal.connection.SocketStream.write(SocketStream.java:165)
	at com.mongodb.internal.connection.InternalStreamConnection.sendMessage(InternalStreamConnection.java:667)
	... 12 common frames omitted
02:57:39.119 -------- [cluster-ClusterId{value='69bc053d39342fef966965fb', description='Cluster0'}-ac-jcz0paw-shard-00-00.b7jb1jb.mongodb.net:27017] --- INFO  --- org.mongodb.driver.cluster -------- Exception in monitor thread while connecting to server ac-jcz0paw-shard-00-00.b7jb1jb.mongodb.net:27017 
com.mongodb.MongoSocketWriteException: Exception sending message
	at com.mongodb.internal.connection.InternalStreamConnection.throwTranslatedWriteException(InternalStreamConnection.java:785)
	at com.mongodb.internal.connection.InternalStreamConnection.sendMessage(InternalStreamConnection.java:670)
	at com.mongodb.internal.connection.InternalStreamConnection.trySendMessage(InternalStreamConnection.java:507)
	at com.mongodb.internal.connection.InternalStreamConnection.sendCommandMessage(InternalStreamConnection.java:482)
	at com.mongodb.internal.connection.InternalStreamConnection.sendAndReceiveInternal(InternalStreamConnection.java:440)
	at com.mongodb.internal.connection.InternalStreamConnection.lambda$sendAndReceive$0(InternalStreamConnection.java:375)
	at com.mongodb.internal.connection.InternalStreamConnection.sendAndReceive(InternalStreamConnection.java:378)
	at com.mongodb.internal.connection.CommandHelper.sendAndReceive(CommandHelper.java:100)
	at com.mongodb.internal.connection.CommandHelper.executeCommand(CommandHelper.java:49)
	at com.mongodb.internal.connection.InternalStreamConnectionInitializer.initializeConnectionDescription(InternalStreamConnectionInitializer.java:144)
	at com.mongodb.internal.connection.InternalStreamConnectionInitializer.startHandshake(InternalStreamConnectionInitializer.java:79)
	at com.mongodb.internal.connection.InternalStreamConnection.open(InternalStreamConnection.java:235)
	at com.mongodb.internal.connection.DefaultServerMonitor$ServerMonitor.lookupServerDescription(DefaultServerMonitor.java:219)
	at com.mongodb.internal.connection.DefaultServerMonitor$ServerMonitor.run(DefaultServerMonitor.java:176)
Caused by: javax.net.ssl.SSLException: Received fatal alert: internal_error
	at java.base/sun.security.ssl.Alert.createSSLException(Alert.java:133)
	at java.base/sun.security.ssl.Alert.createSSLException(Alert.java:117)
	at java.base/sun.security.ssl.TransportContext.fatal(TransportContext.java:370)
	at java.base/sun.security.ssl.Alert$AlertConsumer.consume(Alert.java:293)
	at java.base/sun.security.ssl.TransportContext.dispatch(TransportContext.java:209)
	at java.base/sun.security.ssl.SSLTransport.decode(SSLTransport.java:172)
	at java.base/sun.security.ssl.SSLSocketImpl.decode(SSLSocketImpl.java:1510)
	at java.base/sun.security.ssl.SSLSocketImpl.readHandshakeRecord(SSLSocketImpl.java:1425)
	at java.base/sun.security.ssl.SSLSocketImpl.startHandshake(SSLSocketImpl.java:455)
	at java.base/sun.security.ssl.SSLSocketImpl.ensureNegotiated(SSLSocketImpl.java:925)
	at java.base/sun.security.ssl.SSLSocketImpl$AppOutputStream.write(SSLSocketImpl.java:1295)
	at com.mongodb.internal.connection.SocketStream.write(SocketStream.java:165)
	at com.mongodb.internal.connection.InternalStreamConnection.sendMessage(InternalStreamConnection.java:667)
	... 12 common frames omitted
11:06:41.396 -------- [cluster-ClusterId{value='69bc053d39342fef966965fb', description='Cluster0'}-ac-jcz0paw-shard-00-01.b7jb1jb.mongodb.net:27017] --- INFO  --- org.mongodb.driver.cluster -------- Exception in monitor thread while connecting to server ac-jcz0paw-shard-00-01.b7jb1jb.mongodb.net:27017 
com.mongodb.MongoSocketOpenException: Exception opening socket
	at com.mongodb.internal.connection.SocketStream.lambda$open$0(SocketStream.java:85)
	at java.base/java.util.Optional.orElseThrow(Optional.java:403)
	at com.mongodb.internal.connection.SocketStream.open(SocketStream.java:85)
	at com.mongodb.internal.connection.InternalStreamConnection.open(InternalStreamConnection.java:233)
	at com.mongodb.internal.connection.DefaultServerMonitor$ServerMonitor.lookupServerDescription(DefaultServerMonitor.java:219)
	at com.mongodb.internal.connection.DefaultServerMonitor$ServerMonitor.run(DefaultServerMonitor.java:176)
Caused by: java.net.SocketTimeoutException: Connect timed out
	at java.base/sun.nio.ch.NioSocketImpl.timedFinishConnect(NioSocketImpl.java:551)
	at java.base/sun.nio.ch.NioSocketImpl.connect(NioSocketImpl.java:602)
	at java.base/java.net.SocksSocketImpl.connect(SocksSocketImpl.java:327)
	at java.base/java.net.Socket.connect(Socket.java:633)
	at java.base/sun.security.ssl.SSLSocketImpl.connect(SSLSocketImpl.java:304)
	at com.mongodb.internal.connection.SocketStreamHelper.initialize(SocketStreamHelper.java:76)
	at com.mongodb.internal.connection.SocketStream.initializeSocket(SocketStream.java:104)
	at com.mongodb.internal.connection.SocketStream.open(SocketStream.java:79)
	... 3 common frames omitted
11:06:51.459 -------- [cluster-ClusterId{value='69bc053d39342fef966965fb', description='Cluster0'}-ac-jcz0paw-shard-00-01.b7jb1jb.mongodb.net:27017] --- INFO  --- org.mongodb.driver.cluster -------- Exception in monitor thread while connecting to server ac-jcz0paw-shard-00-01.b7jb1jb.mongodb.net:27017 
com.mongodb.MongoSocketWriteException: Exception sending message
	at com.mongodb.internal.connection.InternalStreamConnection.throwTranslatedWriteException(InternalStreamConnection.java:785)
	at com.mongodb.internal.connection.InternalStreamConnection.sendMessage(InternalStreamConnection.java:670)
	at com.mongodb.internal.connection.InternalStreamConnection.trySendMessage(InternalStreamConnection.java:507)
	at com.mongodb.internal.connection.InternalStreamConnection.sendCommandMessage(InternalStreamConnection.java:482)
	at com.mongodb.internal.connection.InternalStreamConnection.sendAndReceiveInternal(InternalStreamConnection.java:440)
	at com.mongodb.internal.connection.InternalStreamConnection.lambda$sendAndReceive$0(InternalStreamConnection.java:375)
	at com.mongodb.internal.connection.InternalStreamConnection.sendAndReceive(InternalStreamConnection.java:378)
	at com.mongodb.internal.connection.CommandHelper.sendAndReceive(CommandHelper.java:100)
	at com.mongodb.internal.connection.CommandHelper.executeCommand(CommandHelper.java:49)
	at com.mongodb.internal.connection.InternalStreamConnectionInitializer.initializeConnectionDescription(InternalStreamConnectionInitializer.java:144)
	at com.mongodb.internal.connection.InternalStreamConnectionInitializer.startHandshake(InternalStreamConnectionInitializer.java:79)
	at com.mongodb.internal.connection.InternalStreamConnection.open(InternalStreamConnection.java:235)
	at com.mongodb.internal.connection.DefaultServerMonitor$ServerMonitor.lookupServerDescription(DefaultServerMonitor.java:219)
	at com.mongodb.internal.connection.DefaultServerMonitor$ServerMonitor.run(DefaultServerMonitor.java:176)
Caused by: javax.net.ssl.SSLException: Received fatal alert: internal_error
	at java.base/sun.security.ssl.Alert.createSSLException(Alert.java:133)
	at java.base/sun.security.ssl.Alert.createSSLException(Alert.java:117)
	at java.base/sun.security.ssl.TransportContext.fatal(TransportContext.java:370)
	at java.base/sun.security.ssl.Alert$AlertConsumer.consume(Alert.java:293)
	at java.base/sun.security.ssl.TransportContext.dispatch(TransportContext.java:209)
	at java.base/sun.security.ssl.SSLTransport.decode(SSLTransport.java:172)
	at java.base/sun.security.ssl.SSLSocketImpl.decode(SSLSocketImpl.java:1510)
	at java.base/sun.security.ssl.SSLSocketImpl.readHandshakeRecord(SSLSocketImpl.java:1425)
	at java.base/sun.security.ssl.SSLSocketImpl.startHandshake(SSLSocketImpl.java:455)
	at java.base/sun.security.ssl.SSLSocketImpl.ensureNegotiated(SSLSocketImpl.java:925)
	at java.base/sun.security.ssl.SSLSocketImpl$AppOutputStream.write(SSLSocketImpl.java:1295)
	at com.mongodb.internal.connection.SocketStream.write(SocketStream.java:165)
	at com.mongodb.internal.connection.InternalStreamConnection.sendMessage(InternalStreamConnection.java:667)
	... 12 common frames omitted
11:07:39.207 -------- [SpringApplicationShutdownHook] --- INFO  --- o.s.b.w.e.tomcat.GracefulShutdown -------- Commencing graceful shutdown. Waiting for active requests to complete 
11:07:39.361 -------- [tomcat-shutdown] --- INFO  --- o.s.b.w.e.tomcat.GracefulShutdown -------- Graceful shutdown complete 
11:07:43.669 -------- [restartedMain] --- INFO  --- c.app.journal.JournalAppApplication -------- Starting JournalAppApplication using Java 17.0.18 with PID 21976 (C:\Users\hp\Desktop\Study\Java-programs\JournalApplication\journal\target\classes started by hp in C:\Users\hp\Desktop\Study\Java-programs\JournalApplication) 
11:07:43.671 -------- [restartedMain] --- DEBUG --- c.app.journal.JournalAppApplication -------- Running with Spring Boot v3.5.11, Spring v6.2.16 
11:07:43.672 -------- [restartedMain] --- INFO  --- c.app.journal.JournalAppApplication -------- No active profile set, falling back to 1 default profile: "default" 
11:07:43.727 -------- [restartedMain] --- INFO  --- o.s.b.d.e.DevToolsPropertyDefaultsPostProcessor -------- Devtools property defaults active! Set 'spring.devtools.add-properties' to 'false' to disable 
11:07:43.727 -------- [restartedMain] --- INFO  --- o.s.b.d.e.DevToolsPropertyDefaultsPostProcessor -------- For additional web related logging consider setting the 'logging.level.web' property to 'DEBUG' 
11:07:44.555 -------- [restartedMain] --- INFO  --- o.s.d.r.c.RepositoryConfigurationDelegate -------- Multiple Spring Data modules found, entering strict repository configuration mode 
11:07:44.557 -------- [restartedMain] --- INFO  --- o.s.d.r.c.RepositoryConfigurationDelegate -------- Bootstrapping Spring Data MongoDB repositories in DEFAULT mode. 
11:07:44.671 -------- [restartedMain] --- INFO  --- o.s.d.r.c.RepositoryConfigurationDelegate -------- Finished Spring Data repository scanning in 107 ms. Found 3 MongoDB repository interfaces. 
11:07:44.689 -------- [restartedMain] --- INFO  --- o.s.d.r.c.RepositoryConfigurationDelegate -------- Multiple Spring Data modules found, entering strict repository configuration mode 
11:07:44.690 -------- [restartedMain] --- INFO  --- o.s.d.r.c.RepositoryConfigurationDelegate -------- Bootstrapping Spring Data Redis repositories in DEFAULT mode. 
11:07:44.707 -------- [restartedMain] --- INFO  --- o.s.d.r.c.RepositoryConfigurationExtensionSupport -------- Spring Data Redis - Could not safely identify store assignment for repository candidate interface com.app.journal.repository.ConfigJournalAppRepository; If you want this repository to be a Redis repository, consider annotating your entities with one of these annotations: org.springframework.data.redis.core.RedisHash (preferred), or consider extending one of the following types with your repository: org.springframework.data.keyvalue.repository.KeyValueRepository 
11:07:44.707 -------- [restartedMain] --- INFO  --- o.s.d.r.c.RepositoryConfigurationExtensionSupport -------- Spring Data Redis - Could not safely identify store assignment for repository candidate interface com.app.journal.repository.JournalEntryRepository; If you want this repository to be a Redis repository, consider annotating your entities with one of these annotations: org.springframework.data.redis.core.RedisHash (preferred), or consider extending one of the following types with your repository: org.springframework.data.keyvalue.repository.KeyValueRepository 
11:07:44.707 -------- [restartedMain] --- INFO  --- o.s.d.r.c.RepositoryConfigurationExtensionSupport -------- Spring Data Redis - Could not safely identify store assignment for repository candidate interface com.app.journal.repository.UserRepository; If you want this repository to be a Redis repository, consider annotating your entities with one of these annotations: org.springframework.data.redis.core.RedisHash (preferred), or consider extending one of the following types with your repository: org.springframework.data.keyvalue.repository.KeyValueRepository 
11:07:44.707 -------- [restartedMain] --- INFO  --- o.s.d.r.c.RepositoryConfigurationDelegate -------- Finished Spring Data repository scanning in 8 ms. Found 0 Redis repository interfaces. 
11:07:45.399 -------- [restartedMain] --- INFO  --- o.s.b.w.e.tomcat.TomcatWebServer -------- Tomcat initialized with port 8080 (http) 
11:07:45.413 -------- [restartedMain] --- INFO  --- o.a.coyote.http11.Http11NioProtocol -------- Initializing ProtocolHandler ["http-nio-8080"] 
11:07:45.416 -------- [restartedMain] --- INFO  --- o.a.catalina.core.StandardService -------- Starting service [Tomcat] 
11:07:45.416 -------- [restartedMain] --- INFO  --- o.a.catalina.core.StandardEngine -------- Starting Servlet engine: [Apache Tomcat/10.1.52] 
11:07:45.476 -------- [restartedMain] --- INFO  --- o.a.c.c.C.[Tomcat].[localhost].[/] -------- Initializing Spring embedded WebApplicationContext 
11:07:45.477 -------- [restartedMain] --- INFO  --- o.s.b.w.s.c.ServletWebServerApplicationContext -------- Root WebApplicationContext: initialization completed in 1749 ms 
11:07:45.824 -------- [restartedMain] --- INFO  --- org.mongodb.driver.client -------- MongoClient with metadata {"application": {"name": "Cluster0"}, "driver": {"name": "mongo-java-driver|sync|spring-boot", "version": "5.5.2"}, "os": {"type": "Windows", "name": "Windows 11", "architecture": "amd64", "version": "10.0"}, "platform": "Java/Microsoft/17.0.18+8-LTS"} created with settings MongoClientSettings{readPreference=primary, writeConcern=WriteConcern{w=null, wTimeout=null ms, journal=null}, retryWrites=true, retryReads=true, readConcern=ReadConcern{level=null}, credential=MongoCredential{mechanism=null, userName='mailmerajansari_db_user', source='admin', password=<hidden>, mechanismProperties=<hidden>}, transportSettings=null, commandListeners=[], codecRegistry=ProvidersCodecRegistry{codecProviders=[ValueCodecProvider{}, BsonValueCodecProvider{}, DBRefCodecProvider{}, DBObjectCodecProvider{}, DocumentCodecProvider{}, CollectionCodecProvider{}, IterableCodecProvider{}, MapCodecProvider{}, GeoJsonCodecProvider{}, GridFSFileCodecProvider{}, Jsr310CodecProvider{}, JsonObjectCodecProvider{}, BsonCodecProvider{}, EnumCodecProvider{}, com.mongodb.client.model.mql.ExpressionCodecProvider@232dcf80, com.mongodb.Jep395RecordCodecProvider@7c78a86d, com.mongodb.KotlinCodecProvider@334de4e]}, loggerSettings=LoggerSettings{maxDocumentLength=1000}, clusterSettings={hosts=[127.0.0.1:27017], srvHost=cluster0.b7jb1jb.mongodb.net, srvServiceName=mongodb, mode=MULTIPLE, requiredClusterType=REPLICA_SET, requiredReplicaSetName='atlas-10vsg5-shard-0', serverSelector='null', clusterListeners='[]', serverSelectionTimeout='30000 ms', localThreshold='15 ms'}, socketSettings=SocketSettings{connectTimeoutMS=10000, readTimeoutMS=0, receiveBufferSize=0, proxySettings=ProxySettings{host=null, port=null, username=null, password=null}}, heartbeatSocketSettings=SocketSettings{connectTimeoutMS=10000, readTimeoutMS=10000, receiveBufferSize=0, proxySettings=ProxySettings{host=null, port=null, username=null, password=null}}, connectionPoolSettings=ConnectionPoolSettings{maxSize=100, minSize=0, maxWaitTimeMS=120000, maxConnectionLifeTimeMS=0, maxConnectionIdleTimeMS=0, maintenanceInitialDelayMS=0, maintenanceFrequencyMS=60000, connectionPoolListeners=[], maxConnecting=2}, serverSettings=ServerSettings{heartbeatFrequencyMS=10000, minHeartbeatFrequencyMS=500, serverMonitoringMode=AUTO, serverListeners='[]', serverMonitorListeners='[]'}, sslSettings=SslSettings{enabled=true, invalidHostNameAllowed=false, context=null}, applicationName='Cluster0', compressorList=[], uuidRepresentation=JAVA_LEGACY, serverApi=null, autoEncryptionSettings=null, dnsClient=null, inetAddressResolver=null, contextProvider=null, timeoutMS=null} 
11:07:45.844 -------- [cluster-ClusterId{value='69bcdd29b38f1d7ee90cd5dd', description='Cluster0'}-srv-cluster0.b7jb1jb.mongodb.net] --- INFO  --- org.mongodb.driver.cluster -------- Adding discovered server ac-jcz0paw-shard-00-00.b7jb1jb.mongodb.net:27017 to client view of cluster 
11:07:45.875 -------- [cluster-ClusterId{value='69bcdd29b38f1d7ee90cd5dd', description='Cluster0'}-srv-cluster0.b7jb1jb.mongodb.net] --- INFO  --- org.mongodb.driver.cluster -------- Adding discovered server ac-jcz0paw-shard-00-01.b7jb1jb.mongodb.net:27017 to client view of cluster 
11:07:45.878 -------- [cluster-ClusterId{value='69bcdd29b38f1d7ee90cd5dd', description='Cluster0'}-srv-cluster0.b7jb1jb.mongodb.net] --- INFO  --- org.mongodb.driver.cluster -------- Adding discovered server ac-jcz0paw-shard-00-02.b7jb1jb.mongodb.net:27017 to client view of cluster 
11:07:46.053 -------- [restartedMain] --- INFO  --- o.s.b.d.a.OptionalLiveReloadServer -------- LiveReload server is running on port 35729 
11:07:46.242 -------- [restartedMain] --- INFO  --- org.mongodb.driver.cluster -------- Waiting for server to become available for operation with ID 5. Remaining time: 29986 ms. Selector: WritableServerSelector, topology description: {type=REPLICA_SET, servers=[{address=ac-jcz0paw-shard-00-01.b7jb1jb.mongodb.net:27017, type=UNKNOWN, state=CONNECTING}, {address=ac-jcz0paw-shard-00-02.b7jb1jb.mongodb.net:27017, type=UNKNOWN, state=CONNECTING}, {address=ac-jcz0paw-shard-00-00.b7jb1jb.mongodb.net:27017, type=UNKNOWN, state=CONNECTING}]. 
11:07:46.268 -------- [cluster-ClusterId{value='69bcdd29b38f1d7ee90cd5dd', description='Cluster0'}-ac-jcz0paw-shard-00-00.b7jb1jb.mongodb.net:27017] --- INFO  --- org.mongodb.driver.cluster -------- Exception in monitor thread while connecting to server ac-jcz0paw-shard-00-00.b7jb1jb.mongodb.net:27017 
com.mongodb.MongoSocketWriteException: Exception sending message
	at com.mongodb.internal.connection.InternalStreamConnection.throwTranslatedWriteException(InternalStreamConnection.java:785)
	at com.mongodb.internal.connection.InternalStreamConnection.sendMessage(InternalStreamConnection.java:670)
	at com.mongodb.internal.connection.InternalStreamConnection.trySendMessage(InternalStreamConnection.java:507)
	at com.mongodb.internal.connection.InternalStreamConnection.sendCommandMessage(InternalStreamConnection.java:482)
	at com.mongodb.internal.connection.InternalStreamConnection.sendAndReceiveInternal(InternalStreamConnection.java:440)
	at com.mongodb.internal.connection.InternalStreamConnection.lambda$sendAndReceive$0(InternalStreamConnection.java:375)
	at com.mongodb.internal.connection.InternalStreamConnection.sendAndReceive(InternalStreamConnection.java:378)
	at com.mongodb.internal.connection.CommandHelper.sendAndReceive(CommandHelper.java:100)
	at com.mongodb.internal.connection.CommandHelper.executeCommand(CommandHelper.java:49)
	at com.mongodb.internal.connection.InternalStreamConnectionInitializer.initializeConnectionDescription(InternalStreamConnectionInitializer.java:144)
	at com.mongodb.internal.connection.InternalStreamConnectionInitializer.startHandshake(InternalStreamConnectionInitializer.java:79)
	at com.mongodb.internal.connection.InternalStreamConnection.open(InternalStreamConnection.java:235)
	at com.mongodb.internal.connection.DefaultServerMonitor$ServerMonitor.lookupServerDescription(DefaultServerMonitor.java:219)
	at com.mongodb.internal.connection.DefaultServerMonitor$ServerMonitor.run(DefaultServerMonitor.java:176)
Caused by: javax.net.ssl.SSLException: Received fatal alert: internal_error
	at java.base/sun.security.ssl.Alert.createSSLException(Alert.java:133)
	at java.base/sun.security.ssl.Alert.createSSLException(Alert.java:117)
	at java.base/sun.security.ssl.TransportContext.fatal(TransportContext.java:370)
	at java.base/sun.security.ssl.Alert$AlertConsumer.consume(Alert.java:293)
	at java.base/sun.security.ssl.TransportContext.dispatch(TransportContext.java:209)
	at java.base/sun.security.ssl.SSLTransport.decode(SSLTransport.java:172)
	at java.base/sun.security.ssl.SSLSocketImpl.decode(SSLSocketImpl.java:1510)
	at java.base/sun.security.ssl.SSLSocketImpl.readHandshakeRecord(SSLSocketImpl.java:1425)
	at java.base/sun.security.ssl.SSLSocketImpl.startHandshake(SSLSocketImpl.java:455)
	at java.base/sun.security.ssl.SSLSocketImpl.ensureNegotiated(SSLSocketImpl.java:925)
	at java.base/sun.security.ssl.SSLSocketImpl$AppOutputStream.write(SSLSocketImpl.java:1295)
	at com.mongodb.internal.connection.SocketStream.write(SocketStream.java:165)
	at com.mongodb.internal.connection.InternalStreamConnection.sendMessage(InternalStreamConnection.java:667)
	... 12 common frames omitted
11:07:46.268 -------- [cluster-ClusterId{value='69bcdd29b38f1d7ee90cd5dd', description='Cluster0'}-ac-jcz0paw-shard-00-02.b7jb1jb.mongodb.net:27017] --- INFO  --- org.mongodb.driver.cluster -------- Exception in monitor thread while connecting to server ac-jcz0paw-shard-00-02.b7jb1jb.mongodb.net:27017 
com.mongodb.MongoSocketWriteException: Exception sending message
	at com.mongodb.internal.connection.InternalStreamConnection.throwTranslatedWriteException(InternalStreamConnection.java:785)
	at com.mongodb.internal.connection.InternalStreamConnection.sendMessage(InternalStreamConnection.java:670)
	at com.mongodb.internal.connection.InternalStreamConnection.trySendMessage(InternalStreamConnection.java:507)
	at com.mongodb.internal.connection.InternalStreamConnection.sendCommandMessage(InternalStreamConnection.java:482)
	at com.mongodb.internal.connection.InternalStreamConnection.sendAndReceiveInternal(InternalStreamConnection.java:440)
	at com.mongodb.internal.connection.InternalStreamConnection.lambda$sendAndReceive$0(InternalStreamConnection.java:375)
	at com.mongodb.internal.connection.InternalStreamConnection.sendAndReceive(InternalStreamConnection.java:378)
	at com.mongodb.internal.connection.CommandHelper.sendAndReceive(CommandHelper.java:100)
	at com.mongodb.internal.connection.CommandHelper.executeCommand(CommandHelper.java:49)
	at com.mongodb.internal.connection.InternalStreamConnectionInitializer.initializeConnectionDescription(InternalStreamConnectionInitializer.java:144)
	at com.mongodb.internal.connection.InternalStreamConnectionInitializer.startHandshake(InternalStreamConnectionInitializer.java:79)
	at com.mongodb.internal.connection.InternalStreamConnection.open(InternalStreamConnection.java:235)
	at com.mongodb.internal.connection.DefaultServerMonitor$ServerMonitor.lookupServerDescription(DefaultServerMonitor.java:219)
	at com.mongodb.internal.connection.DefaultServerMonitor$ServerMonitor.run(DefaultServerMonitor.java:176)
Caused by: javax.net.ssl.SSLException: Received fatal alert: internal_error
	at java.base/sun.security.ssl.Alert.createSSLException(Alert.java:133)
	at java.base/sun.security.ssl.Alert.createSSLException(Alert.java:117)
	at java.base/sun.security.ssl.TransportContext.fatal(TransportContext.java:370)
	at java.base/sun.security.ssl.Alert$AlertConsumer.consume(Alert.java:293)
	at java.base/sun.security.ssl.TransportContext.dispatch(TransportContext.java:209)
	at java.base/sun.security.ssl.SSLTransport.decode(SSLTransport.java:172)
	at java.base/sun.security.ssl.SSLSocketImpl.decode(SSLSocketImpl.java:1510)
	at java.base/sun.security.ssl.SSLSocketImpl.readHandshakeRecord(SSLSocketImpl.java:1425)
	at java.base/sun.security.ssl.SSLSocketImpl.startHandshake(SSLSocketImpl.java:455)
	at java.base/sun.security.ssl.SSLSocketImpl.ensureNegotiated(SSLSocketImpl.java:925)
	at java.base/sun.security.ssl.SSLSocketImpl$AppOutputStream.write(SSLSocketImpl.java:1295)
	at com.mongodb.internal.connection.SocketStream.write(SocketStream.java:165)
	at com.mongodb.internal.connection.InternalStreamConnection.sendMessage(InternalStreamConnection.java:667)
	... 12 common frames omitted
11:07:46.268 -------- [cluster-ClusterId{value='69bcdd29b38f1d7ee90cd5dd', description='Cluster0'}-ac-jcz0paw-shard-00-01.b7jb1jb.mongodb.net:27017] --- INFO  --- org.mongodb.driver.cluster -------- Exception in monitor thread while connecting to server ac-jcz0paw-shard-00-01.b7jb1jb.mongodb.net:27017 
com.mongodb.MongoSocketWriteException: Exception sending message
	at com.mongodb.internal.connection.InternalStreamConnection.throwTranslatedWriteException(InternalStreamConnection.java:785)
	at com.mongodb.internal.connection.InternalStreamConnection.sendMessage(InternalStreamConnection.java:670)
	at com.mongodb.internal.connection.InternalStreamConnection.trySendMessage(InternalStreamConnection.java:507)
	at com.mongodb.internal.connection.InternalStreamConnection.sendCommandMessage(InternalStreamConnection.java:482)
	at com.mongodb.internal.connection.InternalStreamConnection.sendAndReceiveInternal(InternalStreamConnection.java:440)
	at com.mongodb.internal.connection.InternalStreamConnection.lambda$sendAndReceive$0(InternalStreamConnection.java:375)
	at com.mongodb.internal.connection.InternalStreamConnection.sendAndReceive(InternalStreamConnection.java:378)
	at com.mongodb.internal.connection.CommandHelper.sendAndReceive(CommandHelper.java:100)
	at com.mongodb.internal.connection.CommandHelper.executeCommand(CommandHelper.java:49)
	at com.mongodb.internal.connection.InternalStreamConnectionInitializer.initializeConnectionDescription(InternalStreamConnectionInitializer.java:144)
	at com.mongodb.internal.connection.InternalStreamConnectionInitializer.startHandshake(InternalStreamConnectionInitializer.java:79)
	at com.mongodb.internal.connection.InternalStreamConnection.open(InternalStreamConnection.java:235)
	at com.mongodb.internal.connection.DefaultServerMonitor$ServerMonitor.lookupServerDescription(DefaultServerMonitor.java:219)
	at com.mongodb.internal.connection.DefaultServerMonitor$ServerMonitor.run(DefaultServerMonitor.java:176)
Caused by: javax.net.ssl.SSLException: Received fatal alert: internal_error
	at java.base/sun.security.ssl.Alert.createSSLException(Alert.java:133)
	at java.base/sun.security.ssl.Alert.createSSLException(Alert.java:117)
	at java.base/sun.security.ssl.TransportContext.fatal(TransportContext.java:370)
	at java.base/sun.security.ssl.Alert$AlertConsumer.consume(Alert.java:293)
	at java.base/sun.security.ssl.TransportContext.dispatch(TransportContext.java:209)
	at java.base/sun.security.ssl.SSLTransport.decode(SSLTransport.java:172)
	at java.base/sun.security.ssl.SSLSocketImpl.decode(SSLSocketImpl.java:1510)
	at java.base/sun.security.ssl.SSLSocketImpl.readHandshakeRecord(SSLSocketImpl.java:1425)
	at java.base/sun.security.ssl.SSLSocketImpl.startHandshake(SSLSocketImpl.java:455)
	at java.base/sun.security.ssl.SSLSocketImpl.ensureNegotiated(SSLSocketImpl.java:925)
	at java.base/sun.security.ssl.SSLSocketImpl$AppOutputStream.write(SSLSocketImpl.java:1295)
	at com.mongodb.internal.connection.SocketStream.write(SocketStream.java:165)
	at com.mongodb.internal.connection.InternalStreamConnection.sendMessage(InternalStreamConnection.java:667)
	... 12 common frames omitted
11:08:16.234 -------- [restartedMain] --- WARN  --- o.s.b.w.s.c.AnnotationConfigServletWebServerApplicationContext -------- Exception encountered during context initialization - cancelling refresh attempt: org.springframework.beans.factory.UnsatisfiedDependencyException: Error creating bean with name 'appCache': Unsatisfied dependency expressed through field 'configJournalAppRepository': Error creating bean with name 'configJournalAppRepository' defined in com.app.journal.repository.ConfigJournalAppRepository defined in @EnableMongoRepositories declared on MongoRepositoriesRegistrar.EnableMongoRepositoriesConfiguration: Cannot resolve reference to bean 'mongoTemplate' while setting bean property 'mongoOperations' 
11:08:16.243 -------- [restartedMain] --- INFO  --- o.a.catalina.core.StandardService -------- Stopping service [Tomcat] 
11:08:16.262 -------- [restartedMain] --- INFO  --- o.s.b.a.l.ConditionEvaluationReportLogger -------- 

Error starting ApplicationContext. To display the condition evaluation report re-run your application with 'debug' enabled. 
11:08:16.326 -------- [restartedMain] --- ERROR --- o.s.boot.SpringApplication -------- Application run failed 
org.springframework.beans.factory.UnsatisfiedDependencyException: Error creating bean with name 'appCache': Unsatisfied dependency expressed through field 'configJournalAppRepository': Error creating bean with name 'configJournalAppRepository' defined in com.app.journal.repository.ConfigJournalAppRepository defined in @EnableMongoRepositories declared on MongoRepositoriesRegistrar.EnableMongoRepositoriesConfiguration: Cannot resolve reference to bean 'mongoTemplate' while setting bean property 'mongoOperations'
	at org.springframework.beans.factory.annotation.AutowiredAnnotationBeanPostProcessor$AutowiredFieldElement.resolveFieldValue(AutowiredAnnotationBeanPostProcessor.java:787)
	at org.springframework.beans.factory.annotation.AutowiredAnnotationBeanPostProcessor$AutowiredFieldElement.inject(AutowiredAnnotationBeanPostProcessor.java:767)
	at org.springframework.beans.factory.annotation.InjectionMetadata.inject(InjectionMetadata.java:146)
	at org.springframework.beans.factory.annotation.AutowiredAnnotationBeanPostProcessor.postProcessProperties(AutowiredAnnotationBeanPostProcessor.java:509)
	at org.springframework.beans.factory.support.AbstractAutowireCapableBeanFactory.populateBean(AbstractAutowireCapableBeanFactory.java:1459)
	at org.springframework.beans.factory.support.AbstractAutowireCapableBeanFactory.doCreateBean(AbstractAutowireCapableBeanFactory.java:606)
	at org.springframework.beans.factory.support.AbstractAutowireCapableBeanFactory.createBean(AbstractAutowireCapableBeanFactory.java:529)
	at org.springframework.beans.factory.support.AbstractBeanFactory.lambda$doGetBean$0(AbstractBeanFactory.java:339)
	at org.springframework.beans.factory.support.DefaultSingletonBeanRegistry.getSingleton(DefaultSingletonBeanRegistry.java:373)
	at org.springframework.beans.factory.support.AbstractBeanFactory.doGetBean(AbstractBeanFactory.java:337)
	at org.springframework.beans.factory.support.AbstractBeanFactory.getBean(AbstractBeanFactory.java:202)
	at org.springframework.beans.factory.support.DefaultListableBeanFactory.instantiateSingleton(DefaultListableBeanFactory.java:1228)
	at org.springframework.beans.factory.support.DefaultListableBeanFactory.preInstantiateSingleton(DefaultListableBeanFactory.java:1194)
	at org.springframework.beans.factory.support.DefaultListableBeanFactory.preInstantiateSingletons(DefaultListableBeanFactory.java:1130)
	at org.springframework.context.support.AbstractApplicationContext.finishBeanFactoryInitialization(AbstractApplicationContext.java:991)
	at org.springframework.context.support.AbstractApplicationContext.refresh(AbstractApplicationContext.java:628)
	at org.springframework.boot.web.servlet.context.ServletWebServerApplicationContext.refresh(ServletWebServerApplicationContext.java:146)
	at org.springframework.boot.SpringApplication.refresh(SpringApplication.java:752)
	at org.springframework.boot.SpringApplication.refreshContext(SpringApplication.java:439)
	at org.springframework.boot.SpringApplication.run(SpringApplication.java:318)
	at org.springframework.boot.SpringApplication.run(SpringApplication.java:1361)
	at org.springframework.boot.SpringApplication.run(SpringApplication.java:1350)
	at com.app.journal.JournalAppApplication.main(JournalAppApplication.java:19)
	at java.base/jdk.internal.reflect.NativeMethodAccessorImpl.invoke0(Native Method)
	at java.base/jdk.internal.reflect.NativeMethodAccessorImpl.invoke(NativeMethodAccessorImpl.java:77)
	at java.base/jdk.internal.reflect.DelegatingMethodAccessorImpl.invoke(DelegatingMethodAccessorImpl.java:43)
	at java.base/java.lang.reflect.Method.invoke(Method.java:569)
	at org.springframework.boot.devtools.restart.RestartLauncher.run(RestartLauncher.java:50)
Caused by: org.springframework.beans.factory.BeanCreationException: Error creating bean with name 'configJournalAppRepository' defined in com.app.journal.repository.ConfigJournalAppRepository defined in @EnableMongoRepositories declared on MongoRepositoriesRegistrar.EnableMongoRepositoriesConfiguration: Cannot resolve reference to bean 'mongoTemplate' while setting bean property 'mongoOperations'
	at org.springframework.beans.factory.support.BeanDefinitionValueResolver.resolveReference(BeanDefinitionValueResolver.java:377)
	at org.springframework.beans.factory.support.BeanDefinitionValueResolver.resolveValueIfNecessary(BeanDefinitionValueResolver.java:135)
	at org.springframework.beans.factory.support.AbstractAutowireCapableBeanFactory.applyPropertyValues(AbstractAutowireCapableBeanFactory.java:1725)
	at org.springframework.beans.factory.support.AbstractAutowireCapableBeanFactory.populateBean(AbstractAutowireCapableBeanFactory.java:1474)
	at org.springframework.beans.factory.support.AbstractAutowireCapableBeanFactory.doCreateBean(AbstractAutowireCapableBeanFactory.java:606)
	at org.springframework.beans.factory.support.AbstractAutowireCapableBeanFactory.createBean(AbstractAutowireCapableBeanFactory.java:529)
	at org.springframework.beans.factory.support.AbstractBeanFactory.lambda$doGetBean$0(AbstractBeanFactory.java:339)
	at org.springframework.beans.factory.support.DefaultSingletonBeanRegistry.getSingleton(DefaultSingletonBeanRegistry.java:373)
	at org.springframework.beans.factory.support.AbstractBeanFactory.doGetBean(AbstractBeanFactory.java:337)
	at org.springframework.beans.factory.support.AbstractBeanFactory.getBean(AbstractBeanFactory.java:202)
	at org.springframework.beans.factory.support.DefaultListableBeanFactory.doResolveDependency(DefaultListableBeanFactory.java:1708)
	at org.springframework.beans.factory.support.DefaultListableBeanFactory.resolveDependency(DefaultListableBeanFactory.java:1653)
	at org.springframework.beans.factory.annotation.AutowiredAnnotationBeanPostProcessor$AutowiredFieldElement.resolveFieldValue(AutowiredAnnotationBeanPostProcessor.java:784)
	... 27 common frames omitted
Caused by: org.springframework.beans.factory.BeanCreationException: Error creating bean with name 'mongoTemplate' defined in class path resource [org/springframework/boot/autoconfigure/data/mongo/MongoDatabaseFactoryDependentConfiguration.class]: Failed to instantiate [org.springframework.data.mongodb.core.MongoTemplate]: Factory method 'mongoTemplate' threw exception with message: Timed out while waiting for a server that matches WritableServerSelector. Client view of cluster state is {type=REPLICA_SET, servers=[{address=ac-jcz0paw-shard-00-01.b7jb1jb.mongodb.net:27017, type=UNKNOWN, state=CONNECTING, exception={com.mongodb.MongoSocketWriteException: Exception sending message}, caused by {javax.net.ssl.SSLException: Received fatal alert: internal_error}}, {address=ac-jcz0paw-shard-00-02.b7jb1jb.mongodb.net:27017, type=UNKNOWN, state=CONNECTING, exception={com.mongodb.MongoSocketWriteException: Exception sending message}, caused by {javax.net.ssl.SSLException: Received fatal alert: internal_error}}, {address=ac-jcz0paw-shard-00-00.b7jb1jb.mongodb.net:27017, type=UNKNOWN, state=CONNECTING, exception={com.mongodb.MongoSocketWriteException: Exception sending message}, caused by {javax.net.ssl.SSLException: Received fatal alert: internal_error}}]
	at org.springframework.beans.factory.support.ConstructorResolver.instantiate(ConstructorResolver.java:657)
	at org.springframework.beans.factory.support.ConstructorResolver.instantiateUsingFactoryMethod(ConstructorResolver.java:645)
	at org.springframework.beans.factory.support.AbstractAutowireCapableBeanFactory.instantiateUsingFactoryMethod(AbstractAutowireCapableBeanFactory.java:1375)
	at org.springframework.beans.factory.support.AbstractAutowireCapableBeanFactory.createBeanInstance(AbstractAutowireCapableBeanFactory.java:1205)
	at org.springframework.beans.factory.support.AbstractAutowireCapableBeanFactory.doCreateBean(AbstractAutowireCapableBeanFactory.java:569)
	at org.springframework.beans.factory.support.AbstractAutowireCapableBeanFactory.createBean(AbstractAutowireCapableBeanFactory.java:529)
	at org.springframework.beans.factory.support.AbstractBeanFactory.lambda$doGetBean$0(AbstractBeanFactory.java:339)
	at org.springframework.beans.factory.support.DefaultSingletonBeanRegistry.getSingleton(DefaultSingletonBeanRegistry.java:373)
	at org.springframework.beans.factory.support.AbstractBeanFactory.doGetBean(AbstractBeanFactory.java:337)
	at org.springframework.beans.factory.support.AbstractBeanFactory.getBean(AbstractBeanFactory.java:202)
	at org.springframework.beans.factory.support.BeanDefinitionValueResolver.resolveReference(BeanDefinitionValueResolver.java:365)
	... 39 common frames omitted
Caused by: org.springframework.beans.BeanInstantiationException: Failed to instantiate [org.springframework.data.mongodb.core.MongoTemplate]: Factory method 'mongoTemplate' threw exception with message: Timed out while waiting for a server that matches WritableServerSelector. Client view of cluster state is {type=REPLICA_SET, servers=[{address=ac-jcz0paw-shard-00-01.b7jb1jb.mongodb.net:27017, type=UNKNOWN, state=CONNECTING, exception={com.mongodb.MongoSocketWriteException: Exception sending message}, caused by {javax.net.ssl.SSLException: Received fatal alert: internal_error}}, {address=ac-jcz0paw-shard-00-02.b7jb1jb.mongodb.net:27017, type=UNKNOWN, state=CONNECTING, exception={com.mongodb.MongoSocketWriteException: Exception sending message}, caused by {javax.net.ssl.SSLException: Received fatal alert: internal_error}}, {address=ac-jcz0paw-shard-00-00.b7jb1jb.mongodb.net:27017, type=UNKNOWN, state=CONNECTING, exception={com.mongodb.MongoSocketWriteException: Exception sending message}, caused by {javax.net.ssl.SSLException: Received fatal alert: internal_error}}]
	at org.springframework.beans.factory.support.SimpleInstantiationStrategy.lambda$instantiate$0(SimpleInstantiationStrategy.java:200)
	at org.springframework.beans.factory.support.SimpleInstantiationStrategy.instantiateWithFactoryMethod(SimpleInstantiationStrategy.java:89)
	at org.springframework.beans.factory.support.SimpleInstantiationStrategy.instantiate(SimpleInstantiationStrategy.java:169)
	at org.springframework.beans.factory.support.ConstructorResolver.instantiate(ConstructorResolver.java:653)
	... 49 common frames omitted
Caused by: org.springframework.dao.DataAccessResourceFailureException: Timed out while waiting for a server that matches WritableServerSelector. Client view of cluster state is {type=REPLICA_SET, servers=[{address=ac-jcz0paw-shard-00-01.b7jb1jb.mongodb.net:27017, type=UNKNOWN, state=CONNECTING, exception={com.mongodb.MongoSocketWriteException: Exception sending message}, caused by {javax.net.ssl.SSLException: Received fatal alert: internal_error}}, {address=ac-jcz0paw-shard-00-02.b7jb1jb.mongodb.net:27017, type=UNKNOWN, state=CONNECTING, exception={com.mongodb.MongoSocketWriteException: Exception sending message}, caused by {javax.net.ssl.SSLException: Received fatal alert: internal_error}}, {address=ac-jcz0paw-shard-00-00.b7jb1jb.mongodb.net:27017, type=UNKNOWN, state=CONNECTING, exception={com.mongodb.MongoSocketWriteException: Exception sending message}, caused by {javax.net.ssl.SSLException: Received fatal alert: internal_error}}]
	at org.springframework.data.mongodb.core.MongoExceptionTranslator.doTranslateException(MongoExceptionTranslator.java:97)
	at org.springframework.data.mongodb.core.MongoExceptionTranslator.translateExceptionIfPossible(MongoExceptionTranslator.java:74)
	at org.springframework.data.mongodb.core.MongoTemplate.potentiallyConvertRuntimeException(MongoTemplate.java:3037)
	at org.springframework.data.mongodb.core.MongoTemplate.execute(MongoTemplate.java:618)
	at org.springframework.data.mongodb.core.DefaultIndexOperations.execute(DefaultIndexOperations.java:216)
	at org.springframework.data.mongodb.core.DefaultIndexOperations.createIndex(DefaultIndexOperations.java:120)
	at org.springframework.data.mongodb.core.index.IndexOperations.ensureIndex(IndexOperations.java:40)
	at org.springframework.data.mongodb.core.index.MongoPersistentEntityIndexCreator.createIndex(MongoPersistentEntityIndexCreator.java:152)
	at org.springframework.data.mongodb.core.index.MongoPersistentEntityIndexCreator.checkForAndCreateIndexes(MongoPersistentEntityIndexCreator.java:142)
	at org.springframework.data.mongodb.core.index.MongoPersistentEntityIndexCreator.checkForIndexes(MongoPersistentEntityIndexCreator.java:126)
	at org.springframework.data.mongodb.core.index.MongoPersistentEntityIndexCreator.<init>(MongoPersistentEntityIndexCreator.java:95)
	at org.springframework.data.mongodb.core.index.MongoPersistentEntityIndexCreator.<init>(MongoPersistentEntityIndexCreator.java:72)
	at org.springframework.data.mongodb.core.MongoTemplate.<init>(MongoTemplate.java:278)
	at org.springframework.boot.autoconfigure.data.mongo.MongoDatabaseFactoryDependentConfiguration.mongoTemplate(MongoDatabaseFactoryDependentConfiguration.java:56)
	at java.base/jdk.internal.reflect.NativeMethodAccessorImpl.invoke0(Native Method)
	at java.base/jdk.internal.reflect.NativeMethodAccessorImpl.invoke(NativeMethodAccessorImpl.java:77)
	at java.base/jdk.internal.reflect.DelegatingMethodAccessorImpl.invoke(DelegatingMethodAccessorImpl.java:43)
	at java.base/java.lang.reflect.Method.invoke(Method.java:569)
	at org.springframework.beans.factory.support.SimpleInstantiationStrategy.lambda$instantiate$0(SimpleInstantiationStrategy.java:172)
	... 52 common frames omitted
Caused by: com.mongodb.MongoTimeoutException: Timed out while waiting for a server that matches WritableServerSelector. Client view of cluster state is {type=REPLICA_SET, servers=[{address=ac-jcz0paw-shard-00-01.b7jb1jb.mongodb.net:27017, type=UNKNOWN, state=CONNECTING, exception={com.mongodb.MongoSocketWriteException: Exception sending message}, caused by {javax.net.ssl.SSLException: Received fatal alert: internal_error}}, {address=ac-jcz0paw-shard-00-02.b7jb1jb.mongodb.net:27017, type=UNKNOWN, state=CONNECTING, exception={com.mongodb.MongoSocketWriteException: Exception sending message}, caused by {javax.net.ssl.SSLException: Received fatal alert: internal_error}}, {address=ac-jcz0paw-shard-00-00.b7jb1jb.mongodb.net:27017, type=UNKNOWN, state=CONNECTING, exception={com.mongodb.MongoSocketWriteException: Exception sending message}, caused by {javax.net.ssl.SSLException: Received fatal alert: internal_error}}]
	at com.mongodb.internal.connection.BaseCluster.logAndThrowTimeoutException(BaseCluster.java:427)
	at com.mongodb.internal.connection.BaseCluster.lambda$selectServer$0(BaseCluster.java:154)
	at com.mongodb.internal.time.Timeout.lambda$onExistsAndExpired$16(Timeout.java:236)
	at com.mongodb.internal.time.Timeout.lambda$run$10(Timeout.java:201)
	at com.mongodb.internal.time.TimePoint.checkedCall(TimePoint.java:99)
	at com.mongodb.internal.time.Timeout.call(Timeout.java:174)
	at com.mongodb.internal.time.Timeout.run(Timeout.java:194)
	at com.mongodb.internal.time.Timeout.onExistsAndExpired(Timeout.java:233)
	at com.mongodb.internal.time.Timeout.onExpired(Timeout.java:226)
	at com.mongodb.internal.connection.BaseCluster.selectServer(BaseCluster.java:153)
	at com.mongodb.internal.connection.AbstractMultiServerCluster.selectServer(AbstractMultiServerCluster.java:59)
	at com.mongodb.internal.binding.ClusterBinding.getWriteConnectionSource(ClusterBinding.java:100)
	at com.mongodb.client.internal.ClientSessionBinding.getConnectionSource(ClientSessionBinding.java:108)
	at com.mongodb.client.internal.ClientSessionBinding.getWriteConnectionSource(ClientSessionBinding.java:98)
	at com.mongodb.internal.operation.SyncOperationHelper.withSuppliedResource(SyncOperationHelper.java:148)
	at com.mongodb.internal.operation.SyncOperationHelper.withSourceAndConnection(SyncOperationHelper.java:129)
	at com.mongodb.internal.operation.SyncOperationHelper.executeCommand(SyncOperationHelper.java:207)
	at com.mongodb.internal.operation.CreateIndexesOperation.execute(CreateIndexesOperation.java:105)
	at com.mongodb.internal.operation.CreateIndexesOperation.execute(CreateIndexesOperation.java:60)
	at com.mongodb.client.internal.MongoClusterImpl$OperationExecutorImpl.execute(MongoClusterImpl.java:446)
	at com.mongodb.client.internal.MongoCollectionImpl.executeCreateIndexes(MongoCollectionImpl.java:941)
	at com.mongodb.client.internal.MongoCollectionImpl.createIndexes(MongoCollectionImpl.java:923)
	at com.mongodb.client.internal.MongoCollectionImpl.createIndexes(MongoCollectionImpl.java:918)
	at com.mongodb.client.internal.MongoCollectionImpl.createIndex(MongoCollectionImpl.java:903)
	at org.springframework.data.mongodb.core.DefaultIndexOperations.lambda$createIndex$0(DefaultIndexOperations.java:130)
	at org.springframework.data.mongodb.core.MongoTemplate.execute(MongoTemplate.java:616)
	... 67 common frames omitted
11:09:14.496 -------- [restartedMain] --- INFO  --- c.app.journal.JournalAppApplication -------- Starting JournalAppApplication using Java 17.0.18 with PID 25316 (C:\Users\hp\Desktop\Study\Java-programs\JournalApplication\journal\target\classes started by hp in C:\Users\hp\Desktop\Study\Java-programs\JournalApplication) 
11:09:14.498 -------- [restartedMain] --- DEBUG --- c.app.journal.JournalAppApplication -------- Running with Spring Boot v3.5.11, Spring v6.2.16 
11:09:14.499 -------- [restartedMain] --- INFO  --- c.app.journal.JournalAppApplication -------- No active profile set, falling back to 1 default profile: "default" 
11:09:14.566 -------- [restartedMain] --- INFO  --- o.s.b.d.e.DevToolsPropertyDefaultsPostProcessor -------- Devtools property defaults active! Set 'spring.devtools.add-properties' to 'false' to disable 
11:09:14.566 -------- [restartedMain] --- INFO  --- o.s.b.d.e.DevToolsPropertyDefaultsPostProcessor -------- For additional web related logging consider setting the 'logging.level.web' property to 'DEBUG' 
11:09:15.267 -------- [restartedMain] --- INFO  --- o.s.d.r.c.RepositoryConfigurationDelegate -------- Multiple Spring Data modules found, entering strict repository configuration mode 
11:09:15.268 -------- [restartedMain] --- INFO  --- o.s.d.r.c.RepositoryConfigurationDelegate -------- Bootstrapping Spring Data MongoDB repositories in DEFAULT mode. 
11:09:15.388 -------- [restartedMain] --- INFO  --- o.s.d.r.c.RepositoryConfigurationDelegate -------- Finished Spring Data repository scanning in 112 ms. Found 3 MongoDB repository interfaces. 
11:09:15.403 -------- [restartedMain] --- INFO  --- o.s.d.r.c.RepositoryConfigurationDelegate -------- Multiple Spring Data modules found, entering strict repository configuration mode 
11:09:15.404 -------- [restartedMain] --- INFO  --- o.s.d.r.c.RepositoryConfigurationDelegate -------- Bootstrapping Spring Data Redis repositories in DEFAULT mode. 
11:09:15.417 -------- [restartedMain] --- INFO  --- o.s.d.r.c.RepositoryConfigurationExtensionSupport -------- Spring Data Redis - Could not safely identify store assignment for repository candidate interface com.app.journal.repository.ConfigJournalAppRepository; If you want this repository to be a Redis repository, consider annotating your entities with one of these annotations: org.springframework.data.redis.core.RedisHash (preferred), or consider extending one of the following types with your repository: org.springframework.data.keyvalue.repository.KeyValueRepository 
11:09:15.417 -------- [restartedMain] --- INFO  --- o.s.d.r.c.RepositoryConfigurationExtensionSupport -------- Spring Data Redis - Could not safely identify store assignment for repository candidate interface com.app.journal.repository.JournalEntryRepository; If you want this repository to be a Redis repository, consider annotating your entities with one of these annotations: org.springframework.data.redis.core.RedisHash (preferred), or consider extending one of the following types with your repository: org.springframework.data.keyvalue.repository.KeyValueRepository 
11:09:15.418 -------- [restartedMain] --- INFO  --- o.s.d.r.c.RepositoryConfigurationExtensionSupport -------- Spring Data Redis - Could not safely identify store assignment for repository candidate interface com.app.journal.repository.UserRepository; If you want this repository to be a Redis repository, consider annotating your entities with one of these annotations: org.springframework.data.redis.core.RedisHash (preferred), or consider extending one of the following types with your repository: org.springframework.data.keyvalue.repository.KeyValueRepository 
11:09:15.418 -------- [restartedMain] --- INFO  --- o.s.d.r.c.RepositoryConfigurationDelegate -------- Finished Spring Data repository scanning in 6 ms. Found 0 Redis repository interfaces. 
11:09:15.958 -------- [restartedMain] --- INFO  --- o.s.b.w.e.tomcat.TomcatWebServer -------- Tomcat initialized with port 8080 (http) 
11:09:15.972 -------- [restartedMain] --- INFO  --- o.a.coyote.http11.Http11NioProtocol -------- Initializing ProtocolHandler ["http-nio-8080"] 
11:09:15.974 -------- [restartedMain] --- INFO  --- o.a.catalina.core.StandardService -------- Starting service [Tomcat] 
11:09:15.975 -------- [restartedMain] --- INFO  --- o.a.catalina.core.StandardEngine -------- Starting Servlet engine: [Apache Tomcat/10.1.52] 
11:09:16.019 -------- [restartedMain] --- INFO  --- o.a.c.c.C.[Tomcat].[localhost].[/] -------- Initializing Spring embedded WebApplicationContext 
11:09:16.020 -------- [restartedMain] --- INFO  --- o.s.b.w.s.c.ServletWebServerApplicationContext -------- Root WebApplicationContext: initialization completed in 1452 ms 
11:09:16.312 -------- [cluster-ClusterId{value='69bcdd84bf8ec8a065abac3f', description='Cluster0'}-srv-cluster0.b7jb1jb.mongodb.net] --- INFO  --- org.mongodb.driver.cluster -------- Adding discovered server ac-jcz0paw-shard-00-00.b7jb1jb.mongodb.net:27017 to client view of cluster 
11:09:16.329 -------- [restartedMain] --- INFO  --- org.mongodb.driver.client -------- MongoClient with metadata {"application": {"name": "Cluster0"}, "driver": {"name": "mongo-java-driver|sync|spring-boot", "version": "5.5.2"}, "os": {"type": "Windows", "name": "Windows 11", "architecture": "amd64", "version": "10.0"}, "platform": "Java/Microsoft/17.0.18+8-LTS"} created with settings MongoClientSettings{readPreference=primary, writeConcern=WriteConcern{w=null, wTimeout=null ms, journal=null}, retryWrites=true, retryReads=true, readConcern=ReadConcern{level=null}, credential=MongoCredential{mechanism=null, userName='mailmerajansari_db_user', source='admin', password=<hidden>, mechanismProperties=<hidden>}, transportSettings=null, commandListeners=[], codecRegistry=ProvidersCodecRegistry{codecProviders=[ValueCodecProvider{}, BsonValueCodecProvider{}, DBRefCodecProvider{}, DBObjectCodecProvider{}, DocumentCodecProvider{}, CollectionCodecProvider{}, IterableCodecProvider{}, MapCodecProvider{}, GeoJsonCodecProvider{}, GridFSFileCodecProvider{}, Jsr310CodecProvider{}, JsonObjectCodecProvider{}, BsonCodecProvider{}, EnumCodecProvider{}, com.mongodb.client.model.mql.ExpressionCodecProvider@7c78a86d, com.mongodb.Jep395RecordCodecProvider@334de4e, com.mongodb.KotlinCodecProvider@76adc353]}, loggerSettings=LoggerSettings{maxDocumentLength=1000}, clusterSettings={hosts=[127.0.0.1:27017], srvHost=cluster0.b7jb1jb.mongodb.net, srvServiceName=mongodb, mode=MULTIPLE, requiredClusterType=REPLICA_SET, requiredReplicaSetName='atlas-10vsg5-shard-0', serverSelector='null', clusterListeners='[]', serverSelectionTimeout='30000 ms', localThreshold='15 ms'}, socketSettings=SocketSettings{connectTimeoutMS=10000, readTimeoutMS=0, receiveBufferSize=0, proxySettings=ProxySettings{host=null, port=null, username=null, password=null}}, heartbeatSocketSettings=SocketSettings{connectTimeoutMS=10000, readTimeoutMS=10000, receiveBufferSize=0, proxySettings=ProxySettings{host=null, port=null, username=null, password=null}}, connectionPoolSettings=ConnectionPoolSettings{maxSize=100, minSize=0, maxWaitTimeMS=120000, maxConnectionLifeTimeMS=0, maxConnectionIdleTimeMS=0, maintenanceInitialDelayMS=0, maintenanceFrequencyMS=60000, connectionPoolListeners=[], maxConnecting=2}, serverSettings=ServerSettings{heartbeatFrequencyMS=10000, minHeartbeatFrequencyMS=500, serverMonitoringMode=AUTO, serverListeners='[]', serverMonitorListeners='[]'}, sslSettings=SslSettings{enabled=true, invalidHostNameAllowed=false, context=null}, applicationName='Cluster0', compressorList=[], uuidRepresentation=JAVA_LEGACY, serverApi=null, autoEncryptionSettings=null, dnsClient=null, inetAddressResolver=null, contextProvider=null, timeoutMS=null} 
11:09:16.335 -------- [cluster-ClusterId{value='69bcdd84bf8ec8a065abac3f', description='Cluster0'}-srv-cluster0.b7jb1jb.mongodb.net] --- INFO  --- org.mongodb.driver.cluster -------- Adding discovered server ac-jcz0paw-shard-00-01.b7jb1jb.mongodb.net:27017 to client view of cluster 
11:09:16.337 -------- [cluster-ClusterId{value='69bcdd84bf8ec8a065abac3f', description='Cluster0'}-srv-cluster0.b7jb1jb.mongodb.net] --- INFO  --- org.mongodb.driver.cluster -------- Adding discovered server ac-jcz0paw-shard-00-02.b7jb1jb.mongodb.net:27017 to client view of cluster 
11:09:16.523 -------- [restartedMain] --- INFO  --- o.s.b.d.a.OptionalLiveReloadServer -------- LiveReload server is running on port 35729 
11:09:16.666 -------- [restartedMain] --- INFO  --- org.mongodb.driver.cluster -------- Waiting for server to become available for operation with ID 5. Remaining time: 29982 ms. Selector: WritableServerSelector, topology description: {type=REPLICA_SET, servers=[{address=ac-jcz0paw-shard-00-01.b7jb1jb.mongodb.net:27017, type=UNKNOWN, state=CONNECTING}, {address=ac-jcz0paw-shard-00-02.b7jb1jb.mongodb.net:27017, type=UNKNOWN, state=CONNECTING}, {address=ac-jcz0paw-shard-00-00.b7jb1jb.mongodb.net:27017, type=UNKNOWN, state=CONNECTING}]. 
11:09:16.756 -------- [cluster-ClusterId{value='69bcdd84bf8ec8a065abac3f', description='Cluster0'}-ac-jcz0paw-shard-00-02.b7jb1jb.mongodb.net:27017] --- INFO  --- org.mongodb.driver.cluster -------- Monitor thread successfully connected to server with description ServerDescription{address=ac-jcz0paw-shard-00-02.b7jb1jb.mongodb.net:27017, type=REPLICA_SET_PRIMARY, cryptd=false, state=CONNECTED, ok=true, minWireVersion=0, maxWireVersion=25, maxDocumentSize=16777216, logicalSessionTimeoutMinutes=30, roundTripTimeNanos=246177400, minRoundTripTimeNanos=0, setName='atlas-10vsg5-shard-0', canonicalAddress=ac-jcz0paw-shard-00-02.b7jb1jb.mongodb.net:27017, hosts=[ac-jcz0paw-shard-00-01.b7jb1jb.mongodb.net:27017, ac-jcz0paw-shard-00-02.b7jb1jb.mongodb.net:27017, ac-jcz0paw-shard-00-00.b7jb1jb.mongodb.net:27017], passives=[], arbiters=[], primary='ac-jcz0paw-shard-00-02.b7jb1jb.mongodb.net:27017', tagSet=TagSet{[Tag{name='availabilityZone', value='aps1-az2'}, Tag{name='diskState', value='READY'}, Tag{name='nodeType', value='ELECTABLE'}, Tag{name='provider', value='AWS'}, Tag{name='region', value='AP_SOUTH_1'}, Tag{name='workloadType', value='OPERATIONAL'}]}, electionId=7fffffff00000000000000dc, setVersion=57, topologyVersion=TopologyVersion{processId=69b311ad332d80e6a3807b8e, counter=6}, lastWriteDate=Fri Mar 20 11:09:15 IST 2026, lastUpdateTimeNanos=145920794400100} 
11:09:16.756 -------- [cluster-ClusterId{value='69bcdd84bf8ec8a065abac3f', description='Cluster0'}-ac-jcz0paw-shard-00-01.b7jb1jb.mongodb.net:27017] --- INFO  --- org.mongodb.driver.cluster -------- Monitor thread successfully connected to server with description ServerDescription{address=ac-jcz0paw-shard-00-01.b7jb1jb.mongodb.net:27017, type=REPLICA_SET_SECONDARY, cryptd=false, state=CONNECTED, ok=true, minWireVersion=0, maxWireVersion=25, maxDocumentSize=16777216, logicalSessionTimeoutMinutes=30, roundTripTimeNanos=246103200, minRoundTripTimeNanos=0, setName='atlas-10vsg5-shard-0', canonicalAddress=ac-jcz0paw-shard-00-01.b7jb1jb.mongodb.net:27017, hosts=[ac-jcz0paw-shard-00-01.b7jb1jb.mongodb.net:27017, ac-jcz0paw-shard-00-02.b7jb1jb.mongodb.net:27017, ac-jcz0paw-shard-00-00.b7jb1jb.mongodb.net:27017], passives=[], arbiters=[], primary='ac-jcz0paw-shard-00-02.b7jb1jb.mongodb.net:27017', tagSet=TagSet{[Tag{name='availabilityZone', value='aps1-az3'}, Tag{name='diskState', value='READY'}, Tag{name='nodeType', value='ELECTABLE'}, Tag{name='provider', value='AWS'}, Tag{name='region', value='AP_SOUTH_1'}, Tag{name='workloadType', value='OPERATIONAL'}]}, electionId=null, setVersion=57, topologyVersion=TopologyVersion{processId=69b3142d06876aecd9b70acd, counter=3}, lastWriteDate=Fri Mar 20 11:09:15 GMT+05:30 2026, lastUpdateTimeNanos=145920794328400} 
11:09:16.756 -------- [cluster-ClusterId{value='69bcdd84bf8ec8a065abac3f', description='Cluster0'}-ac-jcz0paw-shard-00-00.b7jb1jb.mongodb.net:27017] --- INFO  --- org.mongodb.driver.cluster -------- Monitor thread successfully connected to server with description ServerDescription{address=ac-jcz0paw-shard-00-00.b7jb1jb.mongodb.net:27017, type=REPLICA_SET_SECONDARY, cryptd=false, state=CONNECTED, ok=true, minWireVersion=0, maxWireVersion=25, maxDocumentSize=16777216, logicalSessionTimeoutMinutes=30, roundTripTimeNanos=244269900, minRoundTripTimeNanos=0, setName='atlas-10vsg5-shard-0', canonicalAddress=ac-jcz0paw-shard-00-00.b7jb1jb.mongodb.net:27017, hosts=[ac-jcz0paw-shard-00-01.b7jb1jb.mongodb.net:27017, ac-jcz0paw-shard-00-02.b7jb1jb.mongodb.net:27017, ac-jcz0paw-shard-00-00.b7jb1jb.mongodb.net:27017], passives=[], arbiters=[], primary='ac-jcz0paw-shard-00-02.b7jb1jb.mongodb.net:27017', tagSet=TagSet{[Tag{name='availabilityZone', value='aps1-az1'}, Tag{name='diskState', value='READY'}, Tag{name='nodeType', value='ELECTABLE'}, Tag{name='provider', value='AWS'}, Tag{name='region', value='AP_SOUTH_1'}, Tag{name='workloadType', value='OPERATIONAL'}]}, electionId=null, setVersion=57, topologyVersion=TopologyVersion{processId=69b30fd5ea006f2a16d8bf3e, counter=4}, lastWriteDate=Fri Mar 20 11:09:15 GMT+05:30 2026, lastUpdateTimeNanos=145920794327900} 
11:09:16.758 -------- [cluster-ClusterId{value='69bcdd84bf8ec8a065abac3f', description='Cluster0'}-ac-jcz0paw-shard-00-02.b7jb1jb.mongodb.net:27017] --- INFO  --- org.mongodb.driver.cluster -------- Discovered replica set primary ac-jcz0paw-shard-00-02.b7jb1jb.mongodb.net:27017 with max election id 7fffffff00000000000000dc and max set version 57 
11:09:17.210 -------- [restartedMain] --- INFO  --- com.app.journal.config.RedisConfig -------- Connected Redis Host: redis-10391.crce286.ap-south-1-1.ec2.cloud.redislabs.com 
11:09:17.211 -------- [restartedMain] --- INFO  --- com.app.journal.config.RedisConfig -------- Connected Redis Port: 10391 
11:09:17.264 -------- [restartedMain] --- WARN  --- o.s.b.w.s.c.AnnotationConfigServletWebServerApplicationContext -------- Exception encountered during context initialization - cancelling refresh attempt: org.springframework.beans.factory.UnsatisfiedDependencyException: Error creating bean with name 'springSecurity': Unsatisfied dependency expressed through field 'jwtFilter': No qualifying bean of type 'com.app.journal.filter.JwtFilter' available: expected at least 1 bean which qualifies as autowire candidate. Dependency annotations: {@org.springframework.beans.factory.annotation.Autowired(required=true)} 
11:09:17.297 -------- [restartedMain] --- INFO  --- o.a.catalina.core.StandardService -------- Stopping service [Tomcat] 
11:09:17.308 -------- [restartedMain] --- INFO  --- o.s.b.a.l.ConditionEvaluationReportLogger -------- 

Error starting ApplicationContext. To display the condition evaluation report re-run your application with 'debug' enabled. 
11:09:17.328 -------- [restartedMain] --- ERROR --- o.s.b.d.LoggingFailureAnalysisReporter -------- 

***************************
APPLICATION FAILED TO START
***************************

Description:

Field jwtFilter in com.app.journal.config.SpringSecurity required a bean of type 'com.app.journal.filter.JwtFilter' that could not be found.

The injection point has the following annotations:
	- @org.springframework.beans.factory.annotation.Autowired(required=true)


Action:

Consider defining a bean of type 'com.app.journal.filter.JwtFilter' in your configuration.
 
11:10:46.145 -------- [restartedMain] --- INFO  --- c.app.journal.JournalAppApplication -------- Starting JournalAppApplication using Java 17.0.18 with PID 23928 (C:\Users\hp\Desktop\Study\Java-programs\JournalApplication\journal\target\classes started by hp in C:\Users\hp\Desktop\Study\Java-programs\JournalApplication) 
11:10:46.148 -------- [restartedMain] --- DEBUG --- c.app.journal.JournalAppApplication -------- Running with Spring Boot v3.5.11, Spring v6.2.16 
11:10:46.149 -------- [restartedMain] --- INFO  --- c.app.journal.JournalAppApplication -------- No active profile set, falling back to 1 default profile: "default" 
11:10:46.203 -------- [restartedMain] --- INFO  --- o.s.b.d.e.DevToolsPropertyDefaultsPostProcessor -------- Devtools property defaults active! Set 'spring.devtools.add-properties' to 'false' to disable 
11:10:46.204 -------- [restartedMain] --- INFO  --- o.s.b.d.e.DevToolsPropertyDefaultsPostProcessor -------- For additional web related logging consider setting the 'logging.level.web' property to 'DEBUG' 
11:10:46.955 -------- [restartedMain] --- INFO  --- o.s.d.r.c.RepositoryConfigurationDelegate -------- Multiple Spring Data modules found, entering strict repository configuration mode 
11:10:46.956 -------- [restartedMain] --- INFO  --- o.s.d.r.c.RepositoryConfigurationDelegate -------- Bootstrapping Spring Data MongoDB repositories in DEFAULT mode. 
11:10:47.067 -------- [restartedMain] --- INFO  --- o.s.d.r.c.RepositoryConfigurationDelegate -------- Finished Spring Data repository scanning in 103 ms. Found 3 MongoDB repository interfaces. 
11:10:47.080 -------- [restartedMain] --- INFO  --- o.s.d.r.c.RepositoryConfigurationDelegate -------- Multiple Spring Data modules found, entering strict repository configuration mode 
11:10:47.081 -------- [restartedMain] --- INFO  --- o.s.d.r.c.RepositoryConfigurationDelegate -------- Bootstrapping Spring Data Redis repositories in DEFAULT mode. 
11:10:47.097 -------- [restartedMain] --- INFO  --- o.s.d.r.c.RepositoryConfigurationExtensionSupport -------- Spring Data Redis - Could not safely identify store assignment for repository candidate interface com.app.journal.repository.ConfigJournalAppRepository; If you want this repository to be a Redis repository, consider annotating your entities with one of these annotations: org.springframework.data.redis.core.RedisHash (preferred), or consider extending one of the following types with your repository: org.springframework.data.keyvalue.repository.KeyValueRepository 
11:10:47.098 -------- [restartedMain] --- INFO  --- o.s.d.r.c.RepositoryConfigurationExtensionSupport -------- Spring Data Redis - Could not safely identify store assignment for repository candidate interface com.app.journal.repository.JournalEntryRepository; If you want this repository to be a Redis repository, consider annotating your entities with one of these annotations: org.springframework.data.redis.core.RedisHash (preferred), or consider extending one of the following types with your repository: org.springframework.data.keyvalue.repository.KeyValueRepository 
11:10:47.098 -------- [restartedMain] --- INFO  --- o.s.d.r.c.RepositoryConfigurationExtensionSupport -------- Spring Data Redis - Could not safely identify store assignment for repository candidate interface com.app.journal.repository.UserRepository; If you want this repository to be a Redis repository, consider annotating your entities with one of these annotations: org.springframework.data.redis.core.RedisHash (preferred), or consider extending one of the following types with your repository: org.springframework.data.keyvalue.repository.KeyValueRepository 
11:10:47.098 -------- [restartedMain] --- INFO  --- o.s.d.r.c.RepositoryConfigurationDelegate -------- Finished Spring Data repository scanning in 10 ms. Found 0 Redis repository interfaces. 
11:10:47.632 -------- [restartedMain] --- INFO  --- o.s.b.w.e.tomcat.TomcatWebServer -------- Tomcat initialized with port 8080 (http) 
11:10:47.645 -------- [restartedMain] --- INFO  --- o.a.coyote.http11.Http11NioProtocol -------- Initializing ProtocolHandler ["http-nio-8080"] 
11:10:47.647 -------- [restartedMain] --- INFO  --- o.a.catalina.core.StandardService -------- Starting service [Tomcat] 
11:10:47.647 -------- [restartedMain] --- INFO  --- o.a.catalina.core.StandardEngine -------- Starting Servlet engine: [Apache Tomcat/10.1.52] 
11:10:47.685 -------- [restartedMain] --- INFO  --- o.a.c.c.C.[Tomcat].[localhost].[/] -------- Initializing Spring embedded WebApplicationContext 
11:10:47.686 -------- [restartedMain] --- INFO  --- o.s.b.w.s.c.ServletWebServerApplicationContext -------- Root WebApplicationContext: initialization completed in 1481 ms 
11:10:47.882 -------- [restartedMain] --- INFO  --- org.mongodb.driver.client -------- MongoClient with metadata {"application": {"name": "Cluster0"}, "driver": {"name": "mongo-java-driver|sync|spring-boot", "version": "5.5.2"}, "os": {"type": "Windows", "name": "Windows 11", "architecture": "amd64", "version": "10.0"}, "platform": "Java/Microsoft/17.0.18+8-LTS"} created with settings MongoClientSettings{readPreference=primary, writeConcern=WriteConcern{w=null, wTimeout=null ms, journal=null}, retryWrites=true, retryReads=true, readConcern=ReadConcern{level=null}, credential=MongoCredential{mechanism=null, userName='mailmerajansari_db_user', source='admin', password=<hidden>, mechanismProperties=<hidden>}, transportSettings=null, commandListeners=[], codecRegistry=ProvidersCodecRegistry{codecProviders=[ValueCodecProvider{}, BsonValueCodecProvider{}, DBRefCodecProvider{}, DBObjectCodecProvider{}, DocumentCodecProvider{}, CollectionCodecProvider{}, IterableCodecProvider{}, MapCodecProvider{}, GeoJsonCodecProvider{}, GridFSFileCodecProvider{}, Jsr310CodecProvider{}, JsonObjectCodecProvider{}, BsonCodecProvider{}, EnumCodecProvider{}, com.mongodb.client.model.mql.ExpressionCodecProvider@69e1fbdb, com.mongodb.Jep395RecordCodecProvider@3fa61515, com.mongodb.KotlinCodecProvider@19c4742f]}, loggerSettings=LoggerSettings{maxDocumentLength=1000}, clusterSettings={hosts=[127.0.0.1:27017], srvHost=cluster0.b7jb1jb.mongodb.net, srvServiceName=mongodb, mode=MULTIPLE, requiredClusterType=REPLICA_SET, requiredReplicaSetName='atlas-10vsg5-shard-0', serverSelector='null', clusterListeners='[]', serverSelectionTimeout='30000 ms', localThreshold='15 ms'}, socketSettings=SocketSettings{connectTimeoutMS=10000, readTimeoutMS=0, receiveBufferSize=0, proxySettings=ProxySettings{host=null, port=null, username=null, password=null}}, heartbeatSocketSettings=SocketSettings{connectTimeoutMS=10000, readTimeoutMS=10000, receiveBufferSize=0, proxySettings=ProxySettings{host=null, port=null, username=null, password=null}}, connectionPoolSettings=ConnectionPoolSettings{maxSize=100, minSize=0, maxWaitTimeMS=120000, maxConnectionLifeTimeMS=0, maxConnectionIdleTimeMS=0, maintenanceInitialDelayMS=0, maintenanceFrequencyMS=60000, connectionPoolListeners=[], maxConnecting=2}, serverSettings=ServerSettings{heartbeatFrequencyMS=10000, minHeartbeatFrequencyMS=500, serverMonitoringMode=AUTO, serverListeners='[]', serverMonitorListeners='[]'}, sslSettings=SslSettings{enabled=true, invalidHostNameAllowed=false, context=null}, applicationName='Cluster0', compressorList=[], uuidRepresentation=JAVA_LEGACY, serverApi=null, autoEncryptionSettings=null, dnsClient=null, inetAddressResolver=null, contextProvider=null, timeoutMS=null} 
11:10:47.897 -------- [cluster-ClusterId{value='69bcdddfdb64fa2a3dbe963d', description='Cluster0'}-srv-cluster0.b7jb1jb.mongodb.net] --- INFO  --- org.mongodb.driver.cluster -------- Adding discovered server ac-jcz0paw-shard-00-00.b7jb1jb.mongodb.net:27017 to client view of cluster 
11:10:47.932 -------- [cluster-ClusterId{value='69bcdddfdb64fa2a3dbe963d', description='Cluster0'}-srv-cluster0.b7jb1jb.mongodb.net] --- INFO  --- org.mongodb.driver.cluster -------- Adding discovered server ac-jcz0paw-shard-00-01.b7jb1jb.mongodb.net:27017 to client view of cluster 
11:10:47.934 -------- [cluster-ClusterId{value='69bcdddfdb64fa2a3dbe963d', description='Cluster0'}-srv-cluster0.b7jb1jb.mongodb.net] --- INFO  --- org.mongodb.driver.cluster -------- Adding discovered server ac-jcz0paw-shard-00-02.b7jb1jb.mongodb.net:27017 to client view of cluster 
11:10:48.200 -------- [restartedMain] --- INFO  --- org.mongodb.driver.cluster -------- Waiting for server to become available for operation with ID 5. Remaining time: 29993 ms. Selector: WritableServerSelector, topology description: {type=REPLICA_SET, servers=[{address=ac-jcz0paw-shard-00-01.b7jb1jb.mongodb.net:27017, type=UNKNOWN, state=CONNECTING}, {address=ac-jcz0paw-shard-00-02.b7jb1jb.mongodb.net:27017, type=UNKNOWN, state=CONNECTING}, {address=ac-jcz0paw-shard-00-00.b7jb1jb.mongodb.net:27017, type=UNKNOWN, state=CONNECTING}]. 
11:10:48.315 -------- [cluster-ClusterId{value='69bcdddfdb64fa2a3dbe963d', description='Cluster0'}-ac-jcz0paw-shard-00-01.b7jb1jb.mongodb.net:27017] --- INFO  --- org.mongodb.driver.cluster -------- Monitor thread successfully connected to server with description ServerDescription{address=ac-jcz0paw-shard-00-01.b7jb1jb.mongodb.net:27017, type=REPLICA_SET_SECONDARY, cryptd=false, state=CONNECTED, ok=true, minWireVersion=0, maxWireVersion=25, maxDocumentSize=16777216, logicalSessionTimeoutMinutes=30, roundTripTimeNanos=209971900, minRoundTripTimeNanos=0, setName='atlas-10vsg5-shard-0', canonicalAddress=ac-jcz0paw-shard-00-01.b7jb1jb.mongodb.net:27017, hosts=[ac-jcz0paw-shard-00-01.b7jb1jb.mongodb.net:27017, ac-jcz0paw-shard-00-02.b7jb1jb.mongodb.net:27017, ac-jcz0paw-shard-00-00.b7jb1jb.mongodb.net:27017], passives=[], arbiters=[], primary='ac-jcz0paw-shard-00-02.b7jb1jb.mongodb.net:27017', tagSet=TagSet{[Tag{name='availabilityZone', value='aps1-az3'}, Tag{name='diskState', value='READY'}, Tag{name='nodeType', value='ELECTABLE'}, Tag{name='provider', value='AWS'}, Tag{name='region', value='AP_SOUTH_1'}, Tag{name='workloadType', value='OPERATIONAL'}]}, electionId=null, setVersion=57, topologyVersion=TopologyVersion{processId=69b3142d06876aecd9b70acd, counter=3}, lastWriteDate=Fri Mar 20 11:10:47 IST 2026, lastUpdateTimeNanos=146012354526500} 
11:10:48.316 -------- [cluster-ClusterId{value='69bcdddfdb64fa2a3dbe963d', description='Cluster0'}-ac-jcz0paw-shard-00-00.b7jb1jb.mongodb.net:27017] --- INFO  --- org.mongodb.driver.cluster -------- Monitor thread successfully connected to server with description ServerDescription{address=ac-jcz0paw-shard-00-00.b7jb1jb.mongodb.net:27017, type=REPLICA_SET_SECONDARY, cryptd=false, state=CONNECTED, ok=true, minWireVersion=0, maxWireVersion=25, maxDocumentSize=16777216, logicalSessionTimeoutMinutes=30, roundTripTimeNanos=210005800, minRoundTripTimeNanos=0, setName='atlas-10vsg5-shard-0', canonicalAddress=ac-jcz0paw-shard-00-00.b7jb1jb.mongodb.net:27017, hosts=[ac-jcz0paw-shard-00-01.b7jb1jb.mongodb.net:27017, ac-jcz0paw-shard-00-02.b7jb1jb.mongodb.net:27017, ac-jcz0paw-shard-00-00.b7jb1jb.mongodb.net:27017], passives=[], arbiters=[], primary='ac-jcz0paw-shard-00-02.b7jb1jb.mongodb.net:27017', tagSet=TagSet{[Tag{name='availabilityZone', value='aps1-az1'}, Tag{name='diskState', value='READY'}, Tag{name='nodeType', value='ELECTABLE'}, Tag{name='provider', value='AWS'}, Tag{name='region', value='AP_SOUTH_1'}, Tag{name='workloadType', value='OPERATIONAL'}]}, electionId=null, setVersion=57, topologyVersion=TopologyVersion{processId=69b30fd5ea006f2a16d8bf3e, counter=4}, lastWriteDate=Fri Mar 20 11:10:47 IST 2026, lastUpdateTimeNanos=146012354522900} 
11:10:48.323 -------- [cluster-ClusterId{value='69bcdddfdb64fa2a3dbe963d', description='Cluster0'}-ac-jcz0paw-shard-00-02.b7jb1jb.mongodb.net:27017] --- INFO  --- org.mongodb.driver.cluster -------- Monitor thread successfully connected to server with description ServerDescription{address=ac-jcz0paw-shard-00-02.b7jb1jb.mongodb.net:27017, type=REPLICA_SET_PRIMARY, cryptd=false, state=CONNECTED, ok=true, minWireVersion=0, maxWireVersion=25, maxDocumentSize=16777216, logicalSessionTimeoutMinutes=30, roundTripTimeNanos=220005400, minRoundTripTimeNanos=0, setName='atlas-10vsg5-shard-0', canonicalAddress=ac-jcz0paw-shard-00-02.b7jb1jb.mongodb.net:27017, hosts=[ac-jcz0paw-shard-00-01.b7jb1jb.mongodb.net:27017, ac-jcz0paw-shard-00-02.b7jb1jb.mongodb.net:27017, ac-jcz0paw-shard-00-00.b7jb1jb.mongodb.net:27017], passives=[], arbiters=[], primary='ac-jcz0paw-shard-00-02.b7jb1jb.mongodb.net:27017', tagSet=TagSet{[Tag{name='availabilityZone', value='aps1-az2'}, Tag{name='diskState', value='READY'}, Tag{name='nodeType', value='ELECTABLE'}, Tag{name='provider', value='AWS'}, Tag{name='region', value='AP_SOUTH_1'}, Tag{name='workloadType', value='OPERATIONAL'}]}, electionId=7fffffff00000000000000dc, setVersion=57, topologyVersion=TopologyVersion{processId=69b311ad332d80e6a3807b8e, counter=6}, lastWriteDate=Fri Mar 20 11:10:47 IST 2026, lastUpdateTimeNanos=146012364495100} 
11:10:48.324 -------- [cluster-ClusterId{value='69bcdddfdb64fa2a3dbe963d', description='Cluster0'}-ac-jcz0paw-shard-00-02.b7jb1jb.mongodb.net:27017] --- INFO  --- org.mongodb.driver.cluster -------- Discovered replica set primary ac-jcz0paw-shard-00-02.b7jb1jb.mongodb.net:27017 with max election id 7fffffff00000000000000dc and max set version 57 
11:10:48.738 -------- [restartedMain] --- DEBUG --- com.app.journal.filter.JwtFilter -------- Filter 'jwtFilter' configured for use 
11:10:48.758 -------- [restartedMain] --- INFO  --- o.s.b.d.a.OptionalLiveReloadServer -------- LiveReload server is running on port 35729 
11:10:48.862 -------- [restartedMain] --- INFO  --- com.app.journal.config.RedisConfig -------- Connected Redis Host: redis-10391.crce286.ap-south-1-1.ec2.cloud.redislabs.com 
11:10:48.864 -------- [restartedMain] --- INFO  --- com.app.journal.config.RedisConfig -------- Connected Redis Port: 10391 
11:10:48.947 -------- [restartedMain] --- INFO  --- o.s.s.c.a.a.c.InitializeAuthenticationProviderBeanManagerConfigurer$InitializeAuthenticationProviderManagerConfigurer -------- Global AuthenticationManager configured with AuthenticationProvider bean with name authenticationProvider 
11:10:48.948 -------- [restartedMain] --- WARN  --- o.s.s.c.a.a.c.InitializeUserDetailsBeanManagerConfigurer$InitializeUserDetailsManagerConfigurer -------- Global AuthenticationManager configured with an AuthenticationProvider bean. UserDetailsService beans will not be used by Spring Security for automatically configuring username/password login. Consider removing the AuthenticationProvider bean. Alternatively, consider using the UserDetailsService in a manually instantiated DaoAuthenticationProvider. If the current configuration is intentional, to turn off this warning, increase the logging level of 'org.springframework.security.config.annotation.authentication.configuration.InitializeUserDetailsBeanManagerConfigurer' to ERROR 
11:10:49.612 -------- [restartedMain] --- DEBUG --- o.s.s.web.DefaultSecurityFilterChain -------- Will secure any request with filters: DisableEncodeUrlFilter, WebAsyncManagerIntegrationFilter, SecurityContextHolderFilter, HeaderWriterFilter, LogoutFilter, JwtFilter, RequestCacheAwareFilter, SecurityContextHolderAwareRequestFilter, AnonymousAuthenticationFilter, ExceptionTranslationFilter, AuthorizationFilter 
11:10:49.889 -------- [restartedMain] --- INFO  --- o.a.coyote.http11.Http11NioProtocol -------- Starting ProtocolHandler ["http-nio-8080"] 
11:10:49.910 -------- [restartedMain] --- INFO  --- o.s.b.w.e.tomcat.TomcatWebServer -------- Tomcat started on port 8080 (http) with context path '/' 
11:10:49.927 -------- [restartedMain] --- INFO  --- c.app.journal.JournalAppApplication -------- Started JournalAppApplication in 4.111 seconds (process running for 4.603) 
11:10:58.359 -------- [http-nio-8080-exec-8] --- INFO  --- o.a.c.c.C.[Tomcat].[localhost].[/] -------- Initializing Spring DispatcherServlet 'dispatcherServlet' 
11:10:58.360 -------- [http-nio-8080-exec-8] --- INFO  --- o.s.web.servlet.DispatcherServlet -------- Initializing Servlet 'dispatcherServlet' 
11:10:58.361 -------- [http-nio-8080-exec-8] --- INFO  --- o.s.web.servlet.DispatcherServlet -------- Completed initialization in 1 ms 
11:10:58.377 -------- [http-nio-8080-exec-8] --- DEBUG --- o.s.security.web.FilterChainProxy -------- Securing POST /public/login 
11:10:58.387 -------- [http-nio-8080-exec-8] --- DEBUG --- o.s.security.web.FilterChainProxy -------- Secured POST /public/login 
11:10:58.792 -------- [http-nio-8080-exec-8] --- DEBUG --- o.s.s.a.d.DaoAuthenticationProvider -------- Authenticated user 
11:10:58.939 -------- [http-nio-8080-exec-8] --- DEBUG --- o.s.s.w.a.AnonymousAuthenticationFilter -------- Set SecurityContextHolder to anonymous SecurityContext 
11:11:16.842 -------- [http-nio-8080-exec-10] --- DEBUG --- o.s.security.web.FilterChainProxy -------- Securing GET /journal/get-all-entries 
11:11:16.931 -------- [http-nio-8080-exec-10] --- DEBUG --- o.s.security.web.FilterChainProxy -------- Secured GET /journal/get-all-entries 
11:12:00.170 -------- [http-nio-8080-exec-4] --- DEBUG --- o.s.security.web.FilterChainProxy -------- Securing GET /journal/get-all-entries 
11:12:00.225 -------- [http-nio-8080-exec-4] --- DEBUG --- o.s.security.web.FilterChainProxy -------- Secured GET /journal/get-all-entries 
11:12:09.107 -------- [http-nio-8080-exec-5] --- DEBUG --- o.s.security.web.FilterChainProxy -------- Securing GET /journal/get-all-entries 
11:12:09.108 -------- [http-nio-8080-exec-5] --- ERROR --- o.a.c.c.C.[.[.[.[dispatcherServlet] -------- Servlet.service() for servlet [dispatcherServlet] in context with path [] threw exception 
io.jsonwebtoken.security.SignatureException: JWT signature does not match locally computed signature. JWT validity cannot be asserted and should not be trusted.
	at io.jsonwebtoken.impl.DefaultJwtParser.verifySignature(DefaultJwtParser.java:340)
	at io.jsonwebtoken.impl.DefaultJwtParser.parse(DefaultJwtParser.java:577)
	at io.jsonwebtoken.impl.DefaultJwtParser.parse(DefaultJwtParser.java:362)
	at io.jsonwebtoken.impl.DefaultJwtParser.parse(DefaultJwtParser.java:94)
	at io.jsonwebtoken.impl.io.AbstractParser.parse(AbstractParser.java:36)
	at io.jsonwebtoken.impl.io.AbstractParser.parse(AbstractParser.java:29)
	at io.jsonwebtoken.impl.DefaultJwtParser.parseSignedClaims(DefaultJwtParser.java:821)
	at com.app.journal.utils.JwtUtil.extractAllClaims(JwtUtil.java:57)
	at com.app.journal.utils.JwtUtil.extractUsername(JwtUtil.java:45)
	at com.app.journal.filter.JwtFilter.doFilterInternal(JwtFilter.java:36)
	at org.springframework.web.filter.OncePerRequestFilter.doFilter(OncePerRequestFilter.java:116)
	at org.springframework.security.web.FilterChainProxy$VirtualFilterChain.doFilter(FilterChainProxy.java:374)
	at org.springframework.security.web.authentication.logout.LogoutFilter.doFilter(LogoutFilter.java:107)
	at org.springframework.security.web.authentication.logout.LogoutFilter.doFilter(LogoutFilter.java:93)
	at org.springframework.security.web.FilterChainProxy$VirtualFilterChain.doFilter(FilterChainProxy.java:374)
	at org.springframework.security.web.header.HeaderWriterFilter.doHeadersAfter(HeaderWriterFilter.java:90)
	at org.springframework.security.web.header.HeaderWriterFilter.doFilterInternal(HeaderWriterFilter.java:75)
	at org.springframework.web.filter.OncePerRequestFilter.doFilter(OncePerRequestFilter.java:116)
	at org.springframework.security.web.FilterChainProxy$VirtualFilterChain.doFilter(FilterChainProxy.java:374)
	at org.springframework.security.web.context.SecurityContextHolderFilter.doFilter(SecurityContextHolderFilter.java:82)
	at org.springframework.security.web.context.SecurityContextHolderFilter.doFilter(SecurityContextHolderFilter.java:69)
	at org.springframework.security.web.FilterChainProxy$VirtualFilterChain.doFilter(FilterChainProxy.java:374)
	at org.springframework.security.web.context.request.async.WebAsyncManagerIntegrationFilter.doFilterInternal(WebAsyncManagerIntegrationFilter.java:62)
	at org.springframework.web.filter.OncePerRequestFilter.doFilter(OncePerRequestFilter.java:116)
	at org.springframework.security.web.FilterChainProxy$VirtualFilterChain.doFilter(FilterChainProxy.java:374)
	at org.springframework.security.web.session.DisableEncodeUrlFilter.doFilterInternal(DisableEncodeUrlFilter.java:42)
	at org.springframework.web.filter.OncePerRequestFilter.doFilter(OncePerRequestFilter.java:116)
	at org.springframework.security.web.FilterChainProxy$VirtualFilterChain.doFilter(FilterChainProxy.java:374)
	at org.springframework.security.web.FilterChainProxy.doFilterInternal(FilterChainProxy.java:233)
	at org.springframework.security.web.FilterChainProxy.doFilter(FilterChainProxy.java:191)
	at org.springframework.web.filter.CompositeFilter$VirtualFilterChain.doFilter(CompositeFilter.java:113)
	at org.springframework.web.filter.ServletRequestPathFilter.doFilter(ServletRequestPathFilter.java:52)
	at org.springframework.web.filter.CompositeFilter$VirtualFilterChain.doFilter(CompositeFilter.java:113)
	at org.springframework.web.filter.CompositeFilter.doFilter(CompositeFilter.java:74)
	at org.springframework.security.config.annotation.web.configuration.WebSecurityConfiguration$CompositeFilterChainProxy.doFilter(WebSecurityConfiguration.java:319)
	at org.springframework.web.filter.CompositeFilter$VirtualFilterChain.doFilter(CompositeFilter.java:113)
	at org.springframework.web.servlet.handler.HandlerMappingIntrospector.lambda$createCacheFilter$4(HandlerMappingIntrospector.java:267)
	at org.springframework.web.filter.CompositeFilter$VirtualFilterChain.doFilter(CompositeFilter.java:113)
	at org.springframework.web.filter.CompositeFilter.doFilter(CompositeFilter.java:74)
	at org.springframework.security.config.annotation.web.configuration.WebMvcSecurityConfiguration$CompositeFilterChainProxy.doFilter(WebMvcSecurityConfiguration.java:240)
	at org.springframework.web.filter.DelegatingFilterProxy.invokeDelegate(DelegatingFilterProxy.java:362)
	at org.springframework.web.filter.DelegatingFilterProxy.doFilter(DelegatingFilterProxy.java:278)
	at org.apache.catalina.core.ApplicationFilterChain.internalDoFilter(ApplicationFilterChain.java:162)
	at org.apache.catalina.core.ApplicationFilterChain.doFilter(ApplicationFilterChain.java:138)
	at org.springframework.web.filter.RequestContextFilter.doFilterInternal(RequestContextFilter.java:100)
	at org.springframework.web.filter.OncePerRequestFilter.doFilter(OncePerRequestFilter.java:116)
	at org.apache.catalina.core.ApplicationFilterChain.internalDoFilter(ApplicationFilterChain.java:162)
	at org.apache.catalina.core.ApplicationFilterChain.doFilter(ApplicationFilterChain.java:138)
	at org.springframework.web.filter.FormContentFilter.doFilterInternal(FormContentFilter.java:93)
	at org.springframework.web.filter.OncePerRequestFilter.doFilter(OncePerRequestFilter.java:116)
	at org.apache.catalina.core.ApplicationFilterChain.internalDoFilter(ApplicationFilterChain.java:162)
	at org.apache.catalina.core.ApplicationFilterChain.doFilter(ApplicationFilterChain.java:138)
	at org.springframework.web.filter.CharacterEncodingFilter.doFilterInternal(CharacterEncodingFilter.java:201)
	at org.springframework.web.filter.OncePerRequestFilter.doFilter(OncePerRequestFilter.java:116)
	at org.apache.catalina.core.ApplicationFilterChain.internalDoFilter(ApplicationFilterChain.java:162)
	at org.apache.catalina.core.ApplicationFilterChain.doFilter(ApplicationFilterChain.java:138)
	at org.apache.catalina.core.StandardWrapperValve.invoke(StandardWrapperValve.java:165)
	at org.apache.catalina.core.StandardContextValve.invoke(StandardContextValve.java:88)
	at org.apache.catalina.authenticator.AuthenticatorBase.invoke(AuthenticatorBase.java:492)
	at org.apache.catalina.core.StandardHostValve.invoke(StandardHostValve.java:113)
	at org.apache.catalina.valves.ErrorReportValve.invoke(ErrorReportValve.java:83)
	at org.apache.catalina.core.StandardEngineValve.invoke(StandardEngineValve.java:72)
	at org.apache.catalina.connector.CoyoteAdapter.service(CoyoteAdapter.java:342)
	at org.apache.coyote.http11.Http11Processor.service(Http11Processor.java:399)
	at org.apache.coyote.AbstractProcessorLight.process(AbstractProcessorLight.java:63)
	at org.apache.coyote.AbstractProtocol$ConnectionHandler.process(AbstractProtocol.java:903)
	at org.apache.tomcat.util.net.NioEndpoint$SocketProcessor.doRun(NioEndpoint.java:1775)
	at org.apache.tomcat.util.net.SocketProcessorBase.run(SocketProcessorBase.java:52)
	at org.apache.tomcat.util.threads.ThreadPoolExecutor.runWorker(ThreadPoolExecutor.java:973)
	at org.apache.tomcat.util.threads.ThreadPoolExecutor$Worker.run(ThreadPoolExecutor.java:491)
	at org.apache.tomcat.util.threads.TaskThread$WrappingRunnable.run(TaskThread.java:63)
	at java.base/java.lang.Thread.run(Thread.java:840)
11:12:09.128 -------- [http-nio-8080-exec-5] --- DEBUG --- o.s.security.web.FilterChainProxy -------- Securing GET /error 
11:12:09.128 -------- [http-nio-8080-exec-5] --- DEBUG --- o.s.s.w.a.AnonymousAuthenticationFilter -------- Set SecurityContextHolder to anonymous SecurityContext 
11:12:09.175 -------- [http-nio-8080-exec-5] --- DEBUG --- o.s.s.w.s.HttpSessionRequestCache -------- Saved request http://localhost:8080/error?continue to session 
11:12:09.175 -------- [http-nio-8080-exec-5] --- DEBUG --- o.s.s.w.a.Http403ForbiddenEntryPoint -------- Pre-authenticated entry point called. Rejecting access 
11:12:18.329 -------- [http-nio-8080-exec-7] --- DEBUG --- o.s.security.web.FilterChainProxy -------- Securing GET /journal/get-all-entries 
11:12:18.386 -------- [http-nio-8080-exec-7] --- DEBUG --- o.s.security.web.FilterChainProxy -------- Secured GET /journal/get-all-entries 
11:12:44.343 -------- [SpringApplicationShutdownHook] --- INFO  --- o.s.b.w.e.tomcat.GracefulShutdown -------- Commencing graceful shutdown. Waiting for active requests to complete 
11:12:44.480 -------- [tomcat-shutdown] --- INFO  --- o.s.b.w.e.tomcat.GracefulShutdown -------- Graceful shutdown complete 
11:12:47.777 -------- [restartedMain] --- INFO  --- c.app.journal.JournalAppApplication -------- Starting JournalAppApplication using Java 17.0.18 with PID 24948 (C:\Users\hp\Desktop\Study\Java-programs\JournalApplication\journal\target\classes started by hp in C:\Users\hp\Desktop\Study\Java-programs\JournalApplication) 
11:12:47.779 -------- [restartedMain] --- DEBUG --- c.app.journal.JournalAppApplication -------- Running with Spring Boot v3.5.11, Spring v6.2.16 
11:12:47.780 -------- [restartedMain] --- INFO  --- c.app.journal.JournalAppApplication -------- No active profile set, falling back to 1 default profile: "default" 
11:12:47.856 -------- [restartedMain] --- INFO  --- o.s.b.d.e.DevToolsPropertyDefaultsPostProcessor -------- Devtools property defaults active! Set 'spring.devtools.add-properties' to 'false' to disable 
11:12:47.856 -------- [restartedMain] --- INFO  --- o.s.b.d.e.DevToolsPropertyDefaultsPostProcessor -------- For additional web related logging consider setting the 'logging.level.web' property to 'DEBUG' 
11:12:48.632 -------- [restartedMain] --- INFO  --- o.s.d.r.c.RepositoryConfigurationDelegate -------- Multiple Spring Data modules found, entering strict repository configuration mode 
11:12:48.633 -------- [restartedMain] --- INFO  --- o.s.d.r.c.RepositoryConfigurationDelegate -------- Bootstrapping Spring Data MongoDB repositories in DEFAULT mode. 
11:12:48.753 -------- [restartedMain] --- INFO  --- o.s.d.r.c.RepositoryConfigurationDelegate -------- Finished Spring Data repository scanning in 112 ms. Found 3 MongoDB repository interfaces. 
11:12:48.766 -------- [restartedMain] --- INFO  --- o.s.d.r.c.RepositoryConfigurationDelegate -------- Multiple Spring Data modules found, entering strict repository configuration mode 
11:12:48.767 -------- [restartedMain] --- INFO  --- o.s.d.r.c.RepositoryConfigurationDelegate -------- Bootstrapping Spring Data Redis repositories in DEFAULT mode. 
11:12:48.779 -------- [restartedMain] --- INFO  --- o.s.d.r.c.RepositoryConfigurationExtensionSupport -------- Spring Data Redis - Could not safely identify store assignment for repository candidate interface com.app.journal.repository.ConfigJournalAppRepository; If you want this repository to be a Redis repository, consider annotating your entities with one of these annotations: org.springframework.data.redis.core.RedisHash (preferred), or consider extending one of the following types with your repository: org.springframework.data.keyvalue.repository.KeyValueRepository 
11:12:48.779 -------- [restartedMain] --- INFO  --- o.s.d.r.c.RepositoryConfigurationExtensionSupport -------- Spring Data Redis - Could not safely identify store assignment for repository candidate interface com.app.journal.repository.JournalEntryRepository; If you want this repository to be a Redis repository, consider annotating your entities with one of these annotations: org.springframework.data.redis.core.RedisHash (preferred), or consider extending one of the following types with your repository: org.springframework.data.keyvalue.repository.KeyValueRepository 
11:12:48.779 -------- [restartedMain] --- INFO  --- o.s.d.r.c.RepositoryConfigurationExtensionSupport -------- Spring Data Redis - Could not safely identify store assignment for repository candidate interface com.app.journal.repository.UserRepository; If you want this repository to be a Redis repository, consider annotating your entities with one of these annotations: org.springframework.data.redis.core.RedisHash (preferred), or consider extending one of the following types with your repository: org.springframework.data.keyvalue.repository.KeyValueRepository 
11:12:48.779 -------- [restartedMain] --- INFO  --- o.s.d.r.c.RepositoryConfigurationDelegate -------- Finished Spring Data repository scanning in 5 ms. Found 0 Redis repository interfaces. 
11:12:49.369 -------- [restartedMain] --- INFO  --- o.s.b.w.e.tomcat.TomcatWebServer -------- Tomcat initialized with port 8080 (http) 
11:12:49.382 -------- [restartedMain] --- INFO  --- o.a.coyote.http11.Http11NioProtocol -------- Initializing ProtocolHandler ["http-nio-8080"] 
11:12:49.385 -------- [restartedMain] --- INFO  --- o.a.catalina.core.StandardService -------- Starting service [Tomcat] 
11:12:49.385 -------- [restartedMain] --- INFO  --- o.a.catalina.core.StandardEngine -------- Starting Servlet engine: [Apache Tomcat/10.1.52] 
11:12:49.421 -------- [restartedMain] --- INFO  --- o.a.c.c.C.[Tomcat].[localhost].[/] -------- Initializing Spring embedded WebApplicationContext 
11:12:49.423 -------- [restartedMain] --- INFO  --- o.s.b.w.s.c.ServletWebServerApplicationContext -------- Root WebApplicationContext: initialization completed in 1564 ms 
11:12:49.600 -------- [restartedMain] --- INFO  --- org.mongodb.driver.client -------- MongoClient with metadata {"application": {"name": "Cluster0"}, "driver": {"name": "mongo-java-driver|sync|spring-boot", "version": "5.5.2"}, "os": {"type": "Windows", "name": "Windows 11", "architecture": "amd64", "version": "10.0"}, "platform": "Java/Microsoft/17.0.18+8-LTS"} created with settings MongoClientSettings{readPreference=primary, writeConcern=WriteConcern{w=null, wTimeout=null ms, journal=null}, retryWrites=true, retryReads=true, readConcern=ReadConcern{level=null}, credential=MongoCredential{mechanism=null, userName='mailmerajansari_db_user', source='admin', password=<hidden>, mechanismProperties=<hidden>}, transportSettings=null, commandListeners=[], codecRegistry=ProvidersCodecRegistry{codecProviders=[ValueCodecProvider{}, BsonValueCodecProvider{}, DBRefCodecProvider{}, DBObjectCodecProvider{}, DocumentCodecProvider{}, CollectionCodecProvider{}, IterableCodecProvider{}, MapCodecProvider{}, GeoJsonCodecProvider{}, GridFSFileCodecProvider{}, Jsr310CodecProvider{}, JsonObjectCodecProvider{}, BsonCodecProvider{}, EnumCodecProvider{}, com.mongodb.client.model.mql.ExpressionCodecProvider@1733a823, com.mongodb.Jep395RecordCodecProvider@40cd96ef, com.mongodb.KotlinCodecProvider@450d3cf5]}, loggerSettings=LoggerSettings{maxDocumentLength=1000}, clusterSettings={hosts=[127.0.0.1:27017], srvHost=cluster0.b7jb1jb.mongodb.net, srvServiceName=mongodb, mode=MULTIPLE, requiredClusterType=REPLICA_SET, requiredReplicaSetName='atlas-10vsg5-shard-0', serverSelector='null', clusterListeners='[]', serverSelectionTimeout='30000 ms', localThreshold='15 ms'}, socketSettings=SocketSettings{connectTimeoutMS=10000, readTimeoutMS=0, receiveBufferSize=0, proxySettings=ProxySettings{host=null, port=null, username=null, password=null}}, heartbeatSocketSettings=SocketSettings{connectTimeoutMS=10000, readTimeoutMS=10000, receiveBufferSize=0, proxySettings=ProxySettings{host=null, port=null, username=null, password=null}}, connectionPoolSettings=ConnectionPoolSettings{maxSize=100, minSize=0, maxWaitTimeMS=120000, maxConnectionLifeTimeMS=0, maxConnectionIdleTimeMS=0, maintenanceInitialDelayMS=0, maintenanceFrequencyMS=60000, connectionPoolListeners=[], maxConnecting=2}, serverSettings=ServerSettings{heartbeatFrequencyMS=10000, minHeartbeatFrequencyMS=500, serverMonitoringMode=AUTO, serverListeners='[]', serverMonitorListeners='[]'}, sslSettings=SslSettings{enabled=true, invalidHostNameAllowed=false, context=null}, applicationName='Cluster0', compressorList=[], uuidRepresentation=JAVA_LEGACY, serverApi=null, autoEncryptionSettings=null, dnsClient=null, inetAddressResolver=null, contextProvider=null, timeoutMS=null} 
11:12:49.613 -------- [cluster-ClusterId{value='69bcde598be9e3b5208c292f', description='Cluster0'}-srv-cluster0.b7jb1jb.mongodb.net] --- INFO  --- org.mongodb.driver.cluster -------- Adding discovered server ac-jcz0paw-shard-00-00.b7jb1jb.mongodb.net:27017 to client view of cluster 
11:12:49.645 -------- [cluster-ClusterId{value='69bcde598be9e3b5208c292f', description='Cluster0'}-srv-cluster0.b7jb1jb.mongodb.net] --- INFO  --- org.mongodb.driver.cluster -------- Adding discovered server ac-jcz0paw-shard-00-01.b7jb1jb.mongodb.net:27017 to client view of cluster 
11:12:49.647 -------- [cluster-ClusterId{value='69bcde598be9e3b5208c292f', description='Cluster0'}-srv-cluster0.b7jb1jb.mongodb.net] --- INFO  --- org.mongodb.driver.cluster -------- Adding discovered server ac-jcz0paw-shard-00-02.b7jb1jb.mongodb.net:27017 to client view of cluster 
11:12:49.918 -------- [restartedMain] --- INFO  --- org.mongodb.driver.cluster -------- Waiting for server to become available for operation with ID 5. Remaining time: 29992 ms. Selector: WritableServerSelector, topology description: {type=REPLICA_SET, servers=[{address=ac-jcz0paw-shard-00-01.b7jb1jb.mongodb.net:27017, type=UNKNOWN, state=CONNECTING}, {address=ac-jcz0paw-shard-00-02.b7jb1jb.mongodb.net:27017, type=UNKNOWN, state=CONNECTING}, {address=ac-jcz0paw-shard-00-00.b7jb1jb.mongodb.net:27017, type=UNKNOWN, state=CONNECTING}]. 
11:12:50.039 -------- [cluster-ClusterId{value='69bcde598be9e3b5208c292f', description='Cluster0'}-ac-jcz0paw-shard-00-01.b7jb1jb.mongodb.net:27017] --- INFO  --- org.mongodb.driver.cluster -------- Monitor thread successfully connected to server with description ServerDescription{address=ac-jcz0paw-shard-00-01.b7jb1jb.mongodb.net:27017, type=REPLICA_SET_SECONDARY, cryptd=false, state=CONNECTED, ok=true, minWireVersion=0, maxWireVersion=25, maxDocumentSize=16777216, logicalSessionTimeoutMinutes=30, roundTripTimeNanos=218364500, minRoundTripTimeNanos=0, setName='atlas-10vsg5-shard-0', canonicalAddress=ac-jcz0paw-shard-00-01.b7jb1jb.mongodb.net:27017, hosts=[ac-jcz0paw-shard-00-01.b7jb1jb.mongodb.net:27017, ac-jcz0paw-shard-00-02.b7jb1jb.mongodb.net:27017, ac-jcz0paw-shard-00-00.b7jb1jb.mongodb.net:27017], passives=[], arbiters=[], primary='ac-jcz0paw-shard-00-02.b7jb1jb.mongodb.net:27017', tagSet=TagSet{[Tag{name='availabilityZone', value='aps1-az3'}, Tag{name='diskState', value='READY'}, Tag{name='nodeType', value='ELECTABLE'}, Tag{name='provider', value='AWS'}, Tag{name='region', value='AP_SOUTH_1'}, Tag{name='workloadType', value='OPERATIONAL'}]}, electionId=null, setVersion=57, topologyVersion=TopologyVersion{processId=69b3142d06876aecd9b70acd, counter=3}, lastWriteDate=Fri Mar 20 11:12:48 IST 2026, lastUpdateTimeNanos=146134076352500} 
11:12:50.039 -------- [cluster-ClusterId{value='69bcde598be9e3b5208c292f', description='Cluster0'}-ac-jcz0paw-shard-00-02.b7jb1jb.mongodb.net:27017] --- INFO  --- org.mongodb.driver.cluster -------- Monitor thread successfully connected to server with description ServerDescription{address=ac-jcz0paw-shard-00-02.b7jb1jb.mongodb.net:27017, type=REPLICA_SET_PRIMARY, cryptd=false, state=CONNECTED, ok=true, minWireVersion=0, maxWireVersion=25, maxDocumentSize=16777216, logicalSessionTimeoutMinutes=30, roundTripTimeNanos=220432800, minRoundTripTimeNanos=0, setName='atlas-10vsg5-shard-0', canonicalAddress=ac-jcz0paw-shard-00-02.b7jb1jb.mongodb.net:27017, hosts=[ac-jcz0paw-shard-00-01.b7jb1jb.mongodb.net:27017, ac-jcz0paw-shard-00-02.b7jb1jb.mongodb.net:27017, ac-jcz0paw-shard-00-00.b7jb1jb.mongodb.net:27017], passives=[], arbiters=[], primary='ac-jcz0paw-shard-00-02.b7jb1jb.mongodb.net:27017', tagSet=TagSet{[Tag{name='availabilityZone', value='aps1-az2'}, Tag{name='diskState', value='READY'}, Tag{name='nodeType', value='ELECTABLE'}, Tag{name='provider', value='AWS'}, Tag{name='region', value='AP_SOUTH_1'}, Tag{name='workloadType', value='OPERATIONAL'}]}, electionId=7fffffff00000000000000dc, setVersion=57, topologyVersion=TopologyVersion{processId=69b311ad332d80e6a3807b8e, counter=6}, lastWriteDate=Fri Mar 20 11:12:48 IST 2026, lastUpdateTimeNanos=146134076352500} 
11:12:50.039 -------- [cluster-ClusterId{value='69bcde598be9e3b5208c292f', description='Cluster0'}-ac-jcz0paw-shard-00-00.b7jb1jb.mongodb.net:27017] --- INFO  --- org.mongodb.driver.cluster -------- Monitor thread successfully connected to server with description ServerDescription{address=ac-jcz0paw-shard-00-00.b7jb1jb.mongodb.net:27017, type=REPLICA_SET_SECONDARY, cryptd=false, state=CONNECTED, ok=true, minWireVersion=0, maxWireVersion=25, maxDocumentSize=16777216, logicalSessionTimeoutMinutes=30, roundTripTimeNanos=220432300, minRoundTripTimeNanos=0, setName='atlas-10vsg5-shard-0', canonicalAddress=ac-jcz0paw-shard-00-00.b7jb1jb.mongodb.net:27017, hosts=[ac-jcz0paw-shard-00-01.b7jb1jb.mongodb.net:27017, ac-jcz0paw-shard-00-02.b7jb1jb.mongodb.net:27017, ac-jcz0paw-shard-00-00.b7jb1jb.mongodb.net:27017], passives=[], arbiters=[], primary='ac-jcz0paw-shard-00-02.b7jb1jb.mongodb.net:27017', tagSet=TagSet{[Tag{name='availabilityZone', value='aps1-az1'}, Tag{name='diskState', value='READY'}, Tag{name='nodeType', value='ELECTABLE'}, Tag{name='provider', value='AWS'}, Tag{name='region', value='AP_SOUTH_1'}, Tag{name='workloadType', value='OPERATIONAL'}]}, electionId=null, setVersion=57, topologyVersion=TopologyVersion{processId=69b30fd5ea006f2a16d8bf3e, counter=4}, lastWriteDate=Fri Mar 20 11:12:48 IST 2026, lastUpdateTimeNanos=146134076352600} 
11:12:50.042 -------- [cluster-ClusterId{value='69bcde598be9e3b5208c292f', description='Cluster0'}-ac-jcz0paw-shard-00-02.b7jb1jb.mongodb.net:27017] --- INFO  --- org.mongodb.driver.cluster -------- Discovered replica set primary ac-jcz0paw-shard-00-02.b7jb1jb.mongodb.net:27017 with max election id 7fffffff00000000000000dc and max set version 57 
11:12:50.500 -------- [restartedMain] --- DEBUG --- com.app.journal.filter.JwtFilter -------- Filter 'jwtFilter' configured for use 
11:12:50.523 -------- [restartedMain] --- INFO  --- o.s.b.d.a.OptionalLiveReloadServer -------- LiveReload server is running on port 35729 
11:12:50.626 -------- [restartedMain] --- INFO  --- com.app.journal.config.RedisConfig -------- Connected Redis Host: redis-10391.crce286.ap-south-1-1.ec2.cloud.redislabs.com 
11:12:50.627 -------- [restartedMain] --- INFO  --- com.app.journal.config.RedisConfig -------- Connected Redis Port: 10391 
11:12:50.703 -------- [restartedMain] --- INFO  --- o.s.s.c.a.a.c.InitializeAuthenticationProviderBeanManagerConfigurer$InitializeAuthenticationProviderManagerConfigurer -------- Global AuthenticationManager configured with AuthenticationProvider bean with name authenticationProvider 
11:12:50.703 -------- [restartedMain] --- WARN  --- o.s.s.c.a.a.c.InitializeUserDetailsBeanManagerConfigurer$InitializeUserDetailsManagerConfigurer -------- Global AuthenticationManager configured with an AuthenticationProvider bean. UserDetailsService beans will not be used by Spring Security for automatically configuring username/password login. Consider removing the AuthenticationProvider bean. Alternatively, consider using the UserDetailsService in a manually instantiated DaoAuthenticationProvider. If the current configuration is intentional, to turn off this warning, increase the logging level of 'org.springframework.security.config.annotation.authentication.configuration.InitializeUserDetailsBeanManagerConfigurer' to ERROR 
11:12:51.324 -------- [restartedMain] --- DEBUG --- o.s.s.web.DefaultSecurityFilterChain -------- Will secure any request with filters: DisableEncodeUrlFilter, WebAsyncManagerIntegrationFilter, SecurityContextHolderFilter, HeaderWriterFilter, LogoutFilter, JwtFilter, RequestCacheAwareFilter, SecurityContextHolderAwareRequestFilter, AnonymousAuthenticationFilter, ExceptionTranslationFilter, AuthorizationFilter 
11:12:51.595 -------- [restartedMain] --- INFO  --- o.a.coyote.http11.Http11NioProtocol -------- Starting ProtocolHandler ["http-nio-8080"] 
11:12:51.616 -------- [restartedMain] --- INFO  --- o.s.b.w.e.tomcat.TomcatWebServer -------- Tomcat started on port 8080 (http) with context path '/' 
11:12:51.630 -------- [restartedMain] --- INFO  --- c.app.journal.JournalAppApplication -------- Started JournalAppApplication in 4.205 seconds (process running for 4.693) 
11:13:03.223 -------- [http-nio-8080-exec-2] --- INFO  --- o.a.c.c.C.[Tomcat].[localhost].[/] -------- Initializing Spring DispatcherServlet 'dispatcherServlet' 
11:13:03.224 -------- [http-nio-8080-exec-2] --- INFO  --- o.s.web.servlet.DispatcherServlet -------- Initializing Servlet 'dispatcherServlet' 
11:13:03.225 -------- [http-nio-8080-exec-2] --- INFO  --- o.s.web.servlet.DispatcherServlet -------- Completed initialization in 1 ms 
11:13:03.249 -------- [http-nio-8080-exec-2] --- DEBUG --- o.s.security.web.FilterChainProxy -------- Securing POST /public/login 
11:13:03.264 -------- [http-nio-8080-exec-2] --- DEBUG --- o.s.security.web.FilterChainProxy -------- Secured POST /public/login 
11:13:03.694 -------- [http-nio-8080-exec-2] --- DEBUG --- o.s.s.a.d.DaoAuthenticationProvider -------- Authenticated user 
11:13:03.867 -------- [http-nio-8080-exec-2] --- DEBUG --- o.s.s.w.a.AnonymousAuthenticationFilter -------- Set SecurityContextHolder to anonymous SecurityContext 
11:13:13.434 -------- [http-nio-8080-exec-5] --- DEBUG --- o.s.security.web.FilterChainProxy -------- Securing GET /journal/get-all-entries 
11:13:13.515 -------- [http-nio-8080-exec-5] --- DEBUG --- o.s.security.web.FilterChainProxy -------- Secured GET /journal/get-all-entries 
11:15:47.531 -------- [http-nio-8080-exec-6] --- DEBUG --- o.s.security.web.FilterChainProxy -------- Securing GET /journal/get-all-entries 
11:15:47.533 -------- [http-nio-8080-exec-6] --- ERROR --- o.a.c.c.C.[.[.[.[dispatcherServlet] -------- Servlet.service() for servlet [dispatcherServlet] in context with path [] threw exception 
io.jsonwebtoken.ExpiredJwtException: JWT expired 104531 milliseconds ago at 2026-03-20T05:44:03.000Z. Current time: 2026-03-20T05:45:47.531Z. Allowed clock skew: 0 milliseconds.
	at io.jsonwebtoken.impl.DefaultJwtParser.parse(DefaultJwtParser.java:682)
	at io.jsonwebtoken.impl.DefaultJwtParser.parse(DefaultJwtParser.java:362)
	at io.jsonwebtoken.impl.DefaultJwtParser.parse(DefaultJwtParser.java:94)
	at io.jsonwebtoken.impl.io.AbstractParser.parse(AbstractParser.java:36)
	at io.jsonwebtoken.impl.io.AbstractParser.parse(AbstractParser.java:29)
	at io.jsonwebtoken.impl.DefaultJwtParser.parseSignedClaims(DefaultJwtParser.java:821)
	at com.app.journal.utils.JwtUtil.extractAllClaims(JwtUtil.java:57)
	at com.app.journal.utils.JwtUtil.extractUsername(JwtUtil.java:45)
	at com.app.journal.filter.JwtFilter.doFilterInternal(JwtFilter.java:36)
	at org.springframework.web.filter.OncePerRequestFilter.doFilter(OncePerRequestFilter.java:116)
	at org.springframework.security.web.FilterChainProxy$VirtualFilterChain.doFilter(FilterChainProxy.java:374)
	at org.springframework.security.web.authentication.logout.LogoutFilter.doFilter(LogoutFilter.java:107)
	at org.springframework.security.web.authentication.logout.LogoutFilter.doFilter(LogoutFilter.java:93)
	at org.springframework.security.web.FilterChainProxy$VirtualFilterChain.doFilter(FilterChainProxy.java:374)
	at org.springframework.security.web.header.HeaderWriterFilter.doHeadersAfter(HeaderWriterFilter.java:90)
	at org.springframework.security.web.header.HeaderWriterFilter.doFilterInternal(HeaderWriterFilter.java:75)
	at org.springframework.web.filter.OncePerRequestFilter.doFilter(OncePerRequestFilter.java:116)
	at org.springframework.security.web.FilterChainProxy$VirtualFilterChain.doFilter(FilterChainProxy.java:374)
	at org.springframework.security.web.context.SecurityContextHolderFilter.doFilter(SecurityContextHolderFilter.java:82)
	at org.springframework.security.web.context.SecurityContextHolderFilter.doFilter(SecurityContextHolderFilter.java:69)
	at org.springframework.security.web.FilterChainProxy$VirtualFilterChain.doFilter(FilterChainProxy.java:374)
	at org.springframework.security.web.context.request.async.WebAsyncManagerIntegrationFilter.doFilterInternal(WebAsyncManagerIntegrationFilter.java:62)
	at org.springframework.web.filter.OncePerRequestFilter.doFilter(OncePerRequestFilter.java:116)
	at org.springframework.security.web.FilterChainProxy$VirtualFilterChain.doFilter(FilterChainProxy.java:374)
	at org.springframework.security.web.session.DisableEncodeUrlFilter.doFilterInternal(DisableEncodeUrlFilter.java:42)
	at org.springframework.web.filter.OncePerRequestFilter.doFilter(OncePerRequestFilter.java:116)
	at org.springframework.security.web.FilterChainProxy$VirtualFilterChain.doFilter(FilterChainProxy.java:374)
	at org.springframework.security.web.FilterChainProxy.doFilterInternal(FilterChainProxy.java:233)
	at org.springframework.security.web.FilterChainProxy.doFilter(FilterChainProxy.java:191)
	at org.springframework.web.filter.CompositeFilter$VirtualFilterChain.doFilter(CompositeFilter.java:113)
	at org.springframework.web.filter.ServletRequestPathFilter.doFilter(ServletRequestPathFilter.java:52)
	at org.springframework.web.filter.CompositeFilter$VirtualFilterChain.doFilter(CompositeFilter.java:113)
	at org.springframework.web.filter.CompositeFilter.doFilter(CompositeFilter.java:74)
	at org.springframework.security.config.annotation.web.configuration.WebSecurityConfiguration$CompositeFilterChainProxy.doFilter(WebSecurityConfiguration.java:319)
	at org.springframework.web.filter.CompositeFilter$VirtualFilterChain.doFilter(CompositeFilter.java:113)
	at org.springframework.web.servlet.handler.HandlerMappingIntrospector.lambda$createCacheFilter$4(HandlerMappingIntrospector.java:267)
	at org.springframework.web.filter.CompositeFilter$VirtualFilterChain.doFilter(CompositeFilter.java:113)
	at org.springframework.web.filter.CompositeFilter.doFilter(CompositeFilter.java:74)
	at org.springframework.security.config.annotation.web.configuration.WebMvcSecurityConfiguration$CompositeFilterChainProxy.doFilter(WebMvcSecurityConfiguration.java:240)
	at org.springframework.web.filter.DelegatingFilterProxy.invokeDelegate(DelegatingFilterProxy.java:362)
	at org.springframework.web.filter.DelegatingFilterProxy.doFilter(DelegatingFilterProxy.java:278)
	at org.apache.catalina.core.ApplicationFilterChain.internalDoFilter(ApplicationFilterChain.java:162)
	at org.apache.catalina.core.ApplicationFilterChain.doFilter(ApplicationFilterChain.java:138)
	at org.springframework.web.filter.RequestContextFilter.doFilterInternal(RequestContextFilter.java:100)
	at org.springframework.web.filter.OncePerRequestFilter.doFilter(OncePerRequestFilter.java:116)
	at org.apache.catalina.core.ApplicationFilterChain.internalDoFilter(ApplicationFilterChain.java:162)
	at org.apache.catalina.core.ApplicationFilterChain.doFilter(ApplicationFilterChain.java:138)
	at org.springframework.web.filter.FormContentFilter.doFilterInternal(FormContentFilter.java:93)
	at org.springframework.web.filter.OncePerRequestFilter.doFilter(OncePerRequestFilter.java:116)
	at org.apache.catalina.core.ApplicationFilterChain.internalDoFilter(ApplicationFilterChain.java:162)
	at org.apache.catalina.core.ApplicationFilterChain.doFilter(ApplicationFilterChain.java:138)
	at org.springframework.web.filter.CharacterEncodingFilter.doFilterInternal(CharacterEncodingFilter.java:201)
	at org.springframework.web.filter.OncePerRequestFilter.doFilter(OncePerRequestFilter.java:116)
	at org.apache.catalina.core.ApplicationFilterChain.internalDoFilter(ApplicationFilterChain.java:162)
	at org.apache.catalina.core.ApplicationFilterChain.doFilter(ApplicationFilterChain.java:138)
	at org.apache.catalina.core.StandardWrapperValve.invoke(StandardWrapperValve.java:165)
	at org.apache.catalina.core.StandardContextValve.invoke(StandardContextValve.java:88)
	at org.apache.catalina.authenticator.AuthenticatorBase.invoke(AuthenticatorBase.java:492)
	at org.apache.catalina.core.StandardHostValve.invoke(StandardHostValve.java:113)
	at org.apache.catalina.valves.ErrorReportValve.invoke(ErrorReportValve.java:83)
	at org.apache.catalina.core.StandardEngineValve.invoke(StandardEngineValve.java:72)
	at org.apache.catalina.connector.CoyoteAdapter.service(CoyoteAdapter.java:342)
	at org.apache.coyote.http11.Http11Processor.service(Http11Processor.java:399)
	at org.apache.coyote.AbstractProcessorLight.process(AbstractProcessorLight.java:63)
	at org.apache.coyote.AbstractProtocol$ConnectionHandler.process(AbstractProtocol.java:903)
	at org.apache.tomcat.util.net.NioEndpoint$SocketProcessor.doRun(NioEndpoint.java:1775)
	at org.apache.tomcat.util.net.SocketProcessorBase.run(SocketProcessorBase.java:52)
	at org.apache.tomcat.util.threads.ThreadPoolExecutor.runWorker(ThreadPoolExecutor.java:973)
	at org.apache.tomcat.util.threads.ThreadPoolExecutor$Worker.run(ThreadPoolExecutor.java:491)
	at org.apache.tomcat.util.threads.TaskThread$WrappingRunnable.run(TaskThread.java:63)
	at java.base/java.lang.Thread.run(Thread.java:840)
11:15:47.543 -------- [http-nio-8080-exec-6] --- DEBUG --- o.s.security.web.FilterChainProxy -------- Securing GET /error 
11:15:47.544 -------- [http-nio-8080-exec-6] --- DEBUG --- o.s.s.w.a.AnonymousAuthenticationFilter -------- Set SecurityContextHolder to anonymous SecurityContext 
11:15:47.547 -------- [http-nio-8080-exec-6] --- DEBUG --- o.s.s.w.s.HttpSessionRequestCache -------- Saved request http://localhost:8080/error?continue to session 
11:15:47.547 -------- [http-nio-8080-exec-6] --- DEBUG --- o.s.s.w.a.Http403ForbiddenEntryPoint -------- Pre-authenticated entry point called. Rejecting access 
11:27:12.258 -------- [SpringApplicationShutdownHook] --- INFO  --- o.s.b.w.e.tomcat.GracefulShutdown -------- Commencing graceful shutdown. Waiting for active requests to complete 
11:27:12.401 -------- [tomcat-shutdown] --- INFO  --- o.s.b.w.e.tomcat.GracefulShutdown -------- Graceful shutdown complete 
