12:04:24.217 -------- [restartedMain] --- INFO  --- c.app.journal.JournalAppApplication -------- Starting JournalAppApplication using Java 17.0.18 with PID 6464 (C:\Users\hp\Desktop\Study\Java-programs\JournalApplication\journal\target\classes started by hp in C:\Users\hp\Desktop\Study\Java-programs\JournalApplication) 
12:04:24.222 -------- [restartedMain] --- DEBUG --- c.app.journal.JournalAppApplication -------- Running with Spring Boot v3.5.11, Spring v6.2.16 
12:04:24.222 -------- [restartedMain] --- INFO  --- c.app.journal.JournalAppApplication -------- No active profile set, falling back to 1 default profile: "default" 
12:04:24.294 -------- [restartedMain] --- INFO  --- o.s.b.d.e.DevToolsPropertyDefaultsPostProcessor -------- Devtools property defaults active! Set 'spring.devtools.add-properties' to 'false' to disable 
12:04:24.295 -------- [restartedMain] --- INFO  --- o.s.b.d.e.DevToolsPropertyDefaultsPostProcessor -------- For additional web related logging consider setting the 'logging.level.web' property to 'DEBUG' 
12:04:25.677 -------- [restartedMain] --- INFO  --- o.s.d.r.c.RepositoryConfigurationDelegate -------- Multiple Spring Data modules found, entering strict repository configuration mode 
12:04:25.679 -------- [restartedMain] --- INFO  --- o.s.d.r.c.RepositoryConfigurationDelegate -------- Bootstrapping Spring Data MongoDB repositories in DEFAULT mode. 
12:04:25.827 -------- [restartedMain] --- INFO  --- o.s.d.r.c.RepositoryConfigurationDelegate -------- Finished Spring Data repository scanning in 142 ms. Found 3 MongoDB repository interfaces. 
12:04:25.844 -------- [restartedMain] --- INFO  --- o.s.d.r.c.RepositoryConfigurationDelegate -------- Multiple Spring Data modules found, entering strict repository configuration mode 
12:04:25.846 -------- [restartedMain] --- INFO  --- o.s.d.r.c.RepositoryConfigurationDelegate -------- Bootstrapping Spring Data Redis repositories in DEFAULT mode. 
12:04:25.861 -------- [restartedMain] --- INFO  --- o.s.d.r.c.RepositoryConfigurationExtensionSupport -------- Spring Data Redis - Could not safely identify store assignment for repository candidate interface com.app.journal.repository.ConfigJournalAppRepository; If you want this repository to be a Redis repository, consider annotating your entities with one of these annotations: org.springframework.data.redis.core.RedisHash (preferred), or consider extending one of the following types with your repository: org.springframework.data.keyvalue.repository.KeyValueRepository 
12:04:25.861 -------- [restartedMain] --- INFO  --- o.s.d.r.c.RepositoryConfigurationExtensionSupport -------- Spring Data Redis - Could not safely identify store assignment for repository candidate interface com.app.journal.repository.JournalEntryRepository; If you want this repository to be a Redis repository, consider annotating your entities with one of these annotations: org.springframework.data.redis.core.RedisHash (preferred), or consider extending one of the following types with your repository: org.springframework.data.keyvalue.repository.KeyValueRepository 
12:04:25.861 -------- [restartedMain] --- INFO  --- o.s.d.r.c.RepositoryConfigurationExtensionSupport -------- Spring Data Redis - Could not safely identify store assignment for repository candidate interface com.app.journal.repository.UserRepository; If you want this repository to be a Redis repository, consider annotating your entities with one of these annotations: org.springframework.data.redis.core.RedisHash (preferred), or consider extending one of the following types with your repository: org.springframework.data.keyvalue.repository.KeyValueRepository 
12:04:25.862 -------- [restartedMain] --- INFO  --- o.s.d.r.c.RepositoryConfigurationDelegate -------- Finished Spring Data repository scanning in 6 ms. Found 0 Redis repository interfaces. 
12:04:26.557 -------- [restartedMain] --- INFO  --- o.s.b.w.e.tomcat.TomcatWebServer -------- Tomcat initialized with port 8080 (http) 
12:04:26.568 -------- [restartedMain] --- INFO  --- o.a.coyote.http11.Http11NioProtocol -------- Initializing ProtocolHandler ["http-nio-8080"] 
12:04:26.571 -------- [restartedMain] --- INFO  --- o.a.catalina.core.StandardService -------- Starting service [Tomcat] 
12:04:26.571 -------- [restartedMain] --- INFO  --- o.a.catalina.core.StandardEngine -------- Starting Servlet engine: [Apache Tomcat/10.1.52] 
12:04:26.614 -------- [restartedMain] --- INFO  --- o.a.c.c.C.[Tomcat].[localhost].[/] -------- Initializing Spring embedded WebApplicationContext 
12:04:26.615 -------- [restartedMain] --- INFO  --- o.s.b.w.s.c.ServletWebServerApplicationContext -------- Root WebApplicationContext: initialization completed in 2320 ms 
12:04:26.994 -------- [restartedMain] --- INFO  --- org.mongodb.driver.client -------- MongoClient with metadata {"application": {"name": "Cluster0"}, "driver": {"name": "mongo-java-driver|sync|spring-boot", "version": "5.5.2"}, "os": {"type": "Windows", "name": "Windows 11", "architecture": "amd64", "version": "10.0"}, "platform": "Java/Microsoft/17.0.18+8-LTS"} created with settings MongoClientSettings{readPreference=primary, writeConcern=WriteConcern{w=null, wTimeout=null ms, journal=null}, retryWrites=true, retryReads=true, readConcern=ReadConcern{level=null}, credential=MongoCredential{mechanism=null, userName='mailmerajansari_db_user', source='admin', password=<hidden>, mechanismProperties=<hidden>}, transportSettings=null, commandListeners=[], codecRegistry=ProvidersCodecRegistry{codecProviders=[ValueCodecProvider{}, BsonValueCodecProvider{}, DBRefCodecProvider{}, DBObjectCodecProvider{}, DocumentCodecProvider{}, CollectionCodecProvider{}, IterableCodecProvider{}, MapCodecProvider{}, GeoJsonCodecProvider{}, GridFSFileCodecProvider{}, Jsr310CodecProvider{}, JsonObjectCodecProvider{}, BsonCodecProvider{}, EnumCodecProvider{}, com.mongodb.client.model.mql.ExpressionCodecProvider@5d598331, com.mongodb.Jep395RecordCodecProvider@11f8112b, com.mongodb.KotlinCodecProvider@4451512a]}, loggerSettings=LoggerSettings{maxDocumentLength=1000}, clusterSettings={hosts=[127.0.0.1:27017], srvHost=cluster0.b7jb1jb.mongodb.net, srvServiceName=mongodb, mode=MULTIPLE, requiredClusterType=REPLICA_SET, requiredReplicaSetName='atlas-10vsg5-shard-0', serverSelector='null', clusterListeners='[]', serverSelectionTimeout='30000 ms', localThreshold='15 ms'}, socketSettings=SocketSettings{connectTimeoutMS=10000, readTimeoutMS=0, receiveBufferSize=0, proxySettings=ProxySettings{host=null, port=null, username=null, password=null}}, heartbeatSocketSettings=SocketSettings{connectTimeoutMS=10000, readTimeoutMS=10000, receiveBufferSize=0, proxySettings=ProxySettings{host=null, port=null, username=null, password=null}}, connectionPoolSettings=ConnectionPoolSettings{maxSize=100, minSize=0, maxWaitTimeMS=120000, maxConnectionLifeTimeMS=0, maxConnectionIdleTimeMS=0, maintenanceInitialDelayMS=0, maintenanceFrequencyMS=60000, connectionPoolListeners=[], maxConnecting=2}, serverSettings=ServerSettings{heartbeatFrequencyMS=10000, minHeartbeatFrequencyMS=500, serverMonitoringMode=AUTO, serverListeners='[]', serverMonitorListeners='[]'}, sslSettings=SslSettings{enabled=true, invalidHostNameAllowed=false, context=null}, applicationName='Cluster0', compressorList=[], uuidRepresentation=JAVA_LEGACY, serverApi=null, autoEncryptionSettings=null, dnsClient=null, inetAddressResolver=null, contextProvider=null, timeoutMS=null} 
12:04:27.123 -------- [cluster-ClusterId{value='69ba47727f85c41716bdf5d5', description='Cluster0'}-srv-cluster0.b7jb1jb.mongodb.net] --- INFO  --- org.mongodb.driver.cluster -------- Adding discovered server ac-jcz0paw-shard-00-00.b7jb1jb.mongodb.net:27017 to client view of cluster 
12:04:27.165 -------- [cluster-ClusterId{value='69ba47727f85c41716bdf5d5', description='Cluster0'}-srv-cluster0.b7jb1jb.mongodb.net] --- INFO  --- org.mongodb.driver.cluster -------- Adding discovered server ac-jcz0paw-shard-00-01.b7jb1jb.mongodb.net:27017 to client view of cluster 
12:04:27.167 -------- [cluster-ClusterId{value='69ba47727f85c41716bdf5d5', description='Cluster0'}-srv-cluster0.b7jb1jb.mongodb.net] --- INFO  --- org.mongodb.driver.cluster -------- Adding discovered server ac-jcz0paw-shard-00-02.b7jb1jb.mongodb.net:27017 to client view of cluster 
12:04:27.183 -------- [restartedMain] --- INFO  --- o.s.b.d.a.OptionalLiveReloadServer -------- LiveReload server is running on port 35729 
12:04:27.355 -------- [restartedMain] --- INFO  --- org.mongodb.driver.cluster -------- Waiting for server to become available for operation with ID 5. Remaining time: 29994 ms. Selector: WritableServerSelector, topology description: {type=REPLICA_SET, servers=[{address=ac-jcz0paw-shard-00-01.b7jb1jb.mongodb.net:27017, type=UNKNOWN, state=CONNECTING}, {address=ac-jcz0paw-shard-00-02.b7jb1jb.mongodb.net:27017, type=UNKNOWN, state=CONNECTING}, {address=ac-jcz0paw-shard-00-00.b7jb1jb.mongodb.net:27017, type=UNKNOWN, state=CONNECTING}]. 
12:04:27.687 -------- [cluster-ClusterId{value='69ba47727f85c41716bdf5d5', description='Cluster0'}-ac-jcz0paw-shard-00-01.b7jb1jb.mongodb.net:27017] --- INFO  --- org.mongodb.driver.cluster -------- Monitor thread successfully connected to server with description ServerDescription{address=ac-jcz0paw-shard-00-01.b7jb1jb.mongodb.net:27017, type=REPLICA_SET_SECONDARY, cryptd=false, state=CONNECTED, ok=true, minWireVersion=0, maxWireVersion=25, maxDocumentSize=16777216, logicalSessionTimeoutMinutes=30, roundTripTimeNanos=225805800, minRoundTripTimeNanos=0, setName='atlas-10vsg5-shard-0', canonicalAddress=ac-jcz0paw-shard-00-01.b7jb1jb.mongodb.net:27017, hosts=[ac-jcz0paw-shard-00-01.b7jb1jb.mongodb.net:27017, ac-jcz0paw-shard-00-02.b7jb1jb.mongodb.net:27017, ac-jcz0paw-shard-00-00.b7jb1jb.mongodb.net:27017], passives=[], arbiters=[], primary='ac-jcz0paw-shard-00-02.b7jb1jb.mongodb.net:27017', tagSet=TagSet{[Tag{name='availabilityZone', value='aps1-az3'}, Tag{name='diskState', value='READY'}, Tag{name='nodeType', value='ELECTABLE'}, Tag{name='provider', value='AWS'}, Tag{name='region', value='AP_SOUTH_1'}, Tag{name='workloadType', value='OPERATIONAL'}]}, electionId=null, setVersion=57, topologyVersion=TopologyVersion{processId=69b3142d06876aecd9b70acd, counter=3}, lastWriteDate=Wed Mar 18 12:04:27 IST 2026, lastUpdateTimeNanos=1603463825415900} 
12:04:27.687 -------- [cluster-ClusterId{value='69ba47727f85c41716bdf5d5', description='Cluster0'}-ac-jcz0paw-shard-00-00.b7jb1jb.mongodb.net:27017] --- INFO  --- org.mongodb.driver.cluster -------- Monitor thread successfully connected to server with description ServerDescription{address=ac-jcz0paw-shard-00-00.b7jb1jb.mongodb.net:27017, type=REPLICA_SET_SECONDARY, cryptd=false, state=CONNECTED, ok=true, minWireVersion=0, maxWireVersion=25, maxDocumentSize=16777216, logicalSessionTimeoutMinutes=30, roundTripTimeNanos=225806000, minRoundTripTimeNanos=0, setName='atlas-10vsg5-shard-0', canonicalAddress=ac-jcz0paw-shard-00-00.b7jb1jb.mongodb.net:27017, hosts=[ac-jcz0paw-shard-00-01.b7jb1jb.mongodb.net:27017, ac-jcz0paw-shard-00-02.b7jb1jb.mongodb.net:27017, ac-jcz0paw-shard-00-00.b7jb1jb.mongodb.net:27017], passives=[], arbiters=[], primary='ac-jcz0paw-shard-00-02.b7jb1jb.mongodb.net:27017', tagSet=TagSet{[Tag{name='availabilityZone', value='aps1-az1'}, Tag{name='diskState', value='READY'}, Tag{name='nodeType', value='ELECTABLE'}, Tag{name='provider', value='AWS'}, Tag{name='region', value='AP_SOUTH_1'}, Tag{name='workloadType', value='OPERATIONAL'}]}, electionId=null, setVersion=57, topologyVersion=TopologyVersion{processId=69b30fd5ea006f2a16d8bf3e, counter=4}, lastWriteDate=Wed Mar 18 12:04:27 IST 2026, lastUpdateTimeNanos=1603463825415900} 
12:04:27.687 -------- [cluster-ClusterId{value='69ba47727f85c41716bdf5d5', description='Cluster0'}-ac-jcz0paw-shard-00-02.b7jb1jb.mongodb.net:27017] --- INFO  --- org.mongodb.driver.cluster -------- Monitor thread successfully connected to server with description ServerDescription{address=ac-jcz0paw-shard-00-02.b7jb1jb.mongodb.net:27017, type=REPLICA_SET_PRIMARY, cryptd=false, state=CONNECTED, ok=true, minWireVersion=0, maxWireVersion=25, maxDocumentSize=16777216, logicalSessionTimeoutMinutes=30, roundTripTimeNanos=225741600, minRoundTripTimeNanos=0, setName='atlas-10vsg5-shard-0', canonicalAddress=ac-jcz0paw-shard-00-02.b7jb1jb.mongodb.net:27017, hosts=[ac-jcz0paw-shard-00-01.b7jb1jb.mongodb.net:27017, ac-jcz0paw-shard-00-02.b7jb1jb.mongodb.net:27017, ac-jcz0paw-shard-00-00.b7jb1jb.mongodb.net:27017], passives=[], arbiters=[], primary='ac-jcz0paw-shard-00-02.b7jb1jb.mongodb.net:27017', tagSet=TagSet{[Tag{name='availabilityZone', value='aps1-az2'}, Tag{name='diskState', value='READY'}, Tag{name='nodeType', value='ELECTABLE'}, Tag{name='provider', value='AWS'}, Tag{name='region', value='AP_SOUTH_1'}, Tag{name='workloadType', value='OPERATIONAL'}]}, electionId=7fffffff00000000000000dc, setVersion=57, topologyVersion=TopologyVersion{processId=69b311ad332d80e6a3807b8e, counter=6}, lastWriteDate=Wed Mar 18 12:04:27 IST 2026, lastUpdateTimeNanos=1603463825416100} 
12:04:27.692 -------- [cluster-ClusterId{value='69ba47727f85c41716bdf5d5', description='Cluster0'}-ac-jcz0paw-shard-00-02.b7jb1jb.mongodb.net:27017] --- INFO  --- org.mongodb.driver.cluster -------- Discovered replica set primary ac-jcz0paw-shard-00-02.b7jb1jb.mongodb.net:27017 with max election id 7fffffff00000000000000dc and max set version 57 
12:04:28.859 -------- [restartedMain] --- INFO  --- o.s.s.c.a.a.c.InitializeAuthenticationProviderBeanManagerConfigurer$InitializeAuthenticationProviderManagerConfigurer -------- Global AuthenticationManager configured with AuthenticationProvider bean with name authenticationProvider 
12:04:28.860 -------- [restartedMain] --- WARN  --- o.s.s.c.a.a.c.InitializeUserDetailsBeanManagerConfigurer$InitializeUserDetailsManagerConfigurer -------- Global AuthenticationManager configured with an AuthenticationProvider bean. UserDetailsService beans will not be used by Spring Security for automatically configuring username/password login. Consider removing the AuthenticationProvider bean. Alternatively, consider using the UserDetailsService in a manually instantiated DaoAuthenticationProvider. If the current configuration is intentional, to turn off this warning, increase the logging level of 'org.springframework.security.config.annotation.authentication.configuration.InitializeUserDetailsBeanManagerConfigurer' to ERROR 
12:04:29.013 -------- [restartedMain] --- DEBUG --- o.s.s.web.DefaultSecurityFilterChain -------- Will secure any request with filters: DisableEncodeUrlFilter, WebAsyncManagerIntegrationFilter, SecurityContextHolderFilter, HeaderWriterFilter, LogoutFilter, BasicAuthenticationFilter, RequestCacheAwareFilter, SecurityContextHolderAwareRequestFilter, AnonymousAuthenticationFilter, ExceptionTranslationFilter, AuthorizationFilter 
12:04:29.319 -------- [restartedMain] --- INFO  --- o.a.coyote.http11.Http11NioProtocol -------- Starting ProtocolHandler ["http-nio-8080"] 
12:04:29.340 -------- [restartedMain] --- INFO  --- o.s.b.w.e.tomcat.TomcatWebServer -------- Tomcat started on port 8080 (http) with context path '/' 
12:04:29.355 -------- [restartedMain] --- INFO  --- c.app.journal.JournalAppApplication -------- Started JournalAppApplication in 5.573 seconds (process running for 6.693) 
12:04:41.057 -------- [http-nio-8080-exec-2] --- INFO  --- o.a.c.c.C.[Tomcat].[localhost].[/] -------- Initializing Spring DispatcherServlet 'dispatcherServlet' 
12:04:41.058 -------- [http-nio-8080-exec-2] --- INFO  --- o.s.web.servlet.DispatcherServlet -------- Initializing Servlet 'dispatcherServlet' 
12:04:41.059 -------- [http-nio-8080-exec-2] --- INFO  --- o.s.web.servlet.DispatcherServlet -------- Completed initialization in 1 ms 
12:04:41.081 -------- [http-nio-8080-exec-2] --- DEBUG --- o.s.security.web.FilterChainProxy -------- Securing GET /user/get-weather 
12:04:41.301 -------- [http-nio-8080-exec-2] --- DEBUG --- o.s.s.a.d.DaoAuthenticationProvider -------- Authenticated user 
12:04:41.302 -------- [http-nio-8080-exec-2] --- DEBUG --- o.s.s.w.a.w.BasicAuthenticationFilter -------- Set SecurityContextHolder to UsernamePasswordAuthenticationToken [Principal=org.springframework.security.core.userdetails.User [Username=david, Password=[PROTECTED], Enabled=true, AccountNonExpired=true, CredentialsNonExpired=true, AccountNonLocked=true, Granted Authorities=[ROLE_ADMIN, ROLE_USER]], Credentials=[PROTECTED], Authenticated=true, Details=WebAuthenticationDetails [RemoteIpAddress=0:0:0:0:0:0:0:1, SessionId=null], Granted Authorities=[ROLE_ADMIN, ROLE_USER]] 
12:04:41.307 -------- [http-nio-8080-exec-2] --- DEBUG --- o.s.security.web.FilterChainProxy -------- Secured GET /user/get-weather 
12:04:42.068 -------- [http-nio-8080-exec-2] --- ERROR --- c.app.journal.service.RedisService -------- error  
java.lang.NullPointerException: Cannot invoke "Object.toString()" because "o" is null
	at com.app.journal.service.RedisService.get(RedisService.java:23)
	at com.app.journal.service.WeatherService.getWeather(WeatherService.java:32)
	at com.app.journal.controller.UserController.getweather(UserController.java:71)
	at java.base/jdk.internal.reflect.NativeMethodAccessorImpl.invoke0(Native Method)
	at java.base/jdk.internal.reflect.NativeMethodAccessorImpl.invoke(NativeMethodAccessorImpl.java:77)
	at java.base/jdk.internal.reflect.DelegatingMethodAccessorImpl.invoke(DelegatingMethodAccessorImpl.java:43)
	at java.base/java.lang.reflect.Method.invoke(Method.java:569)
	at org.springframework.web.method.support.InvocableHandlerMethod.doInvoke(InvocableHandlerMethod.java:258)
	at org.springframework.web.method.support.InvocableHandlerMethod.invokeForRequest(InvocableHandlerMethod.java:191)
	at org.springframework.web.servlet.mvc.method.annotation.ServletInvocableHandlerMethod.invokeAndHandle(ServletInvocableHandlerMethod.java:118)
	at org.springframework.web.servlet.mvc.method.annotation.RequestMappingHandlerAdapter.invokeHandlerMethod(RequestMappingHandlerAdapter.java:991)
	at org.springframework.web.servlet.mvc.method.annotation.RequestMappingHandlerAdapter.handleInternal(RequestMappingHandlerAdapter.java:896)
	at org.springframework.web.servlet.mvc.method.AbstractHandlerMethodAdapter.handle(AbstractHandlerMethodAdapter.java:87)
	at org.springframework.web.servlet.DispatcherServlet.doDispatch(DispatcherServlet.java:1089)
	at org.springframework.web.servlet.DispatcherServlet.doService(DispatcherServlet.java:979)
	at org.springframework.web.servlet.FrameworkServlet.processRequest(FrameworkServlet.java:1014)
	at org.springframework.web.servlet.FrameworkServlet.doGet(FrameworkServlet.java:903)
	at jakarta.servlet.http.HttpServlet.service(HttpServlet.java:564)
	at org.springframework.web.servlet.FrameworkServlet.service(FrameworkServlet.java:885)
	at jakarta.servlet.http.HttpServlet.service(HttpServlet.java:658)
	at org.apache.catalina.core.ApplicationFilterChain.internalDoFilter(ApplicationFilterChain.java:193)
	at org.apache.catalina.core.ApplicationFilterChain.doFilter(ApplicationFilterChain.java:138)
	at org.apache.tomcat.websocket.server.WsFilter.doFilter(WsFilter.java:51)
	at org.apache.catalina.core.ApplicationFilterChain.internalDoFilter(ApplicationFilterChain.java:162)
	at org.apache.catalina.core.ApplicationFilterChain.doFilter(ApplicationFilterChain.java:138)
	at org.springframework.web.filter.CompositeFilter$VirtualFilterChain.doFilter(CompositeFilter.java:108)
	at org.springframework.web.filter.CompositeFilter$VirtualFilterChain.doFilter(CompositeFilter.java:108)
	at org.springframework.security.web.FilterChainProxy.lambda$doFilterInternal$3(FilterChainProxy.java:231)
	at org.springframework.security.web.FilterChainProxy$VirtualFilterChain.doFilter(FilterChainProxy.java:365)
	at org.springframework.security.web.access.intercept.AuthorizationFilter.doFilter(AuthorizationFilter.java:101)
	at org.springframework.security.web.FilterChainProxy$VirtualFilterChain.doFilter(FilterChainProxy.java:374)
	at org.springframework.security.web.access.ExceptionTranslationFilter.doFilter(ExceptionTranslationFilter.java:125)
	at org.springframework.security.web.access.ExceptionTranslationFilter.doFilter(ExceptionTranslationFilter.java:119)
	at org.springframework.security.web.FilterChainProxy$VirtualFilterChain.doFilter(FilterChainProxy.java:374)
	at org.springframework.security.web.authentication.AnonymousAuthenticationFilter.doFilter(AnonymousAuthenticationFilter.java:100)
	at org.springframework.security.web.FilterChainProxy$VirtualFilterChain.doFilter(FilterChainProxy.java:374)
	at org.springframework.security.web.servletapi.SecurityContextHolderAwareRequestFilter.doFilter(SecurityContextHolderAwareRequestFilter.java:179)
	at org.springframework.security.web.FilterChainProxy$VirtualFilterChain.doFilter(FilterChainProxy.java:374)
	at org.springframework.security.web.savedrequest.RequestCacheAwareFilter.doFilter(RequestCacheAwareFilter.java:63)
	at org.springframework.security.web.FilterChainProxy$VirtualFilterChain.doFilter(FilterChainProxy.java:374)
	at org.springframework.security.web.authentication.www.BasicAuthenticationFilter.doFilterInternal(BasicAuthenticationFilter.java:213)
	at org.springframework.web.filter.OncePerRequestFilter.doFilter(OncePerRequestFilter.java:116)
	at org.springframework.security.web.FilterChainProxy$VirtualFilterChain.doFilter(FilterChainProxy.java:374)
	at org.springframework.security.web.authentication.logout.LogoutFilter.doFilter(LogoutFilter.java:107)
	at org.springframework.security.web.authentication.logout.LogoutFilter.doFilter(LogoutFilter.java:93)
	at org.springframework.security.web.FilterChainProxy$VirtualFilterChain.doFilter(FilterChainProxy.java:374)
	at org.springframework.security.web.header.HeaderWriterFilter.doHeadersAfter(HeaderWriterFilter.java:90)
	at org.springframework.security.web.header.HeaderWriterFilter.doFilterInternal(HeaderWriterFilter.java:75)
	at org.springframework.web.filter.OncePerRequestFilter.doFilter(OncePerRequestFilter.java:116)
	at org.springframework.security.web.FilterChainProxy$VirtualFilterChain.doFilter(FilterChainProxy.java:374)
	at org.springframework.security.web.context.SecurityContextHolderFilter.doFilter(SecurityContextHolderFilter.java:82)
	at org.springframework.security.web.context.SecurityContextHolderFilter.doFilter(SecurityContextHolderFilter.java:69)
	at org.springframework.security.web.FilterChainProxy$VirtualFilterChain.doFilter(FilterChainProxy.java:374)
	at org.springframework.security.web.context.request.async.WebAsyncManagerIntegrationFilter.doFilterInternal(WebAsyncManagerIntegrationFilter.java:62)
	at org.springframework.web.filter.OncePerRequestFilter.doFilter(OncePerRequestFilter.java:116)
	at org.springframework.security.web.FilterChainProxy$VirtualFilterChain.doFilter(FilterChainProxy.java:374)
	at org.springframework.security.web.session.DisableEncodeUrlFilter.doFilterInternal(DisableEncodeUrlFilter.java:42)
	at org.springframework.web.filter.OncePerRequestFilter.doFilter(OncePerRequestFilter.java:116)
	at org.springframework.security.web.FilterChainProxy$VirtualFilterChain.doFilter(FilterChainProxy.java:374)
	at org.springframework.security.web.FilterChainProxy.doFilterInternal(FilterChainProxy.java:233)
	at org.springframework.security.web.FilterChainProxy.doFilter(FilterChainProxy.java:191)
	at org.springframework.web.filter.CompositeFilter$VirtualFilterChain.doFilter(CompositeFilter.java:113)
	at org.springframework.web.filter.ServletRequestPathFilter.doFilter(ServletRequestPathFilter.java:52)
	at org.springframework.web.filter.CompositeFilter$VirtualFilterChain.doFilter(CompositeFilter.java:113)
	at org.springframework.web.filter.CompositeFilter.doFilter(CompositeFilter.java:74)
	at org.springframework.security.config.annotation.web.configuration.WebSecurityConfiguration$CompositeFilterChainProxy.doFilter(WebSecurityConfiguration.java:319)
	at org.springframework.web.filter.CompositeFilter$VirtualFilterChain.doFilter(CompositeFilter.java:113)
	at org.springframework.web.servlet.handler.HandlerMappingIntrospector.lambda$createCacheFilter$4(HandlerMappingIntrospector.java:267)
	at org.springframework.web.filter.CompositeFilter$VirtualFilterChain.doFilter(CompositeFilter.java:113)
	at org.springframework.web.filter.CompositeFilter.doFilter(CompositeFilter.java:74)
	at org.springframework.security.config.annotation.web.configuration.WebMvcSecurityConfiguration$CompositeFilterChainProxy.doFilter(WebMvcSecurityConfiguration.java:240)
	at org.springframework.web.filter.DelegatingFilterProxy.invokeDelegate(DelegatingFilterProxy.java:362)
	at org.springframework.web.filter.DelegatingFilterProxy.doFilter(DelegatingFilterProxy.java:278)
	at org.apache.catalina.core.ApplicationFilterChain.internalDoFilter(ApplicationFilterChain.java:162)
	at org.apache.catalina.core.ApplicationFilterChain.doFilter(ApplicationFilterChain.java:138)
	at org.springframework.web.filter.RequestContextFilter.doFilterInternal(RequestContextFilter.java:100)
	at org.springframework.web.filter.OncePerRequestFilter.doFilter(OncePerRequestFilter.java:116)
	at org.apache.catalina.core.ApplicationFilterChain.internalDoFilter(ApplicationFilterChain.java:162)
	at org.apache.catalina.core.ApplicationFilterChain.doFilter(ApplicationFilterChain.java:138)
	at org.springframework.web.filter.FormContentFilter.doFilterInternal(FormContentFilter.java:93)
	at org.springframework.web.filter.OncePerRequestFilter.doFilter(OncePerRequestFilter.java:116)
	at org.apache.catalina.core.ApplicationFilterChain.internalDoFilter(ApplicationFilterChain.java:162)
	at org.apache.catalina.core.ApplicationFilterChain.doFilter(ApplicationFilterChain.java:138)
	at org.springframework.web.filter.CharacterEncodingFilter.doFilterInternal(CharacterEncodingFilter.java:201)
	at org.springframework.web.filter.OncePerRequestFilter.doFilter(OncePerRequestFilter.java:116)
	at org.apache.catalina.core.ApplicationFilterChain.internalDoFilter(ApplicationFilterChain.java:162)
	at org.apache.catalina.core.ApplicationFilterChain.doFilter(ApplicationFilterChain.java:138)
	at org.apache.catalina.core.StandardWrapperValve.invoke(StandardWrapperValve.java:165)
	at org.apache.catalina.core.StandardContextValve.invoke(StandardContextValve.java:88)
	at org.apache.catalina.authenticator.AuthenticatorBase.invoke(AuthenticatorBase.java:492)
	at org.apache.catalina.core.StandardHostValve.invoke(StandardHostValve.java:113)
	at org.apache.catalina.valves.ErrorReportValve.invoke(ErrorReportValve.java:83)
	at org.apache.catalina.core.StandardEngineValve.invoke(StandardEngineValve.java:72)
	at org.apache.catalina.connector.CoyoteAdapter.service(CoyoteAdapter.java:342)
	at org.apache.coyote.http11.Http11Processor.service(Http11Processor.java:399)
	at org.apache.coyote.AbstractProcessorLight.process(AbstractProcessorLight.java:63)
	at org.apache.coyote.AbstractProtocol$ConnectionHandler.process(AbstractProtocol.java:903)
	at org.apache.tomcat.util.net.NioEndpoint$SocketProcessor.doRun(NioEndpoint.java:1775)
	at org.apache.tomcat.util.net.SocketProcessorBase.run(SocketProcessorBase.java:52)
	at org.apache.tomcat.util.threads.ThreadPoolExecutor.runWorker(ThreadPoolExecutor.java:973)
	at org.apache.tomcat.util.threads.ThreadPoolExecutor$Worker.run(ThreadPoolExecutor.java:491)
	at org.apache.tomcat.util.threads.TaskThread$WrappingRunnable.run(TaskThread.java:63)
	at java.base/java.lang.Thread.run(Thread.java:840)
12:09:58.017 -------- [SpringApplicationShutdownHook] --- INFO  --- o.s.b.w.e.tomcat.GracefulShutdown -------- Commencing graceful shutdown. Waiting for active requests to complete 
12:09:58.225 -------- [tomcat-shutdown] --- INFO  --- o.s.b.w.e.tomcat.GracefulShutdown -------- Graceful shutdown complete 
12:10:03.901 -------- [restartedMain] --- INFO  --- c.app.journal.JournalAppApplication -------- Starting JournalAppApplication using Java 17.0.18 with PID 46828 (C:\Users\hp\Desktop\Study\Java-programs\JournalApplication\journal\target\classes started by hp in C:\Users\hp\Desktop\Study\Java-programs\JournalApplication) 
12:10:03.903 -------- [restartedMain] --- DEBUG --- c.app.journal.JournalAppApplication -------- Running with Spring Boot v3.5.11, Spring v6.2.16 
12:10:03.904 -------- [restartedMain] --- INFO  --- c.app.journal.JournalAppApplication -------- No active profile set, falling back to 1 default profile: "default" 
12:10:03.971 -------- [restartedMain] --- INFO  --- o.s.b.d.e.DevToolsPropertyDefaultsPostProcessor -------- Devtools property defaults active! Set 'spring.devtools.add-properties' to 'false' to disable 
12:10:03.972 -------- [restartedMain] --- INFO  --- o.s.b.d.e.DevToolsPropertyDefaultsPostProcessor -------- For additional web related logging consider setting the 'logging.level.web' property to 'DEBUG' 
12:10:04.825 -------- [restartedMain] --- INFO  --- o.s.d.r.c.RepositoryConfigurationDelegate -------- Multiple Spring Data modules found, entering strict repository configuration mode 
12:10:04.826 -------- [restartedMain] --- INFO  --- o.s.d.r.c.RepositoryConfigurationDelegate -------- Bootstrapping Spring Data MongoDB repositories in DEFAULT mode. 
12:10:04.959 -------- [restartedMain] --- INFO  --- o.s.d.r.c.RepositoryConfigurationDelegate -------- Finished Spring Data repository scanning in 125 ms. Found 3 MongoDB repository interfaces. 
12:10:04.982 -------- [restartedMain] --- INFO  --- o.s.d.r.c.RepositoryConfigurationDelegate -------- Multiple Spring Data modules found, entering strict repository configuration mode 
12:10:04.983 -------- [restartedMain] --- INFO  --- o.s.d.r.c.RepositoryConfigurationDelegate -------- Bootstrapping Spring Data Redis repositories in DEFAULT mode. 
12:10:05.004 -------- [restartedMain] --- INFO  --- o.s.d.r.c.RepositoryConfigurationExtensionSupport -------- Spring Data Redis - Could not safely identify store assignment for repository candidate interface com.app.journal.repository.ConfigJournalAppRepository; If you want this repository to be a Redis repository, consider annotating your entities with one of these annotations: org.springframework.data.redis.core.RedisHash (preferred), or consider extending one of the following types with your repository: org.springframework.data.keyvalue.repository.KeyValueRepository 
12:10:05.004 -------- [restartedMain] --- INFO  --- o.s.d.r.c.RepositoryConfigurationExtensionSupport -------- Spring Data Redis - Could not safely identify store assignment for repository candidate interface com.app.journal.repository.JournalEntryRepository; If you want this repository to be a Redis repository, consider annotating your entities with one of these annotations: org.springframework.data.redis.core.RedisHash (preferred), or consider extending one of the following types with your repository: org.springframework.data.keyvalue.repository.KeyValueRepository 
12:10:05.004 -------- [restartedMain] --- INFO  --- o.s.d.r.c.RepositoryConfigurationExtensionSupport -------- Spring Data Redis - Could not safely identify store assignment for repository candidate interface com.app.journal.repository.UserRepository; If you want this repository to be a Redis repository, consider annotating your entities with one of these annotations: org.springframework.data.redis.core.RedisHash (preferred), or consider extending one of the following types with your repository: org.springframework.data.keyvalue.repository.KeyValueRepository 
12:10:05.004 -------- [restartedMain] --- INFO  --- o.s.d.r.c.RepositoryConfigurationDelegate -------- Finished Spring Data repository scanning in 10 ms. Found 0 Redis repository interfaces. 
12:10:05.820 -------- [restartedMain] --- INFO  --- o.s.b.w.e.tomcat.TomcatWebServer -------- Tomcat initialized with port 8080 (http) 
12:10:05.842 -------- [restartedMain] --- INFO  --- o.a.coyote.http11.Http11NioProtocol -------- Initializing ProtocolHandler ["http-nio-8080"] 
12:10:05.845 -------- [restartedMain] --- INFO  --- o.a.catalina.core.StandardService -------- Starting service [Tomcat] 
12:10:05.846 -------- [restartedMain] --- INFO  --- o.a.catalina.core.StandardEngine -------- Starting Servlet engine: [Apache Tomcat/10.1.52] 
12:10:05.928 -------- [restartedMain] --- INFO  --- o.a.c.c.C.[Tomcat].[localhost].[/] -------- Initializing Spring embedded WebApplicationContext 
12:10:05.930 -------- [restartedMain] --- INFO  --- o.s.b.w.s.c.ServletWebServerApplicationContext -------- Root WebApplicationContext: initialization completed in 1955 ms 
12:10:06.430 -------- [restartedMain] --- INFO  --- org.mongodb.driver.client -------- MongoClient with metadata {"application": {"name": "Cluster0"}, "driver": {"name": "mongo-java-driver|sync|spring-boot", "version": "5.5.2"}, "os": {"type": "Windows", "name": "Windows 11", "architecture": "amd64", "version": "10.0"}, "platform": "Java/Microsoft/17.0.18+8-LTS"} created with settings MongoClientSettings{readPreference=primary, writeConcern=WriteConcern{w=null, wTimeout=null ms, journal=null}, retryWrites=true, retryReads=true, readConcern=ReadConcern{level=null}, credential=MongoCredential{mechanism=null, userName='mailmerajansari_db_user', source='admin', password=<hidden>, mechanismProperties=<hidden>}, transportSettings=null, commandListeners=[], codecRegistry=ProvidersCodecRegistry{codecProviders=[ValueCodecProvider{}, BsonValueCodecProvider{}, DBRefCodecProvider{}, DBObjectCodecProvider{}, DocumentCodecProvider{}, CollectionCodecProvider{}, IterableCodecProvider{}, MapCodecProvider{}, GeoJsonCodecProvider{}, GridFSFileCodecProvider{}, Jsr310CodecProvider{}, JsonObjectCodecProvider{}, BsonCodecProvider{}, EnumCodecProvider{}, com.mongodb.client.model.mql.ExpressionCodecProvider@73a27fc9, com.mongodb.Jep395RecordCodecProvider@6df54c2f, com.mongodb.KotlinCodecProvider@6d7b05ce]}, loggerSettings=LoggerSettings{maxDocumentLength=1000}, clusterSettings={hosts=[127.0.0.1:27017], srvHost=cluster0.b7jb1jb.mongodb.net, srvServiceName=mongodb, mode=MULTIPLE, requiredClusterType=REPLICA_SET, requiredReplicaSetName='atlas-10vsg5-shard-0', serverSelector='null', clusterListeners='[]', serverSelectionTimeout='30000 ms', localThreshold='15 ms'}, socketSettings=SocketSettings{connectTimeoutMS=10000, readTimeoutMS=0, receiveBufferSize=0, proxySettings=ProxySettings{host=null, port=null, username=null, password=null}}, heartbeatSocketSettings=SocketSettings{connectTimeoutMS=10000, readTimeoutMS=10000, receiveBufferSize=0, proxySettings=ProxySettings{host=null, port=null, username=null, password=null}}, connectionPoolSettings=ConnectionPoolSettings{maxSize=100, minSize=0, maxWaitTimeMS=120000, maxConnectionLifeTimeMS=0, maxConnectionIdleTimeMS=0, maintenanceInitialDelayMS=0, maintenanceFrequencyMS=60000, connectionPoolListeners=[], maxConnecting=2}, serverSettings=ServerSettings{heartbeatFrequencyMS=10000, minHeartbeatFrequencyMS=500, serverMonitoringMode=AUTO, serverListeners='[]', serverMonitorListeners='[]'}, sslSettings=SslSettings{enabled=true, invalidHostNameAllowed=false, context=null}, applicationName='Cluster0', compressorList=[], uuidRepresentation=JAVA_LEGACY, serverApi=null, autoEncryptionSettings=null, dnsClient=null, inetAddressResolver=null, contextProvider=null, timeoutMS=null} 
12:10:06.673 -------- [restartedMain] --- INFO  --- o.s.b.d.a.OptionalLiveReloadServer -------- LiveReload server is running on port 35729 
12:10:06.860 -------- [restartedMain] --- INFO  --- org.mongodb.driver.cluster -------- Waiting for server to become available for operation with ID 2. Remaining time: 29984 ms. Selector: WritableServerSelector, topology description: {type=UNKNOWN, servers=[]. 
12:10:09.425 -------- [cluster-ClusterId{value='69ba48c6c52b85540260aafd', description='Cluster0'}-srv-cluster0.b7jb1jb.mongodb.net] --- INFO  --- org.mongodb.driver.cluster -------- Adding discovered server ac-jcz0paw-shard-00-00.b7jb1jb.mongodb.net:27017 to client view of cluster 
12:10:09.454 -------- [cluster-ClusterId{value='69ba48c6c52b85540260aafd', description='Cluster0'}-srv-cluster0.b7jb1jb.mongodb.net] --- INFO  --- org.mongodb.driver.cluster -------- Adding discovered server ac-jcz0paw-shard-00-01.b7jb1jb.mongodb.net:27017 to client view of cluster 
12:10:09.460 -------- [cluster-ClusterId{value='69ba48c6c52b85540260aafd', description='Cluster0'}-srv-cluster0.b7jb1jb.mongodb.net] --- INFO  --- org.mongodb.driver.cluster -------- Adding discovered server ac-jcz0paw-shard-00-02.b7jb1jb.mongodb.net:27017 to client view of cluster 
12:10:10.053 -------- [cluster-ClusterId{value='69ba48c6c52b85540260aafd', description='Cluster0'}-ac-jcz0paw-shard-00-01.b7jb1jb.mongodb.net:27017] --- INFO  --- org.mongodb.driver.cluster -------- Monitor thread successfully connected to server with description ServerDescription{address=ac-jcz0paw-shard-00-01.b7jb1jb.mongodb.net:27017, type=REPLICA_SET_SECONDARY, cryptd=false, state=CONNECTED, ok=true, minWireVersion=0, maxWireVersion=25, maxDocumentSize=16777216, logicalSessionTimeoutMinutes=30, roundTripTimeNanos=269605200, minRoundTripTimeNanos=0, setName='atlas-10vsg5-shard-0', canonicalAddress=ac-jcz0paw-shard-00-01.b7jb1jb.mongodb.net:27017, hosts=[ac-jcz0paw-shard-00-01.b7jb1jb.mongodb.net:27017, ac-jcz0paw-shard-00-02.b7jb1jb.mongodb.net:27017, ac-jcz0paw-shard-00-00.b7jb1jb.mongodb.net:27017], passives=[], arbiters=[], primary='ac-jcz0paw-shard-00-02.b7jb1jb.mongodb.net:27017', tagSet=TagSet{[Tag{name='availabilityZone', value='aps1-az3'}, Tag{name='diskState', value='READY'}, Tag{name='nodeType', value='ELECTABLE'}, Tag{name='provider', value='AWS'}, Tag{name='region', value='AP_SOUTH_1'}, Tag{name='workloadType', value='OPERATIONAL'}]}, electionId=null, setVersion=57, topologyVersion=TopologyVersion{processId=69b3142d06876aecd9b70acd, counter=3}, lastWriteDate=Wed Mar 18 12:10:10 IST 2026, lastUpdateTimeNanos=1603806191316900} 
12:10:10.053 -------- [cluster-ClusterId{value='69ba48c6c52b85540260aafd', description='Cluster0'}-ac-jcz0paw-shard-00-00.b7jb1jb.mongodb.net:27017] --- INFO  --- org.mongodb.driver.cluster -------- Monitor thread successfully connected to server with description ServerDescription{address=ac-jcz0paw-shard-00-00.b7jb1jb.mongodb.net:27017, type=REPLICA_SET_SECONDARY, cryptd=false, state=CONNECTED, ok=true, minWireVersion=0, maxWireVersion=25, maxDocumentSize=16777216, logicalSessionTimeoutMinutes=30, roundTripTimeNanos=269538100, minRoundTripTimeNanos=0, setName='atlas-10vsg5-shard-0', canonicalAddress=ac-jcz0paw-shard-00-00.b7jb1jb.mongodb.net:27017, hosts=[ac-jcz0paw-shard-00-01.b7jb1jb.mongodb.net:27017, ac-jcz0paw-shard-00-02.b7jb1jb.mongodb.net:27017, ac-jcz0paw-shard-00-00.b7jb1jb.mongodb.net:27017], passives=[], arbiters=[], primary='ac-jcz0paw-shard-00-02.b7jb1jb.mongodb.net:27017', tagSet=TagSet{[Tag{name='availabilityZone', value='aps1-az1'}, Tag{name='diskState', value='READY'}, Tag{name='nodeType', value='ELECTABLE'}, Tag{name='provider', value='AWS'}, Tag{name='region', value='AP_SOUTH_1'}, Tag{name='workloadType', value='OPERATIONAL'}]}, electionId=null, setVersion=57, topologyVersion=TopologyVersion{processId=69b30fd5ea006f2a16d8bf3e, counter=4}, lastWriteDate=Wed Mar 18 12:10:10 IST 2026, lastUpdateTimeNanos=1603806191316800} 
12:10:10.890 -------- [cluster-ClusterId{value='69ba48c6c52b85540260aafd', description='Cluster0'}-ac-jcz0paw-shard-00-02.b7jb1jb.mongodb.net:27017] --- INFO  --- org.mongodb.driver.cluster -------- Monitor thread successfully connected to server with description ServerDescription{address=ac-jcz0paw-shard-00-02.b7jb1jb.mongodb.net:27017, type=REPLICA_SET_PRIMARY, cryptd=false, state=CONNECTED, ok=true, minWireVersion=0, maxWireVersion=25, maxDocumentSize=16777216, logicalSessionTimeoutMinutes=30, roundTripTimeNanos=90763400, minRoundTripTimeNanos=0, setName='atlas-10vsg5-shard-0', canonicalAddress=ac-jcz0paw-shard-00-02.b7jb1jb.mongodb.net:27017, hosts=[ac-jcz0paw-shard-00-01.b7jb1jb.mongodb.net:27017, ac-jcz0paw-shard-00-02.b7jb1jb.mongodb.net:27017, ac-jcz0paw-shard-00-00.b7jb1jb.mongodb.net:27017], passives=[], arbiters=[], primary='ac-jcz0paw-shard-00-02.b7jb1jb.mongodb.net:27017', tagSet=TagSet{[Tag{name='availabilityZone', value='aps1-az2'}, Tag{name='diskState', value='READY'}, Tag{name='nodeType', value='ELECTABLE'}, Tag{name='provider', value='AWS'}, Tag{name='region', value='AP_SOUTH_1'}, Tag{name='workloadType', value='OPERATIONAL'}]}, electionId=7fffffff00000000000000dc, setVersion=57, topologyVersion=TopologyVersion{processId=69b311ad332d80e6a3807b8e, counter=6}, lastWriteDate=Wed Mar 18 12:10:11 IST 2026, lastUpdateTimeNanos=1603807032278000} 
12:10:10.891 -------- [cluster-ClusterId{value='69ba48c6c52b85540260aafd', description='Cluster0'}-ac-jcz0paw-shard-00-02.b7jb1jb.mongodb.net:27017] --- INFO  --- org.mongodb.driver.cluster -------- Discovered replica set primary ac-jcz0paw-shard-00-02.b7jb1jb.mongodb.net:27017 with max election id 7fffffff00000000000000dc and max set version 57 
12:10:12.078 -------- [restartedMain] --- WARN  --- o.s.b.w.s.c.AnnotationConfigServletWebServerApplicationContext -------- Exception encountered during context initialization - cancelling refresh attempt: org.springframework.beans.factory.BeanCreationException: Error creating bean with name 'userScheduler' defined in file [C:\Users\hp\Desktop\Study\Java-programs\JournalApplication\journal\target\classes\com\app\journal\scheduler\UserScheduler.class]: Encountered invalid @Scheduled method 'fetchUsersAndSendMail': Cron expression must consist of 6 fields (found 5 in "0 9 * * 0") 
12:10:12.133 -------- [restartedMain] --- INFO  --- o.a.catalina.core.StandardService -------- Stopping service [Tomcat] 
12:10:12.151 -------- [restartedMain] --- INFO  --- o.s.b.a.l.ConditionEvaluationReportLogger -------- 

Error starting ApplicationContext. To display the condition evaluation report re-run your application with 'debug' enabled. 
12:10:12.185 -------- [restartedMain] --- ERROR --- o.s.boot.SpringApplication -------- Application run failed 
org.springframework.beans.factory.BeanCreationException: Error creating bean with name 'userScheduler' defined in file [C:\Users\hp\Desktop\Study\Java-programs\JournalApplication\journal\target\classes\com\app\journal\scheduler\UserScheduler.class]: Encountered invalid @Scheduled method 'fetchUsersAndSendMail': Cron expression must consist of 6 fields (found 5 in "0 9 * * 0")
	at org.springframework.beans.factory.support.AbstractAutowireCapableBeanFactory.doCreateBean(AbstractAutowireCapableBeanFactory.java:614)
	at org.springframework.beans.factory.support.AbstractAutowireCapableBeanFactory.createBean(AbstractAutowireCapableBeanFactory.java:529)
	at org.springframework.beans.factory.support.AbstractBeanFactory.lambda$doGetBean$0(AbstractBeanFactory.java:339)
	at org.springframework.beans.factory.support.DefaultSingletonBeanRegistry.getSingleton(DefaultSingletonBeanRegistry.java:373)
	at org.springframework.beans.factory.support.AbstractBeanFactory.doGetBean(AbstractBeanFactory.java:337)
	at org.springframework.beans.factory.support.AbstractBeanFactory.getBean(AbstractBeanFactory.java:202)
	at org.springframework.beans.factory.support.DefaultListableBeanFactory.instantiateSingleton(DefaultListableBeanFactory.java:1228)
	at org.springframework.beans.factory.support.DefaultListableBeanFactory.preInstantiateSingleton(DefaultListableBeanFactory.java:1194)
	at org.springframework.beans.factory.support.DefaultListableBeanFactory.preInstantiateSingletons(DefaultListableBeanFactory.java:1130)
	at org.springframework.context.support.AbstractApplicationContext.finishBeanFactoryInitialization(AbstractApplicationContext.java:991)
	at org.springframework.context.support.AbstractApplicationContext.refresh(AbstractApplicationContext.java:628)
	at org.springframework.boot.web.servlet.context.ServletWebServerApplicationContext.refresh(ServletWebServerApplicationContext.java:146)
	at org.springframework.boot.SpringApplication.refresh(SpringApplication.java:752)
	at org.springframework.boot.SpringApplication.refreshContext(SpringApplication.java:439)
	at org.springframework.boot.SpringApplication.run(SpringApplication.java:318)
	at org.springframework.boot.SpringApplication.run(SpringApplication.java:1361)
	at org.springframework.boot.SpringApplication.run(SpringApplication.java:1350)
	at com.app.journal.JournalAppApplication.main(JournalAppApplication.java:19)
	at java.base/jdk.internal.reflect.NativeMethodAccessorImpl.invoke0(Native Method)
	at java.base/jdk.internal.reflect.NativeMethodAccessorImpl.invoke(NativeMethodAccessorImpl.java:77)
	at java.base/jdk.internal.reflect.DelegatingMethodAccessorImpl.invoke(DelegatingMethodAccessorImpl.java:43)
	at java.base/java.lang.reflect.Method.invoke(Method.java:569)
	at org.springframework.boot.devtools.restart.RestartLauncher.run(RestartLauncher.java:50)
Caused by: java.lang.IllegalStateException: Encountered invalid @Scheduled method 'fetchUsersAndSendMail': Cron expression must consist of 6 fields (found 5 in "0 9 * * 0")
	at org.springframework.scheduling.annotation.ScheduledAnnotationBeanPostProcessor.processScheduledTask(ScheduledAnnotationBeanPostProcessor.java:525)
	at org.springframework.scheduling.annotation.ScheduledAnnotationBeanPostProcessor.processScheduledSync(ScheduledAnnotationBeanPostProcessor.java:364)
	at org.springframework.scheduling.annotation.ScheduledAnnotationBeanPostProcessor.processScheduled(ScheduledAnnotationBeanPostProcessor.java:343)
	at org.springframework.scheduling.annotation.ScheduledAnnotationBeanPostProcessor.lambda$postProcessAfterInitialization$1(ScheduledAnnotationBeanPostProcessor.java:308)
	at java.base/java.lang.Iterable.forEach(Iterable.java:75)
	at org.springframework.scheduling.annotation.ScheduledAnnotationBeanPostProcessor.lambda$postProcessAfterInitialization$2(ScheduledAnnotationBeanPostProcessor.java:308)
	at java.base/java.util.LinkedHashMap.forEach(LinkedHashMap.java:721)
	at org.springframework.scheduling.annotation.ScheduledAnnotationBeanPostProcessor.postProcessAfterInitialization(ScheduledAnnotationBeanPostProcessor.java:307)
	at org.springframework.beans.factory.support.AbstractAutowireCapableBeanFactory.applyBeanPostProcessorsAfterInitialization(AbstractAutowireCapableBeanFactory.java:445)
	at org.springframework.beans.factory.support.AbstractAutowireCapableBeanFactory.initializeBean(AbstractAutowireCapableBeanFactory.java:1829)
	at org.springframework.beans.factory.support.AbstractAutowireCapableBeanFactory.doCreateBean(AbstractAutowireCapableBeanFactory.java:607)
	... 22 common frames omitted
12:11:28.841 -------- [restartedMain] --- INFO  --- c.app.journal.JournalAppApplication -------- Starting JournalAppApplication using Java 17.0.18 with PID 12420 (C:\Users\hp\Desktop\Study\Java-programs\JournalApplication\journal\target\classes started by hp in C:\Users\hp\Desktop\Study\Java-programs\JournalApplication) 
12:11:28.845 -------- [restartedMain] --- DEBUG --- c.app.journal.JournalAppApplication -------- Running with Spring Boot v3.5.11, Spring v6.2.16 
12:11:28.846 -------- [restartedMain] --- INFO  --- c.app.journal.JournalAppApplication -------- No active profile set, falling back to 1 default profile: "default" 
12:11:28.919 -------- [restartedMain] --- INFO  --- o.s.b.d.e.DevToolsPropertyDefaultsPostProcessor -------- Devtools property defaults active! Set 'spring.devtools.add-properties' to 'false' to disable 
12:11:28.919 -------- [restartedMain] --- INFO  --- o.s.b.d.e.DevToolsPropertyDefaultsPostProcessor -------- For additional web related logging consider setting the 'logging.level.web' property to 'DEBUG' 
12:11:29.716 -------- [restartedMain] --- INFO  --- o.s.d.r.c.RepositoryConfigurationDelegate -------- Multiple Spring Data modules found, entering strict repository configuration mode 
12:11:29.717 -------- [restartedMain] --- INFO  --- o.s.d.r.c.RepositoryConfigurationDelegate -------- Bootstrapping Spring Data MongoDB repositories in DEFAULT mode. 
12:11:29.826 -------- [restartedMain] --- INFO  --- o.s.d.r.c.RepositoryConfigurationDelegate -------- Finished Spring Data repository scanning in 103 ms. Found 3 MongoDB repository interfaces. 
12:11:29.841 -------- [restartedMain] --- INFO  --- o.s.d.r.c.RepositoryConfigurationDelegate -------- Multiple Spring Data modules found, entering strict repository configuration mode 
12:11:29.842 -------- [restartedMain] --- INFO  --- o.s.d.r.c.RepositoryConfigurationDelegate -------- Bootstrapping Spring Data Redis repositories in DEFAULT mode. 
12:11:29.856 -------- [restartedMain] --- INFO  --- o.s.d.r.c.RepositoryConfigurationExtensionSupport -------- Spring Data Redis - Could not safely identify store assignment for repository candidate interface com.app.journal.repository.ConfigJournalAppRepository; If you want this repository to be a Redis repository, consider annotating your entities with one of these annotations: org.springframework.data.redis.core.RedisHash (preferred), or consider extending one of the following types with your repository: org.springframework.data.keyvalue.repository.KeyValueRepository 
12:11:29.857 -------- [restartedMain] --- INFO  --- o.s.d.r.c.RepositoryConfigurationExtensionSupport -------- Spring Data Redis - Could not safely identify store assignment for repository candidate interface com.app.journal.repository.JournalEntryRepository; If you want this repository to be a Redis repository, consider annotating your entities with one of these annotations: org.springframework.data.redis.core.RedisHash (preferred), or consider extending one of the following types with your repository: org.springframework.data.keyvalue.repository.KeyValueRepository 
12:11:29.857 -------- [restartedMain] --- INFO  --- o.s.d.r.c.RepositoryConfigurationExtensionSupport -------- Spring Data Redis - Could not safely identify store assignment for repository candidate interface com.app.journal.repository.UserRepository; If you want this repository to be a Redis repository, consider annotating your entities with one of these annotations: org.springframework.data.redis.core.RedisHash (preferred), or consider extending one of the following types with your repository: org.springframework.data.keyvalue.repository.KeyValueRepository 
12:11:29.857 -------- [restartedMain] --- INFO  --- o.s.d.r.c.RepositoryConfigurationDelegate -------- Finished Spring Data repository scanning in 7 ms. Found 0 Redis repository interfaces. 
12:11:30.454 -------- [restartedMain] --- INFO  --- o.s.b.w.e.tomcat.TomcatWebServer -------- Tomcat initialized with port 8080 (http) 
12:11:30.464 -------- [restartedMain] --- INFO  --- o.a.coyote.http11.Http11NioProtocol -------- Initializing ProtocolHandler ["http-nio-8080"] 
12:11:30.467 -------- [restartedMain] --- INFO  --- o.a.catalina.core.StandardService -------- Starting service [Tomcat] 
12:11:30.467 -------- [restartedMain] --- INFO  --- o.a.catalina.core.StandardEngine -------- Starting Servlet engine: [Apache Tomcat/10.1.52] 
12:11:30.514 -------- [restartedMain] --- INFO  --- o.a.c.c.C.[Tomcat].[localhost].[/] -------- Initializing Spring embedded WebApplicationContext 
12:11:30.515 -------- [restartedMain] --- INFO  --- o.s.b.w.s.c.ServletWebServerApplicationContext -------- Root WebApplicationContext: initialization completed in 1595 ms 
12:11:33.823 -------- [restartedMain] --- INFO  --- org.mongodb.driver.client -------- MongoClient with metadata {"application": {"name": "Cluster0"}, "driver": {"name": "mongo-java-driver|sync|spring-boot", "version": "5.5.2"}, "os": {"type": "Windows", "name": "Windows 11", "architecture": "amd64", "version": "10.0"}, "platform": "Java/Microsoft/17.0.18+8-LTS"} created with settings MongoClientSettings{readPreference=primary, writeConcern=WriteConcern{w=null, wTimeout=null ms, journal=null}, retryWrites=true, retryReads=true, readConcern=ReadConcern{level=null}, credential=MongoCredential{mechanism=null, userName='mailmerajansari_db_user', source='admin', password=<hidden>, mechanismProperties=<hidden>}, transportSettings=null, commandListeners=[], codecRegistry=ProvidersCodecRegistry{codecProviders=[ValueCodecProvider{}, BsonValueCodecProvider{}, DBRefCodecProvider{}, DBObjectCodecProvider{}, DocumentCodecProvider{}, CollectionCodecProvider{}, IterableCodecProvider{}, MapCodecProvider{}, GeoJsonCodecProvider{}, GridFSFileCodecProvider{}, Jsr310CodecProvider{}, JsonObjectCodecProvider{}, BsonCodecProvider{}, EnumCodecProvider{}, com.mongodb.client.model.mql.ExpressionCodecProvider@4e139202, com.mongodb.Jep395RecordCodecProvider@10690519, com.mongodb.KotlinCodecProvider@3db83479]}, loggerSettings=LoggerSettings{maxDocumentLength=1000}, clusterSettings={hosts=[127.0.0.1:27017], srvHost=cluster0.b7jb1jb.mongodb.net, srvServiceName=mongodb, mode=MULTIPLE, requiredClusterType=REPLICA_SET, requiredReplicaSetName='atlas-10vsg5-shard-0', serverSelector='null', clusterListeners='[]', serverSelectionTimeout='30000 ms', localThreshold='15 ms'}, socketSettings=SocketSettings{connectTimeoutMS=10000, readTimeoutMS=0, receiveBufferSize=0, proxySettings=ProxySettings{host=null, port=null, username=null, password=null}}, heartbeatSocketSettings=SocketSettings{connectTimeoutMS=10000, readTimeoutMS=10000, receiveBufferSize=0, proxySettings=ProxySettings{host=null, port=null, username=null, password=null}}, connectionPoolSettings=ConnectionPoolSettings{maxSize=100, minSize=0, maxWaitTimeMS=120000, maxConnectionLifeTimeMS=0, maxConnectionIdleTimeMS=0, maintenanceInitialDelayMS=0, maintenanceFrequencyMS=60000, connectionPoolListeners=[], maxConnecting=2}, serverSettings=ServerSettings{heartbeatFrequencyMS=10000, minHeartbeatFrequencyMS=500, serverMonitoringMode=AUTO, serverListeners='[]', serverMonitorListeners='[]'}, sslSettings=SslSettings{enabled=true, invalidHostNameAllowed=false, context=null}, applicationName='Cluster0', compressorList=[], uuidRepresentation=JAVA_LEGACY, serverApi=null, autoEncryptionSettings=null, dnsClient=null, inetAddressResolver=null, contextProvider=null, timeoutMS=null} 
12:11:33.876 -------- [cluster-ClusterId{value='69ba491de642bf08a4e70af2', description='Cluster0'}-srv-cluster0.b7jb1jb.mongodb.net] --- INFO  --- org.mongodb.driver.cluster -------- Adding discovered server ac-jcz0paw-shard-00-00.b7jb1jb.mongodb.net:27017 to client view of cluster 
12:11:33.907 -------- [cluster-ClusterId{value='69ba491de642bf08a4e70af2', description='Cluster0'}-srv-cluster0.b7jb1jb.mongodb.net] --- INFO  --- org.mongodb.driver.cluster -------- Adding discovered server ac-jcz0paw-shard-00-01.b7jb1jb.mongodb.net:27017 to client view of cluster 
12:11:33.909 -------- [cluster-ClusterId{value='69ba491de642bf08a4e70af2', description='Cluster0'}-srv-cluster0.b7jb1jb.mongodb.net] --- INFO  --- org.mongodb.driver.cluster -------- Adding discovered server ac-jcz0paw-shard-00-02.b7jb1jb.mongodb.net:27017 to client view of cluster 
12:11:34.060 -------- [restartedMain] --- INFO  --- o.s.b.d.a.OptionalLiveReloadServer -------- LiveReload server is running on port 35729 
12:11:34.201 -------- [restartedMain] --- INFO  --- org.mongodb.driver.cluster -------- Waiting for server to become available for operation with ID 5. Remaining time: 29993 ms. Selector: WritableServerSelector, topology description: {type=REPLICA_SET, servers=[{address=ac-jcz0paw-shard-00-01.b7jb1jb.mongodb.net:27017, type=UNKNOWN, state=CONNECTING}, {address=ac-jcz0paw-shard-00-02.b7jb1jb.mongodb.net:27017, type=UNKNOWN, state=CONNECTING}, {address=ac-jcz0paw-shard-00-00.b7jb1jb.mongodb.net:27017, type=UNKNOWN, state=CONNECTING}]. 
12:11:34.378 -------- [cluster-ClusterId{value='69ba491de642bf08a4e70af2', description='Cluster0'}-ac-jcz0paw-shard-00-02.b7jb1jb.mongodb.net:27017] --- INFO  --- org.mongodb.driver.cluster -------- Monitor thread successfully connected to server with description ServerDescription{address=ac-jcz0paw-shard-00-02.b7jb1jb.mongodb.net:27017, type=REPLICA_SET_PRIMARY, cryptd=false, state=CONNECTED, ok=true, minWireVersion=0, maxWireVersion=25, maxDocumentSize=16777216, logicalSessionTimeoutMinutes=30, roundTripTimeNanos=198782900, minRoundTripTimeNanos=0, setName='atlas-10vsg5-shard-0', canonicalAddress=ac-jcz0paw-shard-00-02.b7jb1jb.mongodb.net:27017, hosts=[ac-jcz0paw-shard-00-01.b7jb1jb.mongodb.net:27017, ac-jcz0paw-shard-00-02.b7jb1jb.mongodb.net:27017, ac-jcz0paw-shard-00-00.b7jb1jb.mongodb.net:27017], passives=[], arbiters=[], primary='ac-jcz0paw-shard-00-02.b7jb1jb.mongodb.net:27017', tagSet=TagSet{[Tag{name='availabilityZone', value='aps1-az2'}, Tag{name='diskState', value='READY'}, Tag{name='nodeType', value='ELECTABLE'}, Tag{name='provider', value='AWS'}, Tag{name='region', value='AP_SOUTH_1'}, Tag{name='workloadType', value='OPERATIONAL'}]}, electionId=7fffffff00000000000000dc, setVersion=57, topologyVersion=TopologyVersion{processId=69b311ad332d80e6a3807b8e, counter=6}, lastWriteDate=Wed Mar 18 12:11:34 IST 2026, lastUpdateTimeNanos=1603890517590200} 
12:11:34.378 -------- [cluster-ClusterId{value='69ba491de642bf08a4e70af2', description='Cluster0'}-ac-jcz0paw-shard-00-01.b7jb1jb.mongodb.net:27017] --- INFO  --- org.mongodb.driver.cluster -------- Monitor thread successfully connected to server with description ServerDescription{address=ac-jcz0paw-shard-00-01.b7jb1jb.mongodb.net:27017, type=REPLICA_SET_SECONDARY, cryptd=false, state=CONNECTED, ok=true, minWireVersion=0, maxWireVersion=25, maxDocumentSize=16777216, logicalSessionTimeoutMinutes=30, roundTripTimeNanos=198783200, minRoundTripTimeNanos=0, setName='atlas-10vsg5-shard-0', canonicalAddress=ac-jcz0paw-shard-00-01.b7jb1jb.mongodb.net:27017, hosts=[ac-jcz0paw-shard-00-01.b7jb1jb.mongodb.net:27017, ac-jcz0paw-shard-00-02.b7jb1jb.mongodb.net:27017, ac-jcz0paw-shard-00-00.b7jb1jb.mongodb.net:27017], passives=[], arbiters=[], primary='ac-jcz0paw-shard-00-02.b7jb1jb.mongodb.net:27017', tagSet=TagSet{[Tag{name='availabilityZone', value='aps1-az3'}, Tag{name='diskState', value='READY'}, Tag{name='nodeType', value='ELECTABLE'}, Tag{name='provider', value='AWS'}, Tag{name='region', value='AP_SOUTH_1'}, Tag{name='workloadType', value='OPERATIONAL'}]}, electionId=null, setVersion=57, topologyVersion=TopologyVersion{processId=69b3142d06876aecd9b70acd, counter=3}, lastWriteDate=Wed Mar 18 12:11:34 IST 2026, lastUpdateTimeNanos=1603890517590200} 
12:11:34.380 -------- [cluster-ClusterId{value='69ba491de642bf08a4e70af2', description='Cluster0'}-ac-jcz0paw-shard-00-02.b7jb1jb.mongodb.net:27017] --- INFO  --- org.mongodb.driver.cluster -------- Discovered replica set primary ac-jcz0paw-shard-00-02.b7jb1jb.mongodb.net:27017 with max election id 7fffffff00000000000000dc and max set version 57 
12:11:35.475 -------- [restartedMain] --- INFO  --- o.s.s.c.a.a.c.InitializeAuthenticationProviderBeanManagerConfigurer$InitializeAuthenticationProviderManagerConfigurer -------- Global AuthenticationManager configured with AuthenticationProvider bean with name authenticationProvider 
12:11:35.476 -------- [restartedMain] --- WARN  --- o.s.s.c.a.a.c.InitializeUserDetailsBeanManagerConfigurer$InitializeUserDetailsManagerConfigurer -------- Global AuthenticationManager configured with an AuthenticationProvider bean. UserDetailsService beans will not be used by Spring Security for automatically configuring username/password login. Consider removing the AuthenticationProvider bean. Alternatively, consider using the UserDetailsService in a manually instantiated DaoAuthenticationProvider. If the current configuration is intentional, to turn off this warning, increase the logging level of 'org.springframework.security.config.annotation.authentication.configuration.InitializeUserDetailsBeanManagerConfigurer' to ERROR 
12:11:35.494 -------- [cluster-ClusterId{value='69ba491de642bf08a4e70af2', description='Cluster0'}-ac-jcz0paw-shard-00-00.b7jb1jb.mongodb.net:27017] --- INFO  --- org.mongodb.driver.cluster -------- Monitor thread successfully connected to server with description ServerDescription{address=ac-jcz0paw-shard-00-00.b7jb1jb.mongodb.net:27017, type=REPLICA_SET_SECONDARY, cryptd=false, state=CONNECTED, ok=true, minWireVersion=0, maxWireVersion=25, maxDocumentSize=16777216, logicalSessionTimeoutMinutes=30, roundTripTimeNanos=90033400, minRoundTripTimeNanos=0, setName='atlas-10vsg5-shard-0', canonicalAddress=ac-jcz0paw-shard-00-00.b7jb1jb.mongodb.net:27017, hosts=[ac-jcz0paw-shard-00-01.b7jb1jb.mongodb.net:27017, ac-jcz0paw-shard-00-02.b7jb1jb.mongodb.net:27017, ac-jcz0paw-shard-00-00.b7jb1jb.mongodb.net:27017], passives=[], arbiters=[], primary='ac-jcz0paw-shard-00-02.b7jb1jb.mongodb.net:27017', tagSet=TagSet{[Tag{name='availabilityZone', value='aps1-az1'}, Tag{name='diskState', value='READY'}, Tag{name='nodeType', value='ELECTABLE'}, Tag{name='provider', value='AWS'}, Tag{name='region', value='AP_SOUTH_1'}, Tag{name='workloadType', value='OPERATIONAL'}]}, electionId=null, setVersion=57, topologyVersion=TopologyVersion{processId=69b30fd5ea006f2a16d8bf3e, counter=4}, lastWriteDate=Wed Mar 18 12:11:35 IST 2026, lastUpdateTimeNanos=1603891635771700} 
12:11:35.595 -------- [restartedMain] --- DEBUG --- o.s.s.web.DefaultSecurityFilterChain -------- Will secure any request with filters: DisableEncodeUrlFilter, WebAsyncManagerIntegrationFilter, SecurityContextHolderFilter, HeaderWriterFilter, LogoutFilter, BasicAuthenticationFilter, RequestCacheAwareFilter, SecurityContextHolderAwareRequestFilter, AnonymousAuthenticationFilter, ExceptionTranslationFilter, AuthorizationFilter 
12:11:35.902 -------- [restartedMain] --- INFO  --- o.a.coyote.http11.Http11NioProtocol -------- Starting ProtocolHandler ["http-nio-8080"] 
12:11:35.934 -------- [restartedMain] --- INFO  --- o.s.b.w.e.tomcat.TomcatWebServer -------- Tomcat started on port 8080 (http) with context path '/' 
12:11:35.951 -------- [restartedMain] --- INFO  --- c.app.journal.JournalAppApplication -------- Started JournalAppApplication in 7.479 seconds (process running for 8.046) 
12:12:57.983 -------- [http-nio-8080-exec-2] --- INFO  --- o.a.c.c.C.[Tomcat].[localhost].[/] -------- Initializing Spring DispatcherServlet 'dispatcherServlet' 
12:12:57.984 -------- [http-nio-8080-exec-2] --- INFO  --- o.s.web.servlet.DispatcherServlet -------- Initializing Servlet 'dispatcherServlet' 
12:12:57.985 -------- [http-nio-8080-exec-2] --- INFO  --- o.s.web.servlet.DispatcherServlet -------- Completed initialization in 1 ms 
12:12:58.005 -------- [http-nio-8080-exec-2] --- DEBUG --- o.s.security.web.FilterChainProxy -------- Securing GET /user/get-weather 
12:12:58.259 -------- [http-nio-8080-exec-2] --- DEBUG --- o.s.s.a.d.DaoAuthenticationProvider -------- Authenticated user 
12:12:58.260 -------- [http-nio-8080-exec-2] --- DEBUG --- o.s.s.w.a.w.BasicAuthenticationFilter -------- Set SecurityContextHolder to UsernamePasswordAuthenticationToken [Principal=org.springframework.security.core.userdetails.User [Username=david, Password=[PROTECTED], Enabled=true, AccountNonExpired=true, CredentialsNonExpired=true, AccountNonLocked=true, Granted Authorities=[ROLE_ADMIN, ROLE_USER]], Credentials=[PROTECTED], Authenticated=true, Details=WebAuthenticationDetails [RemoteIpAddress=0:0:0:0:0:0:0:1, SessionId=null], Granted Authorities=[ROLE_ADMIN, ROLE_USER]] 
12:12:58.265 -------- [http-nio-8080-exec-2] --- DEBUG --- o.s.security.web.FilterChainProxy -------- Secured GET /user/get-weather 
12:12:58.865 -------- [http-nio-8080-exec-2] --- ERROR --- c.app.journal.service.RedisService -------- error  
java.lang.NullPointerException: Cannot invoke "Object.toString()" because "o" is null
	at com.app.journal.service.RedisService.get(RedisService.java:23)
	at com.app.journal.service.WeatherService.getWeather(WeatherService.java:32)
	at com.app.journal.controller.UserController.getweather(UserController.java:71)
	at java.base/jdk.internal.reflect.NativeMethodAccessorImpl.invoke0(Native Method)
	at java.base/jdk.internal.reflect.NativeMethodAccessorImpl.invoke(NativeMethodAccessorImpl.java:77)
	at java.base/jdk.internal.reflect.DelegatingMethodAccessorImpl.invoke(DelegatingMethodAccessorImpl.java:43)
	at java.base/java.lang.reflect.Method.invoke(Method.java:569)
	at org.springframework.web.method.support.InvocableHandlerMethod.doInvoke(InvocableHandlerMethod.java:258)
	at org.springframework.web.method.support.InvocableHandlerMethod.invokeForRequest(InvocableHandlerMethod.java:191)
	at org.springframework.web.servlet.mvc.method.annotation.ServletInvocableHandlerMethod.invokeAndHandle(ServletInvocableHandlerMethod.java:118)
	at org.springframework.web.servlet.mvc.method.annotation.RequestMappingHandlerAdapter.invokeHandlerMethod(RequestMappingHandlerAdapter.java:991)
	at org.springframework.web.servlet.mvc.method.annotation.RequestMappingHandlerAdapter.handleInternal(RequestMappingHandlerAdapter.java:896)
	at org.springframework.web.servlet.mvc.method.AbstractHandlerMethodAdapter.handle(AbstractHandlerMethodAdapter.java:87)
	at org.springframework.web.servlet.DispatcherServlet.doDispatch(DispatcherServlet.java:1089)
	at org.springframework.web.servlet.DispatcherServlet.doService(DispatcherServlet.java:979)
	at org.springframework.web.servlet.FrameworkServlet.processRequest(FrameworkServlet.java:1014)
	at org.springframework.web.servlet.FrameworkServlet.doGet(FrameworkServlet.java:903)
	at jakarta.servlet.http.HttpServlet.service(HttpServlet.java:564)
	at org.springframework.web.servlet.FrameworkServlet.service(FrameworkServlet.java:885)
	at jakarta.servlet.http.HttpServlet.service(HttpServlet.java:658)
	at org.apache.catalina.core.ApplicationFilterChain.internalDoFilter(ApplicationFilterChain.java:193)
	at org.apache.catalina.core.ApplicationFilterChain.doFilter(ApplicationFilterChain.java:138)
	at org.apache.tomcat.websocket.server.WsFilter.doFilter(WsFilter.java:51)
	at org.apache.catalina.core.ApplicationFilterChain.internalDoFilter(ApplicationFilterChain.java:162)
	at org.apache.catalina.core.ApplicationFilterChain.doFilter(ApplicationFilterChain.java:138)
	at org.springframework.web.filter.CompositeFilter$VirtualFilterChain.doFilter(CompositeFilter.java:108)
	at org.springframework.web.filter.CompositeFilter$VirtualFilterChain.doFilter(CompositeFilter.java:108)
	at org.springframework.security.web.FilterChainProxy.lambda$doFilterInternal$3(FilterChainProxy.java:231)
	at org.springframework.security.web.FilterChainProxy$VirtualFilterChain.doFilter(FilterChainProxy.java:365)
	at org.springframework.security.web.access.intercept.AuthorizationFilter.doFilter(AuthorizationFilter.java:101)
	at org.springframework.security.web.FilterChainProxy$VirtualFilterChain.doFilter(FilterChainProxy.java:374)
	at org.springframework.security.web.access.ExceptionTranslationFilter.doFilter(ExceptionTranslationFilter.java:125)
	at org.springframework.security.web.access.ExceptionTranslationFilter.doFilter(ExceptionTranslationFilter.java:119)
	at org.springframework.security.web.FilterChainProxy$VirtualFilterChain.doFilter(FilterChainProxy.java:374)
	at org.springframework.security.web.authentication.AnonymousAuthenticationFilter.doFilter(AnonymousAuthenticationFilter.java:100)
	at org.springframework.security.web.FilterChainProxy$VirtualFilterChain.doFilter(FilterChainProxy.java:374)
	at org.springframework.security.web.servletapi.SecurityContextHolderAwareRequestFilter.doFilter(SecurityContextHolderAwareRequestFilter.java:179)
	at org.springframework.security.web.FilterChainProxy$VirtualFilterChain.doFilter(FilterChainProxy.java:374)
	at org.springframework.security.web.savedrequest.RequestCacheAwareFilter.doFilter(RequestCacheAwareFilter.java:63)
	at org.springframework.security.web.FilterChainProxy$VirtualFilterChain.doFilter(FilterChainProxy.java:374)
	at org.springframework.security.web.authentication.www.BasicAuthenticationFilter.doFilterInternal(BasicAuthenticationFilter.java:213)
	at org.springframework.web.filter.OncePerRequestFilter.doFilter(OncePerRequestFilter.java:116)
	at org.springframework.security.web.FilterChainProxy$VirtualFilterChain.doFilter(FilterChainProxy.java:374)
	at org.springframework.security.web.authentication.logout.LogoutFilter.doFilter(LogoutFilter.java:107)
	at org.springframework.security.web.authentication.logout.LogoutFilter.doFilter(LogoutFilter.java:93)
	at org.springframework.security.web.FilterChainProxy$VirtualFilterChain.doFilter(FilterChainProxy.java:374)
	at org.springframework.security.web.header.HeaderWriterFilter.doHeadersAfter(HeaderWriterFilter.java:90)
	at org.springframework.security.web.header.HeaderWriterFilter.doFilterInternal(HeaderWriterFilter.java:75)
	at org.springframework.web.filter.OncePerRequestFilter.doFilter(OncePerRequestFilter.java:116)
	at org.springframework.security.web.FilterChainProxy$VirtualFilterChain.doFilter(FilterChainProxy.java:374)
	at org.springframework.security.web.context.SecurityContextHolderFilter.doFilter(SecurityContextHolderFilter.java:82)
	at org.springframework.security.web.context.SecurityContextHolderFilter.doFilter(SecurityContextHolderFilter.java:69)
	at org.springframework.security.web.FilterChainProxy$VirtualFilterChain.doFilter(FilterChainProxy.java:374)
	at org.springframework.security.web.context.request.async.WebAsyncManagerIntegrationFilter.doFilterInternal(WebAsyncManagerIntegrationFilter.java:62)
	at org.springframework.web.filter.OncePerRequestFilter.doFilter(OncePerRequestFilter.java:116)
	at org.springframework.security.web.FilterChainProxy$VirtualFilterChain.doFilter(FilterChainProxy.java:374)
	at org.springframework.security.web.session.DisableEncodeUrlFilter.doFilterInternal(DisableEncodeUrlFilter.java:42)
	at org.springframework.web.filter.OncePerRequestFilter.doFilter(OncePerRequestFilter.java:116)
	at org.springframework.security.web.FilterChainProxy$VirtualFilterChain.doFilter(FilterChainProxy.java:374)
	at org.springframework.security.web.FilterChainProxy.doFilterInternal(FilterChainProxy.java:233)
	at org.springframework.security.web.FilterChainProxy.doFilter(FilterChainProxy.java:191)
	at org.springframework.web.filter.CompositeFilter$VirtualFilterChain.doFilter(CompositeFilter.java:113)
	at org.springframework.web.filter.ServletRequestPathFilter.doFilter(ServletRequestPathFilter.java:52)
	at org.springframework.web.filter.CompositeFilter$VirtualFilterChain.doFilter(CompositeFilter.java:113)
	at org.springframework.web.filter.CompositeFilter.doFilter(CompositeFilter.java:74)
	at org.springframework.security.config.annotation.web.configuration.WebSecurityConfiguration$CompositeFilterChainProxy.doFilter(WebSecurityConfiguration.java:319)
	at org.springframework.web.filter.CompositeFilter$VirtualFilterChain.doFilter(CompositeFilter.java:113)
	at org.springframework.web.servlet.handler.HandlerMappingIntrospector.lambda$createCacheFilter$4(HandlerMappingIntrospector.java:267)
	at org.springframework.web.filter.CompositeFilter$VirtualFilterChain.doFilter(CompositeFilter.java:113)
	at org.springframework.web.filter.CompositeFilter.doFilter(CompositeFilter.java:74)
	at org.springframework.security.config.annotation.web.configuration.WebMvcSecurityConfiguration$CompositeFilterChainProxy.doFilter(WebMvcSecurityConfiguration.java:240)
	at org.springframework.web.filter.DelegatingFilterProxy.invokeDelegate(DelegatingFilterProxy.java:362)
	at org.springframework.web.filter.DelegatingFilterProxy.doFilter(DelegatingFilterProxy.java:278)
	at org.apache.catalina.core.ApplicationFilterChain.internalDoFilter(ApplicationFilterChain.java:162)
	at org.apache.catalina.core.ApplicationFilterChain.doFilter(ApplicationFilterChain.java:138)
	at org.springframework.web.filter.RequestContextFilter.doFilterInternal(RequestContextFilter.java:100)
	at org.springframework.web.filter.OncePerRequestFilter.doFilter(OncePerRequestFilter.java:116)
	at org.apache.catalina.core.ApplicationFilterChain.internalDoFilter(ApplicationFilterChain.java:162)
	at org.apache.catalina.core.ApplicationFilterChain.doFilter(ApplicationFilterChain.java:138)
	at org.springframework.web.filter.FormContentFilter.doFilterInternal(FormContentFilter.java:93)
	at org.springframework.web.filter.OncePerRequestFilter.doFilter(OncePerRequestFilter.java:116)
	at org.apache.catalina.core.ApplicationFilterChain.internalDoFilter(ApplicationFilterChain.java:162)
	at org.apache.catalina.core.ApplicationFilterChain.doFilter(ApplicationFilterChain.java:138)
	at org.springframework.web.filter.CharacterEncodingFilter.doFilterInternal(CharacterEncodingFilter.java:201)
	at org.springframework.web.filter.OncePerRequestFilter.doFilter(OncePerRequestFilter.java:116)
	at org.apache.catalina.core.ApplicationFilterChain.internalDoFilter(ApplicationFilterChain.java:162)
	at org.apache.catalina.core.ApplicationFilterChain.doFilter(ApplicationFilterChain.java:138)
	at org.apache.catalina.core.StandardWrapperValve.invoke(StandardWrapperValve.java:165)
	at org.apache.catalina.core.StandardContextValve.invoke(StandardContextValve.java:88)
	at org.apache.catalina.authenticator.AuthenticatorBase.invoke(AuthenticatorBase.java:492)
	at org.apache.catalina.core.StandardHostValve.invoke(StandardHostValve.java:113)
	at org.apache.catalina.valves.ErrorReportValve.invoke(ErrorReportValve.java:83)
	at org.apache.catalina.core.StandardEngineValve.invoke(StandardEngineValve.java:72)
	at org.apache.catalina.connector.CoyoteAdapter.service(CoyoteAdapter.java:342)
	at org.apache.coyote.http11.Http11Processor.service(Http11Processor.java:399)
	at org.apache.coyote.AbstractProcessorLight.process(AbstractProcessorLight.java:63)
	at org.apache.coyote.AbstractProtocol$ConnectionHandler.process(AbstractProtocol.java:903)
	at org.apache.tomcat.util.net.NioEndpoint$SocketProcessor.doRun(NioEndpoint.java:1775)
	at org.apache.tomcat.util.net.SocketProcessorBase.run(SocketProcessorBase.java:52)
	at org.apache.tomcat.util.threads.ThreadPoolExecutor.runWorker(ThreadPoolExecutor.java:973)
	at org.apache.tomcat.util.threads.ThreadPoolExecutor$Worker.run(ThreadPoolExecutor.java:491)
	at org.apache.tomcat.util.threads.TaskThread$WrappingRunnable.run(TaskThread.java:63)
	at java.base/java.lang.Thread.run(Thread.java:840)
12:13:04.516 -------- [http-nio-8080-exec-3] --- DEBUG --- o.s.security.web.FilterChainProxy -------- Securing GET /user/get-weather 
12:13:04.620 -------- [http-nio-8080-exec-3] --- DEBUG --- o.s.s.a.d.DaoAuthenticationProvider -------- Authenticated user 
12:13:04.620 -------- [http-nio-8080-exec-3] --- DEBUG --- o.s.s.w.a.w.BasicAuthenticationFilter -------- Set SecurityContextHolder to UsernamePasswordAuthenticationToken [Principal=org.springframework.security.core.userdetails.User [Username=david, Password=[PROTECTED], Enabled=true, AccountNonExpired=true, CredentialsNonExpired=true, AccountNonLocked=true, Granted Authorities=[ROLE_ADMIN, ROLE_USER]], Credentials=[PROTECTED], Authenticated=true, Details=WebAuthenticationDetails [RemoteIpAddress=0:0:0:0:0:0:0:1, SessionId=null], Granted Authorities=[ROLE_ADMIN, ROLE_USER]] 
12:13:04.620 -------- [http-nio-8080-exec-3] --- DEBUG --- o.s.security.web.FilterChainProxy -------- Secured GET /user/get-weather 
12:13:04.625 -------- [http-nio-8080-exec-3] --- ERROR --- c.app.journal.service.RedisService -------- error  
com.fasterxml.jackson.core.JsonParseException: Unrecognized token 'WeatherResponse': was expecting (JSON String, Number, Array, Object or token 'null', 'true' or 'false')
 at [Source: REDACTED (`StreamReadFeature.INCLUDE_SOURCE_IN_LOCATION` disabled); line: 1, column: 16]
	at com.fasterxml.jackson.core.JsonParser._constructError(JsonParser.java:2596)
	at com.fasterxml.jackson.core.JsonParser._constructReadException(JsonParser.java:2622)
	at com.fasterxml.jackson.core.JsonParser._constructReadException(JsonParser.java:2630)
	at com.fasterxml.jackson.core.base.ParserMinimalBase._reportError(ParserMinimalBase.java:830)
	at com.fasterxml.jackson.core.json.ReaderBasedJsonParser._reportInvalidToken(ReaderBasedJsonParser.java:3017)
	at com.fasterxml.jackson.core.json.ReaderBasedJsonParser._handleOddValue(ReaderBasedJsonParser.java:2051)
	at com.fasterxml.jackson.core.json.ReaderBasedJsonParser.nextToken(ReaderBasedJsonParser.java:780)
	at com.fasterxml.jackson.databind.ObjectMapper._initForReading(ObjectMapper.java:5066)
	at com.fasterxml.jackson.databind.ObjectMapper._readMapAndClose(ObjectMapper.java:4969)
	at com.fasterxml.jackson.databind.ObjectMapper.readValue(ObjectMapper.java:3895)
	at com.fasterxml.jackson.databind.ObjectMapper.readValue(ObjectMapper.java:3863)
	at com.app.journal.service.RedisService.get(RedisService.java:23)
	at com.app.journal.service.WeatherService.getWeather(WeatherService.java:32)
	at com.app.journal.controller.UserController.getweather(UserController.java:71)
	at java.base/jdk.internal.reflect.NativeMethodAccessorImpl.invoke0(Native Method)
	at java.base/jdk.internal.reflect.NativeMethodAccessorImpl.invoke(NativeMethodAccessorImpl.java:77)
	at java.base/jdk.internal.reflect.DelegatingMethodAccessorImpl.invoke(DelegatingMethodAccessorImpl.java:43)
	at java.base/java.lang.reflect.Method.invoke(Method.java:569)
	at org.springframework.web.method.support.InvocableHandlerMethod.doInvoke(InvocableHandlerMethod.java:258)
	at org.springframework.web.method.support.InvocableHandlerMethod.invokeForRequest(InvocableHandlerMethod.java:191)
	at org.springframework.web.servlet.mvc.method.annotation.ServletInvocableHandlerMethod.invokeAndHandle(ServletInvocableHandlerMethod.java:118)
	at org.springframework.web.servlet.mvc.method.annotation.RequestMappingHandlerAdapter.invokeHandlerMethod(RequestMappingHandlerAdapter.java:991)
	at org.springframework.web.servlet.mvc.method.annotation.RequestMappingHandlerAdapter.handleInternal(RequestMappingHandlerAdapter.java:896)
	at org.springframework.web.servlet.mvc.method.AbstractHandlerMethodAdapter.handle(AbstractHandlerMethodAdapter.java:87)
	at org.springframework.web.servlet.DispatcherServlet.doDispatch(DispatcherServlet.java:1089)
	at org.springframework.web.servlet.DispatcherServlet.doService(DispatcherServlet.java:979)
	at org.springframework.web.servlet.FrameworkServlet.processRequest(FrameworkServlet.java:1014)
	at org.springframework.web.servlet.FrameworkServlet.doGet(FrameworkServlet.java:903)
	at jakarta.servlet.http.HttpServlet.service(HttpServlet.java:564)
	at org.springframework.web.servlet.FrameworkServlet.service(FrameworkServlet.java:885)
	at jakarta.servlet.http.HttpServlet.service(HttpServlet.java:658)
	at org.apache.catalina.core.ApplicationFilterChain.internalDoFilter(ApplicationFilterChain.java:193)
	at org.apache.catalina.core.ApplicationFilterChain.doFilter(ApplicationFilterChain.java:138)
	at org.apache.tomcat.websocket.server.WsFilter.doFilter(WsFilter.java:51)
	at org.apache.catalina.core.ApplicationFilterChain.internalDoFilter(ApplicationFilterChain.java:162)
	at org.apache.catalina.core.ApplicationFilterChain.doFilter(ApplicationFilterChain.java:138)
	at org.springframework.web.filter.CompositeFilter$VirtualFilterChain.doFilter(CompositeFilter.java:108)
	at org.springframework.web.filter.CompositeFilter$VirtualFilterChain.doFilter(CompositeFilter.java:108)
	at org.springframework.security.web.FilterChainProxy.lambda$doFilterInternal$3(FilterChainProxy.java:231)
	at org.springframework.security.web.FilterChainProxy$VirtualFilterChain.doFilter(FilterChainProxy.java:365)
	at org.springframework.security.web.access.intercept.AuthorizationFilter.doFilter(AuthorizationFilter.java:101)
	at org.springframework.security.web.FilterChainProxy$VirtualFilterChain.doFilter(FilterChainProxy.java:374)
	at org.springframework.security.web.access.ExceptionTranslationFilter.doFilter(ExceptionTranslationFilter.java:125)
	at org.springframework.security.web.access.ExceptionTranslationFilter.doFilter(ExceptionTranslationFilter.java:119)
	at org.springframework.security.web.FilterChainProxy$VirtualFilterChain.doFilter(FilterChainProxy.java:374)
	at org.springframework.security.web.authentication.AnonymousAuthenticationFilter.doFilter(AnonymousAuthenticationFilter.java:100)
	at org.springframework.security.web.FilterChainProxy$VirtualFilterChain.doFilter(FilterChainProxy.java:374)
	at org.springframework.security.web.servletapi.SecurityContextHolderAwareRequestFilter.doFilter(SecurityContextHolderAwareRequestFilter.java:179)
	at org.springframework.security.web.FilterChainProxy$VirtualFilterChain.doFilter(FilterChainProxy.java:374)
	at org.springframework.security.web.savedrequest.RequestCacheAwareFilter.doFilter(RequestCacheAwareFilter.java:63)
	at org.springframework.security.web.FilterChainProxy$VirtualFilterChain.doFilter(FilterChainProxy.java:374)
	at org.springframework.security.web.authentication.www.BasicAuthenticationFilter.doFilterInternal(BasicAuthenticationFilter.java:213)
	at org.springframework.web.filter.OncePerRequestFilter.doFilter(OncePerRequestFilter.java:116)
	at org.springframework.security.web.FilterChainProxy$VirtualFilterChain.doFilter(FilterChainProxy.java:374)
	at org.springframework.security.web.authentication.logout.LogoutFilter.doFilter(LogoutFilter.java:107)
	at org.springframework.security.web.authentication.logout.LogoutFilter.doFilter(LogoutFilter.java:93)
	at org.springframework.security.web.FilterChainProxy$VirtualFilterChain.doFilter(FilterChainProxy.java:374)
	at org.springframework.security.web.header.HeaderWriterFilter.doHeadersAfter(HeaderWriterFilter.java:90)
	at org.springframework.security.web.header.HeaderWriterFilter.doFilterInternal(HeaderWriterFilter.java:75)
	at org.springframework.web.filter.OncePerRequestFilter.doFilter(OncePerRequestFilter.java:116)
	at org.springframework.security.web.FilterChainProxy$VirtualFilterChain.doFilter(FilterChainProxy.java:374)
	at org.springframework.security.web.context.SecurityContextHolderFilter.doFilter(SecurityContextHolderFilter.java:82)
	at org.springframework.security.web.context.SecurityContextHolderFilter.doFilter(SecurityContextHolderFilter.java:69)
	at org.springframework.security.web.FilterChainProxy$VirtualFilterChain.doFilter(FilterChainProxy.java:374)
	at org.springframework.security.web.context.request.async.WebAsyncManagerIntegrationFilter.doFilterInternal(WebAsyncManagerIntegrationFilter.java:62)
	at org.springframework.web.filter.OncePerRequestFilter.doFilter(OncePerRequestFilter.java:116)
	at org.springframework.security.web.FilterChainProxy$VirtualFilterChain.doFilter(FilterChainProxy.java:374)
	at org.springframework.security.web.session.DisableEncodeUrlFilter.doFilterInternal(DisableEncodeUrlFilter.java:42)
	at org.springframework.web.filter.OncePerRequestFilter.doFilter(OncePerRequestFilter.java:116)
	at org.springframework.security.web.FilterChainProxy$VirtualFilterChain.doFilter(FilterChainProxy.java:374)
	at org.springframework.security.web.FilterChainProxy.doFilterInternal(FilterChainProxy.java:233)
	at org.springframework.security.web.FilterChainProxy.doFilter(FilterChainProxy.java:191)
	at org.springframework.web.filter.CompositeFilter$VirtualFilterChain.doFilter(CompositeFilter.java:113)
	at org.springframework.web.filter.ServletRequestPathFilter.doFilter(ServletRequestPathFilter.java:52)
	at org.springframework.web.filter.CompositeFilter$VirtualFilterChain.doFilter(CompositeFilter.java:113)
	at org.springframework.web.filter.CompositeFilter.doFilter(CompositeFilter.java:74)
	at org.springframework.security.config.annotation.web.configuration.WebSecurityConfiguration$CompositeFilterChainProxy.doFilter(WebSecurityConfiguration.java:319)
	at org.springframework.web.filter.CompositeFilter$VirtualFilterChain.doFilter(CompositeFilter.java:113)
	at org.springframework.web.servlet.handler.HandlerMappingIntrospector.lambda$createCacheFilter$4(HandlerMappingIntrospector.java:267)
	at org.springframework.web.filter.CompositeFilter$VirtualFilterChain.doFilter(CompositeFilter.java:113)
	at org.springframework.web.filter.CompositeFilter.doFilter(CompositeFilter.java:74)
	at org.springframework.security.config.annotation.web.configuration.WebMvcSecurityConfiguration$CompositeFilterChainProxy.doFilter(WebMvcSecurityConfiguration.java:240)
	at org.springframework.web.filter.DelegatingFilterProxy.invokeDelegate(DelegatingFilterProxy.java:362)
	at org.springframework.web.filter.DelegatingFilterProxy.doFilter(DelegatingFilterProxy.java:278)
	at org.apache.catalina.core.ApplicationFilterChain.internalDoFilter(ApplicationFilterChain.java:162)
	at org.apache.catalina.core.ApplicationFilterChain.doFilter(ApplicationFilterChain.java:138)
	at org.springframework.web.filter.RequestContextFilter.doFilterInternal(RequestContextFilter.java:100)
	at org.springframework.web.filter.OncePerRequestFilter.doFilter(OncePerRequestFilter.java:116)
	at org.apache.catalina.core.ApplicationFilterChain.internalDoFilter(ApplicationFilterChain.java:162)
	at org.apache.catalina.core.ApplicationFilterChain.doFilter(ApplicationFilterChain.java:138)
	at org.springframework.web.filter.FormContentFilter.doFilterInternal(FormContentFilter.java:93)
	at org.springframework.web.filter.OncePerRequestFilter.doFilter(OncePerRequestFilter.java:116)
	at org.apache.catalina.core.ApplicationFilterChain.internalDoFilter(ApplicationFilterChain.java:162)
	at org.apache.catalina.core.ApplicationFilterChain.doFilter(ApplicationFilterChain.java:138)
	at org.springframework.web.filter.CharacterEncodingFilter.doFilterInternal(CharacterEncodingFilter.java:201)
	at org.springframework.web.filter.OncePerRequestFilter.doFilter(OncePerRequestFilter.java:116)
	at org.apache.catalina.core.ApplicationFilterChain.internalDoFilter(ApplicationFilterChain.java:162)
	at org.apache.catalina.core.ApplicationFilterChain.doFilter(ApplicationFilterChain.java:138)
	at org.apache.catalina.core.StandardWrapperValve.invoke(StandardWrapperValve.java:165)
	at org.apache.catalina.core.StandardContextValve.invoke(StandardContextValve.java:88)
	at org.apache.catalina.authenticator.AuthenticatorBase.invoke(AuthenticatorBase.java:492)
	at org.apache.catalina.core.StandardHostValve.invoke(StandardHostValve.java:113)
	at org.apache.catalina.valves.ErrorReportValve.invoke(ErrorReportValve.java:83)
	at org.apache.catalina.core.StandardEngineValve.invoke(StandardEngineValve.java:72)
	at org.apache.catalina.connector.CoyoteAdapter.service(CoyoteAdapter.java:342)
	at org.apache.coyote.http11.Http11Processor.service(Http11Processor.java:399)
	at org.apache.coyote.AbstractProcessorLight.process(AbstractProcessorLight.java:63)
	at org.apache.coyote.AbstractProtocol$ConnectionHandler.process(AbstractProtocol.java:903)
	at org.apache.tomcat.util.net.NioEndpoint$SocketProcessor.doRun(NioEndpoint.java:1775)
	at org.apache.tomcat.util.net.SocketProcessorBase.run(SocketProcessorBase.java:52)
	at org.apache.tomcat.util.threads.ThreadPoolExecutor.runWorker(ThreadPoolExecutor.java:973)
	at org.apache.tomcat.util.threads.ThreadPoolExecutor$Worker.run(ThreadPoolExecutor.java:491)
	at org.apache.tomcat.util.threads.TaskThread$WrappingRunnable.run(TaskThread.java:63)
	at java.base/java.lang.Thread.run(Thread.java:840)
12:13:07.238 -------- [http-nio-8080-exec-4] --- DEBUG --- o.s.security.web.FilterChainProxy -------- Securing GET /user/get-weather 
12:13:07.341 -------- [http-nio-8080-exec-4] --- DEBUG --- o.s.s.a.d.DaoAuthenticationProvider -------- Authenticated user 
12:13:07.341 -------- [http-nio-8080-exec-4] --- DEBUG --- o.s.s.w.a.w.BasicAuthenticationFilter -------- Set SecurityContextHolder to UsernamePasswordAuthenticationToken [Principal=org.springframework.security.core.userdetails.User [Username=david, Password=[PROTECTED], Enabled=true, AccountNonExpired=true, CredentialsNonExpired=true, AccountNonLocked=true, Granted Authorities=[ROLE_ADMIN, ROLE_USER]], Credentials=[PROTECTED], Authenticated=true, Details=WebAuthenticationDetails [RemoteIpAddress=0:0:0:0:0:0:0:1, SessionId=null], Granted Authorities=[ROLE_ADMIN, ROLE_USER]] 
12:13:07.341 -------- [http-nio-8080-exec-4] --- DEBUG --- o.s.security.web.FilterChainProxy -------- Secured GET /user/get-weather 
12:13:07.343 -------- [http-nio-8080-exec-4] --- ERROR --- c.app.journal.service.RedisService -------- error  
com.fasterxml.jackson.core.JsonParseException: Unrecognized token 'WeatherResponse': was expecting (JSON String, Number, Array, Object or token 'null', 'true' or 'false')
 at [Source: REDACTED (`StreamReadFeature.INCLUDE_SOURCE_IN_LOCATION` disabled); line: 1, column: 16]
	at com.fasterxml.jackson.core.JsonParser._constructError(JsonParser.java:2596)
	at com.fasterxml.jackson.core.JsonParser._constructReadException(JsonParser.java:2622)
	at com.fasterxml.jackson.core.JsonParser._constructReadException(JsonParser.java:2630)
	at com.fasterxml.jackson.core.base.ParserMinimalBase._reportError(ParserMinimalBase.java:830)
	at com.fasterxml.jackson.core.json.ReaderBasedJsonParser._reportInvalidToken(ReaderBasedJsonParser.java:3017)
	at com.fasterxml.jackson.core.json.ReaderBasedJsonParser._handleOddValue(ReaderBasedJsonParser.java:2051)
	at com.fasterxml.jackson.core.json.ReaderBasedJsonParser.nextToken(ReaderBasedJsonParser.java:780)
	at com.fasterxml.jackson.databind.ObjectMapper._initForReading(ObjectMapper.java:5066)
	at com.fasterxml.jackson.databind.ObjectMapper._readMapAndClose(ObjectMapper.java:4969)
	at com.fasterxml.jackson.databind.ObjectMapper.readValue(ObjectMapper.java:3895)
	at com.fasterxml.jackson.databind.ObjectMapper.readValue(ObjectMapper.java:3863)
	at com.app.journal.service.RedisService.get(RedisService.java:23)
	at com.app.journal.service.WeatherService.getWeather(WeatherService.java:32)
	at com.app.journal.controller.UserController.getweather(UserController.java:71)
	at java.base/jdk.internal.reflect.NativeMethodAccessorImpl.invoke0(Native Method)
	at java.base/jdk.internal.reflect.NativeMethodAccessorImpl.invoke(NativeMethodAccessorImpl.java:77)
	at java.base/jdk.internal.reflect.DelegatingMethodAccessorImpl.invoke(DelegatingMethodAccessorImpl.java:43)
	at java.base/java.lang.reflect.Method.invoke(Method.java:569)
	at org.springframework.web.method.support.InvocableHandlerMethod.doInvoke(InvocableHandlerMethod.java:258)
	at org.springframework.web.method.support.InvocableHandlerMethod.invokeForRequest(InvocableHandlerMethod.java:191)
	at org.springframework.web.servlet.mvc.method.annotation.ServletInvocableHandlerMethod.invokeAndHandle(ServletInvocableHandlerMethod.java:118)
	at org.springframework.web.servlet.mvc.method.annotation.RequestMappingHandlerAdapter.invokeHandlerMethod(RequestMappingHandlerAdapter.java:991)
	at org.springframework.web.servlet.mvc.method.annotation.RequestMappingHandlerAdapter.handleInternal(RequestMappingHandlerAdapter.java:896)
	at org.springframework.web.servlet.mvc.method.AbstractHandlerMethodAdapter.handle(AbstractHandlerMethodAdapter.java:87)
	at org.springframework.web.servlet.DispatcherServlet.doDispatch(DispatcherServlet.java:1089)
	at org.springframework.web.servlet.DispatcherServlet.doService(DispatcherServlet.java:979)
	at org.springframework.web.servlet.FrameworkServlet.processRequest(FrameworkServlet.java:1014)
	at org.springframework.web.servlet.FrameworkServlet.doGet(FrameworkServlet.java:903)
	at jakarta.servlet.http.HttpServlet.service(HttpServlet.java:564)
	at org.springframework.web.servlet.FrameworkServlet.service(FrameworkServlet.java:885)
	at jakarta.servlet.http.HttpServlet.service(HttpServlet.java:658)
	at org.apache.catalina.core.ApplicationFilterChain.internalDoFilter(ApplicationFilterChain.java:193)
	at org.apache.catalina.core.ApplicationFilterChain.doFilter(ApplicationFilterChain.java:138)
	at org.apache.tomcat.websocket.server.WsFilter.doFilter(WsFilter.java:51)
	at org.apache.catalina.core.ApplicationFilterChain.internalDoFilter(ApplicationFilterChain.java:162)
	at org.apache.catalina.core.ApplicationFilterChain.doFilter(ApplicationFilterChain.java:138)
	at org.springframework.web.filter.CompositeFilter$VirtualFilterChain.doFilter(CompositeFilter.java:108)
	at org.springframework.web.filter.CompositeFilter$VirtualFilterChain.doFilter(CompositeFilter.java:108)
	at org.springframework.security.web.FilterChainProxy.lambda$doFilterInternal$3(FilterChainProxy.java:231)
	at org.springframework.security.web.FilterChainProxy$VirtualFilterChain.doFilter(FilterChainProxy.java:365)
	at org.springframework.security.web.access.intercept.AuthorizationFilter.doFilter(AuthorizationFilter.java:101)
	at org.springframework.security.web.FilterChainProxy$VirtualFilterChain.doFilter(FilterChainProxy.java:374)
	at org.springframework.security.web.access.ExceptionTranslationFilter.doFilter(ExceptionTranslationFilter.java:125)
	at org.springframework.security.web.access.ExceptionTranslationFilter.doFilter(ExceptionTranslationFilter.java:119)
	at org.springframework.security.web.FilterChainProxy$VirtualFilterChain.doFilter(FilterChainProxy.java:374)
	at org.springframework.security.web.authentication.AnonymousAuthenticationFilter.doFilter(AnonymousAuthenticationFilter.java:100)
	at org.springframework.security.web.FilterChainProxy$VirtualFilterChain.doFilter(FilterChainProxy.java:374)
	at org.springframework.security.web.servletapi.SecurityContextHolderAwareRequestFilter.doFilter(SecurityContextHolderAwareRequestFilter.java:179)
	at org.springframework.security.web.FilterChainProxy$VirtualFilterChain.doFilter(FilterChainProxy.java:374)
	at org.springframework.security.web.savedrequest.RequestCacheAwareFilter.doFilter(RequestCacheAwareFilter.java:63)
	at org.springframework.security.web.FilterChainProxy$VirtualFilterChain.doFilter(FilterChainProxy.java:374)
	at org.springframework.security.web.authentication.www.BasicAuthenticationFilter.doFilterInternal(BasicAuthenticationFilter.java:213)
	at org.springframework.web.filter.OncePerRequestFilter.doFilter(OncePerRequestFilter.java:116)
	at org.springframework.security.web.FilterChainProxy$VirtualFilterChain.doFilter(FilterChainProxy.java:374)
	at org.springframework.security.web.authentication.logout.LogoutFilter.doFilter(LogoutFilter.java:107)
	at org.springframework.security.web.authentication.logout.LogoutFilter.doFilter(LogoutFilter.java:93)
	at org.springframework.security.web.FilterChainProxy$VirtualFilterChain.doFilter(FilterChainProxy.java:374)
	at org.springframework.security.web.header.HeaderWriterFilter.doHeadersAfter(HeaderWriterFilter.java:90)
	at org.springframework.security.web.header.HeaderWriterFilter.doFilterInternal(HeaderWriterFilter.java:75)
	at org.springframework.web.filter.OncePerRequestFilter.doFilter(OncePerRequestFilter.java:116)
	at org.springframework.security.web.FilterChainProxy$VirtualFilterChain.doFilter(FilterChainProxy.java:374)
	at org.springframework.security.web.context.SecurityContextHolderFilter.doFilter(SecurityContextHolderFilter.java:82)
	at org.springframework.security.web.context.SecurityContextHolderFilter.doFilter(SecurityContextHolderFilter.java:69)
	at org.springframework.security.web.FilterChainProxy$VirtualFilterChain.doFilter(FilterChainProxy.java:374)
	at org.springframework.security.web.context.request.async.WebAsyncManagerIntegrationFilter.doFilterInternal(WebAsyncManagerIntegrationFilter.java:62)
	at org.springframework.web.filter.OncePerRequestFilter.doFilter(OncePerRequestFilter.java:116)
	at org.springframework.security.web.FilterChainProxy$VirtualFilterChain.doFilter(FilterChainProxy.java:374)
	at org.springframework.security.web.session.DisableEncodeUrlFilter.doFilterInternal(DisableEncodeUrlFilter.java:42)
	at org.springframework.web.filter.OncePerRequestFilter.doFilter(OncePerRequestFilter.java:116)
	at org.springframework.security.web.FilterChainProxy$VirtualFilterChain.doFilter(FilterChainProxy.java:374)
	at org.springframework.security.web.FilterChainProxy.doFilterInternal(FilterChainProxy.java:233)
	at org.springframework.security.web.FilterChainProxy.doFilter(FilterChainProxy.java:191)
	at org.springframework.web.filter.CompositeFilter$VirtualFilterChain.doFilter(CompositeFilter.java:113)
	at org.springframework.web.filter.ServletRequestPathFilter.doFilter(ServletRequestPathFilter.java:52)
	at org.springframework.web.filter.CompositeFilter$VirtualFilterChain.doFilter(CompositeFilter.java:113)
	at org.springframework.web.filter.CompositeFilter.doFilter(CompositeFilter.java:74)
	at org.springframework.security.config.annotation.web.configuration.WebSecurityConfiguration$CompositeFilterChainProxy.doFilter(WebSecurityConfiguration.java:319)
	at org.springframework.web.filter.CompositeFilter$VirtualFilterChain.doFilter(CompositeFilter.java:113)
	at org.springframework.web.servlet.handler.HandlerMappingIntrospector.lambda$createCacheFilter$4(HandlerMappingIntrospector.java:267)
	at org.springframework.web.filter.CompositeFilter$VirtualFilterChain.doFilter(CompositeFilter.java:113)
	at org.springframework.web.filter.CompositeFilter.doFilter(CompositeFilter.java:74)
	at org.springframework.security.config.annotation.web.configuration.WebMvcSecurityConfiguration$CompositeFilterChainProxy.doFilter(WebMvcSecurityConfiguration.java:240)
	at org.springframework.web.filter.DelegatingFilterProxy.invokeDelegate(DelegatingFilterProxy.java:362)
	at org.springframework.web.filter.DelegatingFilterProxy.doFilter(DelegatingFilterProxy.java:278)
	at org.apache.catalina.core.ApplicationFilterChain.internalDoFilter(ApplicationFilterChain.java:162)
	at org.apache.catalina.core.ApplicationFilterChain.doFilter(ApplicationFilterChain.java:138)
	at org.springframework.web.filter.RequestContextFilter.doFilterInternal(RequestContextFilter.java:100)
	at org.springframework.web.filter.OncePerRequestFilter.doFilter(OncePerRequestFilter.java:116)
	at org.apache.catalina.core.ApplicationFilterChain.internalDoFilter(ApplicationFilterChain.java:162)
	at org.apache.catalina.core.ApplicationFilterChain.doFilter(ApplicationFilterChain.java:138)
	at org.springframework.web.filter.FormContentFilter.doFilterInternal(FormContentFilter.java:93)
	at org.springframework.web.filter.OncePerRequestFilter.doFilter(OncePerRequestFilter.java:116)
	at org.apache.catalina.core.ApplicationFilterChain.internalDoFilter(ApplicationFilterChain.java:162)
	at org.apache.catalina.core.ApplicationFilterChain.doFilter(ApplicationFilterChain.java:138)
	at org.springframework.web.filter.CharacterEncodingFilter.doFilterInternal(CharacterEncodingFilter.java:201)
	at org.springframework.web.filter.OncePerRequestFilter.doFilter(OncePerRequestFilter.java:116)
	at org.apache.catalina.core.ApplicationFilterChain.internalDoFilter(ApplicationFilterChain.java:162)
	at org.apache.catalina.core.ApplicationFilterChain.doFilter(ApplicationFilterChain.java:138)
	at org.apache.catalina.core.StandardWrapperValve.invoke(StandardWrapperValve.java:165)
	at org.apache.catalina.core.StandardContextValve.invoke(StandardContextValve.java:88)
	at org.apache.catalina.authenticator.AuthenticatorBase.invoke(AuthenticatorBase.java:492)
	at org.apache.catalina.core.StandardHostValve.invoke(StandardHostValve.java:113)
	at org.apache.catalina.valves.ErrorReportValve.invoke(ErrorReportValve.java:83)
	at org.apache.catalina.core.StandardEngineValve.invoke(StandardEngineValve.java:72)
	at org.apache.catalina.connector.CoyoteAdapter.service(CoyoteAdapter.java:342)
	at org.apache.coyote.http11.Http11Processor.service(Http11Processor.java:399)
	at org.apache.coyote.AbstractProcessorLight.process(AbstractProcessorLight.java:63)
	at org.apache.coyote.AbstractProtocol$ConnectionHandler.process(AbstractProtocol.java:903)
	at org.apache.tomcat.util.net.NioEndpoint$SocketProcessor.doRun(NioEndpoint.java:1775)
	at org.apache.tomcat.util.net.SocketProcessorBase.run(SocketProcessorBase.java:52)
	at org.apache.tomcat.util.threads.ThreadPoolExecutor.runWorker(ThreadPoolExecutor.java:973)
	at org.apache.tomcat.util.threads.ThreadPoolExecutor$Worker.run(ThreadPoolExecutor.java:491)
	at org.apache.tomcat.util.threads.TaskThread$WrappingRunnable.run(TaskThread.java:63)
	at java.base/java.lang.Thread.run(Thread.java:840)
12:13:09.257 -------- [http-nio-8080-exec-5] --- DEBUG --- o.s.security.web.FilterChainProxy -------- Securing GET /user/get-weather 
12:13:09.369 -------- [http-nio-8080-exec-5] --- DEBUG --- o.s.s.a.d.DaoAuthenticationProvider -------- Authenticated user 
12:13:09.370 -------- [http-nio-8080-exec-5] --- DEBUG --- o.s.s.w.a.w.BasicAuthenticationFilter -------- Set SecurityContextHolder to UsernamePasswordAuthenticationToken [Principal=org.springframework.security.core.userdetails.User [Username=david, Password=[PROTECTED], Enabled=true, AccountNonExpired=true, CredentialsNonExpired=true, AccountNonLocked=true, Granted Authorities=[ROLE_ADMIN, ROLE_USER]], Credentials=[PROTECTED], Authenticated=true, Details=WebAuthenticationDetails [RemoteIpAddress=0:0:0:0:0:0:0:1, SessionId=null], Granted Authorities=[ROLE_ADMIN, ROLE_USER]] 
12:13:09.370 -------- [http-nio-8080-exec-5] --- DEBUG --- o.s.security.web.FilterChainProxy -------- Secured GET /user/get-weather 
12:13:09.372 -------- [http-nio-8080-exec-5] --- ERROR --- c.app.journal.service.RedisService -------- error  
com.fasterxml.jackson.core.JsonParseException: Unrecognized token 'WeatherResponse': was expecting (JSON String, Number, Array, Object or token 'null', 'true' or 'false')
 at [Source: REDACTED (`StreamReadFeature.INCLUDE_SOURCE_IN_LOCATION` disabled); line: 1, column: 16]
	at com.fasterxml.jackson.core.JsonParser._constructError(JsonParser.java:2596)
	at com.fasterxml.jackson.core.JsonParser._constructReadException(JsonParser.java:2622)
	at com.fasterxml.jackson.core.JsonParser._constructReadException(JsonParser.java:2630)
	at com.fasterxml.jackson.core.base.ParserMinimalBase._reportError(ParserMinimalBase.java:830)
	at com.fasterxml.jackson.core.json.ReaderBasedJsonParser._reportInvalidToken(ReaderBasedJsonParser.java:3017)
	at com.fasterxml.jackson.core.json.ReaderBasedJsonParser._handleOddValue(ReaderBasedJsonParser.java:2051)
	at com.fasterxml.jackson.core.json.ReaderBasedJsonParser.nextToken(ReaderBasedJsonParser.java:780)
	at com.fasterxml.jackson.databind.ObjectMapper._initForReading(ObjectMapper.java:5066)
	at com.fasterxml.jackson.databind.ObjectMapper._readMapAndClose(ObjectMapper.java:4969)
	at com.fasterxml.jackson.databind.ObjectMapper.readValue(ObjectMapper.java:3895)
	at com.fasterxml.jackson.databind.ObjectMapper.readValue(ObjectMapper.java:3863)
	at com.app.journal.service.RedisService.get(RedisService.java:23)
	at com.app.journal.service.WeatherService.getWeather(WeatherService.java:32)
	at com.app.journal.controller.UserController.getweather(UserController.java:71)
	at java.base/jdk.internal.reflect.NativeMethodAccessorImpl.invoke0(Native Method)
	at java.base/jdk.internal.reflect.NativeMethodAccessorImpl.invoke(NativeMethodAccessorImpl.java:77)
	at java.base/jdk.internal.reflect.DelegatingMethodAccessorImpl.invoke(DelegatingMethodAccessorImpl.java:43)
	at java.base/java.lang.reflect.Method.invoke(Method.java:569)
	at org.springframework.web.method.support.InvocableHandlerMethod.doInvoke(InvocableHandlerMethod.java:258)
	at org.springframework.web.method.support.InvocableHandlerMethod.invokeForRequest(InvocableHandlerMethod.java:191)
	at org.springframework.web.servlet.mvc.method.annotation.ServletInvocableHandlerMethod.invokeAndHandle(ServletInvocableHandlerMethod.java:118)
	at org.springframework.web.servlet.mvc.method.annotation.RequestMappingHandlerAdapter.invokeHandlerMethod(RequestMappingHandlerAdapter.java:991)
	at org.springframework.web.servlet.mvc.method.annotation.RequestMappingHandlerAdapter.handleInternal(RequestMappingHandlerAdapter.java:896)
	at org.springframework.web.servlet.mvc.method.AbstractHandlerMethodAdapter.handle(AbstractHandlerMethodAdapter.java:87)
	at org.springframework.web.servlet.DispatcherServlet.doDispatch(DispatcherServlet.java:1089)
	at org.springframework.web.servlet.DispatcherServlet.doService(DispatcherServlet.java:979)
	at org.springframework.web.servlet.FrameworkServlet.processRequest(FrameworkServlet.java:1014)
	at org.springframework.web.servlet.FrameworkServlet.doGet(FrameworkServlet.java:903)
	at jakarta.servlet.http.HttpServlet.service(HttpServlet.java:564)
	at org.springframework.web.servlet.FrameworkServlet.service(FrameworkServlet.java:885)
	at jakarta.servlet.http.HttpServlet.service(HttpServlet.java:658)
	at org.apache.catalina.core.ApplicationFilterChain.internalDoFilter(ApplicationFilterChain.java:193)
	at org.apache.catalina.core.ApplicationFilterChain.doFilter(ApplicationFilterChain.java:138)
	at org.apache.tomcat.websocket.server.WsFilter.doFilter(WsFilter.java:51)
	at org.apache.catalina.core.ApplicationFilterChain.internalDoFilter(ApplicationFilterChain.java:162)
	at org.apache.catalina.core.ApplicationFilterChain.doFilter(ApplicationFilterChain.java:138)
	at org.springframework.web.filter.CompositeFilter$VirtualFilterChain.doFilter(CompositeFilter.java:108)
	at org.springframework.web.filter.CompositeFilter$VirtualFilterChain.doFilter(CompositeFilter.java:108)
	at org.springframework.security.web.FilterChainProxy.lambda$doFilterInternal$3(FilterChainProxy.java:231)
	at org.springframework.security.web.FilterChainProxy$VirtualFilterChain.doFilter(FilterChainProxy.java:365)
	at org.springframework.security.web.access.intercept.AuthorizationFilter.doFilter(AuthorizationFilter.java:101)
	at org.springframework.security.web.FilterChainProxy$VirtualFilterChain.doFilter(FilterChainProxy.java:374)
	at org.springframework.security.web.access.ExceptionTranslationFilter.doFilter(ExceptionTranslationFilter.java:125)
	at org.springframework.security.web.access.ExceptionTranslationFilter.doFilter(ExceptionTranslationFilter.java:119)
	at org.springframework.security.web.FilterChainProxy$VirtualFilterChain.doFilter(FilterChainProxy.java:374)
	at org.springframework.security.web.authentication.AnonymousAuthenticationFilter.doFilter(AnonymousAuthenticationFilter.java:100)
	at org.springframework.security.web.FilterChainProxy$VirtualFilterChain.doFilter(FilterChainProxy.java:374)
	at org.springframework.security.web.servletapi.SecurityContextHolderAwareRequestFilter.doFilter(SecurityContextHolderAwareRequestFilter.java:179)
	at org.springframework.security.web.FilterChainProxy$VirtualFilterChain.doFilter(FilterChainProxy.java:374)
	at org.springframework.security.web.savedrequest.RequestCacheAwareFilter.doFilter(RequestCacheAwareFilter.java:63)
	at org.springframework.security.web.FilterChainProxy$VirtualFilterChain.doFilter(FilterChainProxy.java:374)
	at org.springframework.security.web.authentication.www.BasicAuthenticationFilter.doFilterInternal(BasicAuthenticationFilter.java:213)
	at org.springframework.web.filter.OncePerRequestFilter.doFilter(OncePerRequestFilter.java:116)
	at org.springframework.security.web.FilterChainProxy$VirtualFilterChain.doFilter(FilterChainProxy.java:374)
	at org.springframework.security.web.authentication.logout.LogoutFilter.doFilter(LogoutFilter.java:107)
	at org.springframework.security.web.authentication.logout.LogoutFilter.doFilter(LogoutFilter.java:93)
	at org.springframework.security.web.FilterChainProxy$VirtualFilterChain.doFilter(FilterChainProxy.java:374)
	at org.springframework.security.web.header.HeaderWriterFilter.doHeadersAfter(HeaderWriterFilter.java:90)
	at org.springframework.security.web.header.HeaderWriterFilter.doFilterInternal(HeaderWriterFilter.java:75)
	at org.springframework.web.filter.OncePerRequestFilter.doFilter(OncePerRequestFilter.java:116)
	at org.springframework.security.web.FilterChainProxy$VirtualFilterChain.doFilter(FilterChainProxy.java:374)
	at org.springframework.security.web.context.SecurityContextHolderFilter.doFilter(SecurityContextHolderFilter.java:82)
	at org.springframework.security.web.context.SecurityContextHolderFilter.doFilter(SecurityContextHolderFilter.java:69)
	at org.springframework.security.web.FilterChainProxy$VirtualFilterChain.doFilter(FilterChainProxy.java:374)
	at org.springframework.security.web.context.request.async.WebAsyncManagerIntegrationFilter.doFilterInternal(WebAsyncManagerIntegrationFilter.java:62)
	at org.springframework.web.filter.OncePerRequestFilter.doFilter(OncePerRequestFilter.java:116)
	at org.springframework.security.web.FilterChainProxy$VirtualFilterChain.doFilter(FilterChainProxy.java:374)
	at org.springframework.security.web.session.DisableEncodeUrlFilter.doFilterInternal(DisableEncodeUrlFilter.java:42)
	at org.springframework.web.filter.OncePerRequestFilter.doFilter(OncePerRequestFilter.java:116)
	at org.springframework.security.web.FilterChainProxy$VirtualFilterChain.doFilter(FilterChainProxy.java:374)
	at org.springframework.security.web.FilterChainProxy.doFilterInternal(FilterChainProxy.java:233)
	at org.springframework.security.web.FilterChainProxy.doFilter(FilterChainProxy.java:191)
	at org.springframework.web.filter.CompositeFilter$VirtualFilterChain.doFilter(CompositeFilter.java:113)
	at org.springframework.web.filter.ServletRequestPathFilter.doFilter(ServletRequestPathFilter.java:52)
	at org.springframework.web.filter.CompositeFilter$VirtualFilterChain.doFilter(CompositeFilter.java:113)
	at org.springframework.web.filter.CompositeFilter.doFilter(CompositeFilter.java:74)
	at org.springframework.security.config.annotation.web.configuration.WebSecurityConfiguration$CompositeFilterChainProxy.doFilter(WebSecurityConfiguration.java:319)
	at org.springframework.web.filter.CompositeFilter$VirtualFilterChain.doFilter(CompositeFilter.java:113)
	at org.springframework.web.servlet.handler.HandlerMappingIntrospector.lambda$createCacheFilter$4(HandlerMappingIntrospector.java:267)
	at org.springframework.web.filter.CompositeFilter$VirtualFilterChain.doFilter(CompositeFilter.java:113)
	at org.springframework.web.filter.CompositeFilter.doFilter(CompositeFilter.java:74)
	at org.springframework.security.config.annotation.web.configuration.WebMvcSecurityConfiguration$CompositeFilterChainProxy.doFilter(WebMvcSecurityConfiguration.java:240)
	at org.springframework.web.filter.DelegatingFilterProxy.invokeDelegate(DelegatingFilterProxy.java:362)
	at org.springframework.web.filter.DelegatingFilterProxy.doFilter(DelegatingFilterProxy.java:278)
	at org.apache.catalina.core.ApplicationFilterChain.internalDoFilter(ApplicationFilterChain.java:162)
	at org.apache.catalina.core.ApplicationFilterChain.doFilter(ApplicationFilterChain.java:138)
	at org.springframework.web.filter.RequestContextFilter.doFilterInternal(RequestContextFilter.java:100)
	at org.springframework.web.filter.OncePerRequestFilter.doFilter(OncePerRequestFilter.java:116)
	at org.apache.catalina.core.ApplicationFilterChain.internalDoFilter(ApplicationFilterChain.java:162)
	at org.apache.catalina.core.ApplicationFilterChain.doFilter(ApplicationFilterChain.java:138)
	at org.springframework.web.filter.FormContentFilter.doFilterInternal(FormContentFilter.java:93)
	at org.springframework.web.filter.OncePerRequestFilter.doFilter(OncePerRequestFilter.java:116)
	at org.apache.catalina.core.ApplicationFilterChain.internalDoFilter(ApplicationFilterChain.java:162)
	at org.apache.catalina.core.ApplicationFilterChain.doFilter(ApplicationFilterChain.java:138)
	at org.springframework.web.filter.CharacterEncodingFilter.doFilterInternal(CharacterEncodingFilter.java:201)
	at org.springframework.web.filter.OncePerRequestFilter.doFilter(OncePerRequestFilter.java:116)
	at org.apache.catalina.core.ApplicationFilterChain.internalDoFilter(ApplicationFilterChain.java:162)
	at org.apache.catalina.core.ApplicationFilterChain.doFilter(ApplicationFilterChain.java:138)
	at org.apache.catalina.core.StandardWrapperValve.invoke(StandardWrapperValve.java:165)
	at org.apache.catalina.core.StandardContextValve.invoke(StandardContextValve.java:88)
	at org.apache.catalina.authenticator.AuthenticatorBase.invoke(AuthenticatorBase.java:492)
	at org.apache.catalina.core.StandardHostValve.invoke(StandardHostValve.java:113)
	at org.apache.catalina.valves.ErrorReportValve.invoke(ErrorReportValve.java:83)
	at org.apache.catalina.core.StandardEngineValve.invoke(StandardEngineValve.java:72)
	at org.apache.catalina.connector.CoyoteAdapter.service(CoyoteAdapter.java:342)
	at org.apache.coyote.http11.Http11Processor.service(Http11Processor.java:399)
	at org.apache.coyote.AbstractProcessorLight.process(AbstractProcessorLight.java:63)
	at org.apache.coyote.AbstractProtocol$ConnectionHandler.process(AbstractProtocol.java:903)
	at org.apache.tomcat.util.net.NioEndpoint$SocketProcessor.doRun(NioEndpoint.java:1775)
	at org.apache.tomcat.util.net.SocketProcessorBase.run(SocketProcessorBase.java:52)
	at org.apache.tomcat.util.threads.ThreadPoolExecutor.runWorker(ThreadPoolExecutor.java:973)
	at org.apache.tomcat.util.threads.ThreadPoolExecutor$Worker.run(ThreadPoolExecutor.java:491)
	at org.apache.tomcat.util.threads.TaskThread$WrappingRunnable.run(TaskThread.java:63)
	at java.base/java.lang.Thread.run(Thread.java:840)
12:13:11.197 -------- [http-nio-8080-exec-6] --- DEBUG --- o.s.security.web.FilterChainProxy -------- Securing GET /user/get-weather 
12:13:11.291 -------- [http-nio-8080-exec-6] --- DEBUG --- o.s.s.a.d.DaoAuthenticationProvider -------- Authenticated user 
12:13:11.292 -------- [http-nio-8080-exec-6] --- DEBUG --- o.s.s.w.a.w.BasicAuthenticationFilter -------- Set SecurityContextHolder to UsernamePasswordAuthenticationToken [Principal=org.springframework.security.core.userdetails.User [Username=david, Password=[PROTECTED], Enabled=true, AccountNonExpired=true, CredentialsNonExpired=true, AccountNonLocked=true, Granted Authorities=[ROLE_ADMIN, ROLE_USER]], Credentials=[PROTECTED], Authenticated=true, Details=WebAuthenticationDetails [RemoteIpAddress=0:0:0:0:0:0:0:1, SessionId=null], Granted Authorities=[ROLE_ADMIN, ROLE_USER]] 
12:13:11.292 -------- [http-nio-8080-exec-6] --- DEBUG --- o.s.security.web.FilterChainProxy -------- Secured GET /user/get-weather 
12:13:11.295 -------- [http-nio-8080-exec-6] --- ERROR --- c.app.journal.service.RedisService -------- error  
com.fasterxml.jackson.core.JsonParseException: Unrecognized token 'WeatherResponse': was expecting (JSON String, Number, Array, Object or token 'null', 'true' or 'false')
 at [Source: REDACTED (`StreamReadFeature.INCLUDE_SOURCE_IN_LOCATION` disabled); line: 1, column: 16]
	at com.fasterxml.jackson.core.JsonParser._constructError(JsonParser.java:2596)
	at com.fasterxml.jackson.core.JsonParser._constructReadException(JsonParser.java:2622)
	at com.fasterxml.jackson.core.JsonParser._constructReadException(JsonParser.java:2630)
	at com.fasterxml.jackson.core.base.ParserMinimalBase._reportError(ParserMinimalBase.java:830)
	at com.fasterxml.jackson.core.json.ReaderBasedJsonParser._reportInvalidToken(ReaderBasedJsonParser.java:3017)
	at com.fasterxml.jackson.core.json.ReaderBasedJsonParser._handleOddValue(ReaderBasedJsonParser.java:2051)
	at com.fasterxml.jackson.core.json.ReaderBasedJsonParser.nextToken(ReaderBasedJsonParser.java:780)
	at com.fasterxml.jackson.databind.ObjectMapper._initForReading(ObjectMapper.java:5066)
	at com.fasterxml.jackson.databind.ObjectMapper._readMapAndClose(ObjectMapper.java:4969)
	at com.fasterxml.jackson.databind.ObjectMapper.readValue(ObjectMapper.java:3895)
	at com.fasterxml.jackson.databind.ObjectMapper.readValue(ObjectMapper.java:3863)
	at com.app.journal.service.RedisService.get(RedisService.java:23)
	at com.app.journal.service.WeatherService.getWeather(WeatherService.java:32)
	at com.app.journal.controller.UserController.getweather(UserController.java:71)
	at java.base/jdk.internal.reflect.NativeMethodAccessorImpl.invoke0(Native Method)
	at java.base/jdk.internal.reflect.NativeMethodAccessorImpl.invoke(NativeMethodAccessorImpl.java:77)
	at java.base/jdk.internal.reflect.DelegatingMethodAccessorImpl.invoke(DelegatingMethodAccessorImpl.java:43)
	at java.base/java.lang.reflect.Method.invoke(Method.java:569)
	at org.springframework.web.method.support.InvocableHandlerMethod.doInvoke(InvocableHandlerMethod.java:258)
	at org.springframework.web.method.support.InvocableHandlerMethod.invokeForRequest(InvocableHandlerMethod.java:191)
	at org.springframework.web.servlet.mvc.method.annotation.ServletInvocableHandlerMethod.invokeAndHandle(ServletInvocableHandlerMethod.java:118)
	at org.springframework.web.servlet.mvc.method.annotation.RequestMappingHandlerAdapter.invokeHandlerMethod(RequestMappingHandlerAdapter.java:991)
	at org.springframework.web.servlet.mvc.method.annotation.RequestMappingHandlerAdapter.handleInternal(RequestMappingHandlerAdapter.java:896)
	at org.springframework.web.servlet.mvc.method.AbstractHandlerMethodAdapter.handle(AbstractHandlerMethodAdapter.java:87)
	at org.springframework.web.servlet.DispatcherServlet.doDispatch(DispatcherServlet.java:1089)
	at org.springframework.web.servlet.DispatcherServlet.doService(DispatcherServlet.java:979)
	at org.springframework.web.servlet.FrameworkServlet.processRequest(FrameworkServlet.java:1014)
	at org.springframework.web.servlet.FrameworkServlet.doGet(FrameworkServlet.java:903)
	at jakarta.servlet.http.HttpServlet.service(HttpServlet.java:564)
	at org.springframework.web.servlet.FrameworkServlet.service(FrameworkServlet.java:885)
	at jakarta.servlet.http.HttpServlet.service(HttpServlet.java:658)
	at org.apache.catalina.core.ApplicationFilterChain.internalDoFilter(ApplicationFilterChain.java:193)
	at org.apache.catalina.core.ApplicationFilterChain.doFilter(ApplicationFilterChain.java:138)
	at org.apache.tomcat.websocket.server.WsFilter.doFilter(WsFilter.java:51)
	at org.apache.catalina.core.ApplicationFilterChain.internalDoFilter(ApplicationFilterChain.java:162)
	at org.apache.catalina.core.ApplicationFilterChain.doFilter(ApplicationFilterChain.java:138)
	at org.springframework.web.filter.CompositeFilter$VirtualFilterChain.doFilter(CompositeFilter.java:108)
	at org.springframework.web.filter.CompositeFilter$VirtualFilterChain.doFilter(CompositeFilter.java:108)
	at org.springframework.security.web.FilterChainProxy.lambda$doFilterInternal$3(FilterChainProxy.java:231)
	at org.springframework.security.web.FilterChainProxy$VirtualFilterChain.doFilter(FilterChainProxy.java:365)
	at org.springframework.security.web.access.intercept.AuthorizationFilter.doFilter(AuthorizationFilter.java:101)
	at org.springframework.security.web.FilterChainProxy$VirtualFilterChain.doFilter(FilterChainProxy.java:374)
	at org.springframework.security.web.access.ExceptionTranslationFilter.doFilter(ExceptionTranslationFilter.java:125)
	at org.springframework.security.web.access.ExceptionTranslationFilter.doFilter(ExceptionTranslationFilter.java:119)
	at org.springframework.security.web.FilterChainProxy$VirtualFilterChain.doFilter(FilterChainProxy.java:374)
	at org.springframework.security.web.authentication.AnonymousAuthenticationFilter.doFilter(AnonymousAuthenticationFilter.java:100)
	at org.springframework.security.web.FilterChainProxy$VirtualFilterChain.doFilter(FilterChainProxy.java:374)
	at org.springframework.security.web.servletapi.SecurityContextHolderAwareRequestFilter.doFilter(SecurityContextHolderAwareRequestFilter.java:179)
	at org.springframework.security.web.FilterChainProxy$VirtualFilterChain.doFilter(FilterChainProxy.java:374)
	at org.springframework.security.web.savedrequest.RequestCacheAwareFilter.doFilter(RequestCacheAwareFilter.java:63)
	at org.springframework.security.web.FilterChainProxy$VirtualFilterChain.doFilter(FilterChainProxy.java:374)
	at org.springframework.security.web.authentication.www.BasicAuthenticationFilter.doFilterInternal(BasicAuthenticationFilter.java:213)
	at org.springframework.web.filter.OncePerRequestFilter.doFilter(OncePerRequestFilter.java:116)
	at org.springframework.security.web.FilterChainProxy$VirtualFilterChain.doFilter(FilterChainProxy.java:374)
	at org.springframework.security.web.authentication.logout.LogoutFilter.doFilter(LogoutFilter.java:107)
	at org.springframework.security.web.authentication.logout.LogoutFilter.doFilter(LogoutFilter.java:93)
	at org.springframework.security.web.FilterChainProxy$VirtualFilterChain.doFilter(FilterChainProxy.java:374)
	at org.springframework.security.web.header.HeaderWriterFilter.doHeadersAfter(HeaderWriterFilter.java:90)
	at org.springframework.security.web.header.HeaderWriterFilter.doFilterInternal(HeaderWriterFilter.java:75)
	at org.springframework.web.filter.OncePerRequestFilter.doFilter(OncePerRequestFilter.java:116)
	at org.springframework.security.web.FilterChainProxy$VirtualFilterChain.doFilter(FilterChainProxy.java:374)
	at org.springframework.security.web.context.SecurityContextHolderFilter.doFilter(SecurityContextHolderFilter.java:82)
	at org.springframework.security.web.context.SecurityContextHolderFilter.doFilter(SecurityContextHolderFilter.java:69)
	at org.springframework.security.web.FilterChainProxy$VirtualFilterChain.doFilter(FilterChainProxy.java:374)
	at org.springframework.security.web.context.request.async.WebAsyncManagerIntegrationFilter.doFilterInternal(WebAsyncManagerIntegrationFilter.java:62)
	at org.springframework.web.filter.OncePerRequestFilter.doFilter(OncePerRequestFilter.java:116)
	at org.springframework.security.web.FilterChainProxy$VirtualFilterChain.doFilter(FilterChainProxy.java:374)
	at org.springframework.security.web.session.DisableEncodeUrlFilter.doFilterInternal(DisableEncodeUrlFilter.java:42)
	at org.springframework.web.filter.OncePerRequestFilter.doFilter(OncePerRequestFilter.java:116)
	at org.springframework.security.web.FilterChainProxy$VirtualFilterChain.doFilter(FilterChainProxy.java:374)
	at org.springframework.security.web.FilterChainProxy.doFilterInternal(FilterChainProxy.java:233)
	at org.springframework.security.web.FilterChainProxy.doFilter(FilterChainProxy.java:191)
	at org.springframework.web.filter.CompositeFilter$VirtualFilterChain.doFilter(CompositeFilter.java:113)
	at org.springframework.web.filter.ServletRequestPathFilter.doFilter(ServletRequestPathFilter.java:52)
	at org.springframework.web.filter.CompositeFilter$VirtualFilterChain.doFilter(CompositeFilter.java:113)
	at org.springframework.web.filter.CompositeFilter.doFilter(CompositeFilter.java:74)
	at org.springframework.security.config.annotation.web.configuration.WebSecurityConfiguration$CompositeFilterChainProxy.doFilter(WebSecurityConfiguration.java:319)
	at org.springframework.web.filter.CompositeFilter$VirtualFilterChain.doFilter(CompositeFilter.java:113)
	at org.springframework.web.servlet.handler.HandlerMappingIntrospector.lambda$createCacheFilter$4(HandlerMappingIntrospector.java:267)
	at org.springframework.web.filter.CompositeFilter$VirtualFilterChain.doFilter(CompositeFilter.java:113)
	at org.springframework.web.filter.CompositeFilter.doFilter(CompositeFilter.java:74)
	at org.springframework.security.config.annotation.web.configuration.WebMvcSecurityConfiguration$CompositeFilterChainProxy.doFilter(WebMvcSecurityConfiguration.java:240)
	at org.springframework.web.filter.DelegatingFilterProxy.invokeDelegate(DelegatingFilterProxy.java:362)
	at org.springframework.web.filter.DelegatingFilterProxy.doFilter(DelegatingFilterProxy.java:278)
	at org.apache.catalina.core.ApplicationFilterChain.internalDoFilter(ApplicationFilterChain.java:162)
	at org.apache.catalina.core.ApplicationFilterChain.doFilter(ApplicationFilterChain.java:138)
	at org.springframework.web.filter.RequestContextFilter.doFilterInternal(RequestContextFilter.java:100)
	at org.springframework.web.filter.OncePerRequestFilter.doFilter(OncePerRequestFilter.java:116)
	at org.apache.catalina.core.ApplicationFilterChain.internalDoFilter(ApplicationFilterChain.java:162)
	at org.apache.catalina.core.ApplicationFilterChain.doFilter(ApplicationFilterChain.java:138)
	at org.springframework.web.filter.FormContentFilter.doFilterInternal(FormContentFilter.java:93)
	at org.springframework.web.filter.OncePerRequestFilter.doFilter(OncePerRequestFilter.java:116)
	at org.apache.catalina.core.ApplicationFilterChain.internalDoFilter(ApplicationFilterChain.java:162)
	at org.apache.catalina.core.ApplicationFilterChain.doFilter(ApplicationFilterChain.java:138)
	at org.springframework.web.filter.CharacterEncodingFilter.doFilterInternal(CharacterEncodingFilter.java:201)
	at org.springframework.web.filter.OncePerRequestFilter.doFilter(OncePerRequestFilter.java:116)
	at org.apache.catalina.core.ApplicationFilterChain.internalDoFilter(ApplicationFilterChain.java:162)
	at org.apache.catalina.core.ApplicationFilterChain.doFilter(ApplicationFilterChain.java:138)
	at org.apache.catalina.core.StandardWrapperValve.invoke(StandardWrapperValve.java:165)
	at org.apache.catalina.core.StandardContextValve.invoke(StandardContextValve.java:88)
	at org.apache.catalina.authenticator.AuthenticatorBase.invoke(AuthenticatorBase.java:492)
	at org.apache.catalina.core.StandardHostValve.invoke(StandardHostValve.java:113)
	at org.apache.catalina.valves.ErrorReportValve.invoke(ErrorReportValve.java:83)
	at org.apache.catalina.core.StandardEngineValve.invoke(StandardEngineValve.java:72)
	at org.apache.catalina.connector.CoyoteAdapter.service(CoyoteAdapter.java:342)
	at org.apache.coyote.http11.Http11Processor.service(Http11Processor.java:399)
	at org.apache.coyote.AbstractProcessorLight.process(AbstractProcessorLight.java:63)
	at org.apache.coyote.AbstractProtocol$ConnectionHandler.process(AbstractProtocol.java:903)
	at org.apache.tomcat.util.net.NioEndpoint$SocketProcessor.doRun(NioEndpoint.java:1775)
	at org.apache.tomcat.util.net.SocketProcessorBase.run(SocketProcessorBase.java:52)
	at org.apache.tomcat.util.threads.ThreadPoolExecutor.runWorker(ThreadPoolExecutor.java:973)
	at org.apache.tomcat.util.threads.ThreadPoolExecutor$Worker.run(ThreadPoolExecutor.java:491)
	at org.apache.tomcat.util.threads.TaskThread$WrappingRunnable.run(TaskThread.java:63)
	at java.base/java.lang.Thread.run(Thread.java:840)
12:25:15.810 -------- [cluster-ClusterId{value='69ba491de642bf08a4e70af2', description='Cluster0'}-ac-jcz0paw-shard-00-01.b7jb1jb.mongodb.net:27017] --- INFO  --- org.mongodb.driver.cluster -------- Exception in monitor thread while connecting to server ac-jcz0paw-shard-00-01.b7jb1jb.mongodb.net:27017 
com.mongodb.MongoSocketReadException: Exception receiving message
	at com.mongodb.internal.connection.InternalStreamConnection.translateReadException(InternalStreamConnection.java:809)
	at com.mongodb.internal.connection.InternalStreamConnection.receiveResponseBuffers(InternalStreamConnection.java:857)
	at com.mongodb.internal.connection.InternalStreamConnection.receiveCommandMessageResponse(InternalStreamConnection.java:517)
	at com.mongodb.internal.connection.InternalStreamConnection.receive(InternalStreamConnection.java:469)
	at com.mongodb.internal.connection.DefaultServerMonitor$ServerMonitor.lookupServerDescription(DefaultServerMonitor.java:249)
	at com.mongodb.internal.connection.DefaultServerMonitor$ServerMonitor.run(DefaultServerMonitor.java:176)
Caused by: java.net.SocketException: Connection reset
	at java.base/sun.nio.ch.NioSocketImpl.implRead(NioSocketImpl.java:328)
	at java.base/sun.nio.ch.NioSocketImpl.read(NioSocketImpl.java:355)
	at java.base/sun.nio.ch.NioSocketImpl$1.read(NioSocketImpl.java:808)
	at java.base/java.net.Socket$SocketInputStream.read(Socket.java:966)
	at java.base/sun.security.ssl.SSLSocketInputRecord.read(SSLSocketInputRecord.java:484)
	at java.base/sun.security.ssl.SSLSocketInputRecord.readHeader(SSLSocketInputRecord.java:478)
	at java.base/sun.security.ssl.SSLSocketInputRecord.bytesInCompletePacket(SSLSocketInputRecord.java:70)
	at java.base/sun.security.ssl.SSLSocketImpl.readApplicationRecord(SSLSocketImpl.java:1465)
	at java.base/sun.security.ssl.SSLSocketImpl$AppInputStream.read(SSLSocketImpl.java:1069)
	at com.mongodb.internal.connection.SocketStream.read(SocketStream.java:182)
	at com.mongodb.internal.connection.InternalStreamConnection.receiveResponseBuffers(InternalStreamConnection.java:824)
	... 4 common frames omitted
12:25:15.811 -------- [cluster-ClusterId{value='69ba491de642bf08a4e70af2', description='Cluster0'}-ac-jcz0paw-shard-00-00.b7jb1jb.mongodb.net:27017] --- INFO  --- org.mongodb.driver.cluster -------- Exception in monitor thread while connecting to server ac-jcz0paw-shard-00-00.b7jb1jb.mongodb.net:27017 
com.mongodb.MongoSocketReadException: Exception receiving message
	at com.mongodb.internal.connection.InternalStreamConnection.translateReadException(InternalStreamConnection.java:809)
	at com.mongodb.internal.connection.InternalStreamConnection.receiveResponseBuffers(InternalStreamConnection.java:857)
	at com.mongodb.internal.connection.InternalStreamConnection.receiveCommandMessageResponse(InternalStreamConnection.java:517)
	at com.mongodb.internal.connection.InternalStreamConnection.receive(InternalStreamConnection.java:469)
	at com.mongodb.internal.connection.DefaultServerMonitor$ServerMonitor.lookupServerDescription(DefaultServerMonitor.java:249)
	at com.mongodb.internal.connection.DefaultServerMonitor$ServerMonitor.run(DefaultServerMonitor.java:176)
Caused by: java.net.SocketException: Connection reset
	at java.base/sun.nio.ch.NioSocketImpl.implRead(NioSocketImpl.java:328)
	at java.base/sun.nio.ch.NioSocketImpl.read(NioSocketImpl.java:355)
	at java.base/sun.nio.ch.NioSocketImpl$1.read(NioSocketImpl.java:808)
	at java.base/java.net.Socket$SocketInputStream.read(Socket.java:966)
	at java.base/sun.security.ssl.SSLSocketInputRecord.read(SSLSocketInputRecord.java:484)
	at java.base/sun.security.ssl.SSLSocketInputRecord.readHeader(SSLSocketInputRecord.java:478)
	at java.base/sun.security.ssl.SSLSocketInputRecord.bytesInCompletePacket(SSLSocketInputRecord.java:70)
	at java.base/sun.security.ssl.SSLSocketImpl.readApplicationRecord(SSLSocketImpl.java:1465)
	at java.base/sun.security.ssl.SSLSocketImpl$AppInputStream.read(SSLSocketImpl.java:1069)
	at com.mongodb.internal.connection.SocketStream.read(SocketStream.java:182)
	at com.mongodb.internal.connection.InternalStreamConnection.receiveResponseBuffers(InternalStreamConnection.java:824)
	... 4 common frames omitted
12:25:15.810 -------- [cluster-ClusterId{value='69ba491de642bf08a4e70af2', description='Cluster0'}-ac-jcz0paw-shard-00-02.b7jb1jb.mongodb.net:27017] --- INFO  --- org.mongodb.driver.cluster -------- Exception in monitor thread while connecting to server ac-jcz0paw-shard-00-02.b7jb1jb.mongodb.net:27017 
com.mongodb.MongoSocketReadException: Exception receiving message
	at com.mongodb.internal.connection.InternalStreamConnection.translateReadException(InternalStreamConnection.java:809)
	at com.mongodb.internal.connection.InternalStreamConnection.receiveResponseBuffers(InternalStreamConnection.java:857)
	at com.mongodb.internal.connection.InternalStreamConnection.receiveCommandMessageResponse(InternalStreamConnection.java:517)
	at com.mongodb.internal.connection.InternalStreamConnection.receive(InternalStreamConnection.java:469)
	at com.mongodb.internal.connection.DefaultServerMonitor$ServerMonitor.lookupServerDescription(DefaultServerMonitor.java:249)
	at com.mongodb.internal.connection.DefaultServerMonitor$ServerMonitor.run(DefaultServerMonitor.java:176)
Caused by: java.net.SocketException: Connection reset
	at java.base/sun.nio.ch.NioSocketImpl.implRead(NioSocketImpl.java:328)
	at java.base/sun.nio.ch.NioSocketImpl.read(NioSocketImpl.java:355)
	at java.base/sun.nio.ch.NioSocketImpl$1.read(NioSocketImpl.java:808)
	at java.base/java.net.Socket$SocketInputStream.read(Socket.java:966)
	at java.base/sun.security.ssl.SSLSocketInputRecord.read(SSLSocketInputRecord.java:484)
	at java.base/sun.security.ssl.SSLSocketInputRecord.readHeader(SSLSocketInputRecord.java:478)
	at java.base/sun.security.ssl.SSLSocketInputRecord.bytesInCompletePacket(SSLSocketInputRecord.java:70)
	at java.base/sun.security.ssl.SSLSocketImpl.readApplicationRecord(SSLSocketImpl.java:1465)
	at java.base/sun.security.ssl.SSLSocketImpl$AppInputStream.read(SSLSocketImpl.java:1069)
	at com.mongodb.internal.connection.SocketStream.read(SocketStream.java:182)
	at com.mongodb.internal.connection.InternalStreamConnection.receiveResponseBuffers(InternalStreamConnection.java:824)
	... 4 common frames omitted
12:25:15.829 -------- [cluster-ClusterId{value='69ba491de642bf08a4e70af2', description='Cluster0'}-ac-jcz0paw-shard-00-00.b7jb1jb.mongodb.net:27017] --- INFO  --- org.mongodb.driver.cluster -------- Exception in monitor thread while connecting to server ac-jcz0paw-shard-00-00.b7jb1jb.mongodb.net:27017 
com.mongodb.MongoSocketException: No such host is known (ac-jcz0paw-shard-00-00.b7jb1jb.mongodb.net)
	at com.mongodb.internal.connection.ServerAddressHelper.getSocketAddresses(ServerAddressHelper.java:75)
	at com.mongodb.internal.connection.SocketStream.initializeSocket(SocketStream.java:100)
	at com.mongodb.internal.connection.SocketStream.open(SocketStream.java:79)
	at com.mongodb.internal.connection.InternalStreamConnection.open(InternalStreamConnection.java:233)
	at com.mongodb.internal.connection.DefaultServerMonitor$ServerMonitor.lookupServerDescription(DefaultServerMonitor.java:219)
	at com.mongodb.internal.connection.DefaultServerMonitor$ServerMonitor.run(DefaultServerMonitor.java:176)
Caused by: java.net.UnknownHostException: No such host is known (ac-jcz0paw-shard-00-00.b7jb1jb.mongodb.net)
	at java.base/java.net.Inet6AddressImpl.lookupAllHostAddr(Native Method)
	at java.base/java.net.InetAddress$PlatformNameService.lookupAllHostAddr(InetAddress.java:934)
	at java.base/java.net.InetAddress.getAddressesFromNameService(InetAddress.java:1543)
	at java.base/java.net.InetAddress$NameServiceAddresses.get(InetAddress.java:852)
	at java.base/java.net.InetAddress.getAllByName0(InetAddress.java:1533)
	at java.base/java.net.InetAddress.getAllByName(InetAddress.java:1385)
	at java.base/java.net.InetAddress.getAllByName(InetAddress.java:1306)
	at com.mongodb.internal.connection.DefaultInetAddressResolver.lookupByName(DefaultInetAddressResolver.java:34)
	at com.mongodb.internal.connection.ServerAddressHelper.getSocketAddresses(ServerAddressHelper.java:71)
	... 5 common frames omitted
12:25:15.829 -------- [cluster-ClusterId{value='69ba491de642bf08a4e70af2', description='Cluster0'}-ac-jcz0paw-shard-00-01.b7jb1jb.mongodb.net:27017] --- INFO  --- org.mongodb.driver.cluster -------- Exception in monitor thread while connecting to server ac-jcz0paw-shard-00-01.b7jb1jb.mongodb.net:27017 
com.mongodb.MongoSocketException: No such host is known (ac-jcz0paw-shard-00-01.b7jb1jb.mongodb.net)
	at com.mongodb.internal.connection.ServerAddressHelper.getSocketAddresses(ServerAddressHelper.java:75)
	at com.mongodb.internal.connection.SocketStream.initializeSocket(SocketStream.java:100)
	at com.mongodb.internal.connection.SocketStream.open(SocketStream.java:79)
	at com.mongodb.internal.connection.InternalStreamConnection.open(InternalStreamConnection.java:233)
	at com.mongodb.internal.connection.DefaultServerMonitor$ServerMonitor.lookupServerDescription(DefaultServerMonitor.java:219)
	at com.mongodb.internal.connection.DefaultServerMonitor$ServerMonitor.run(DefaultServerMonitor.java:176)
Caused by: java.net.UnknownHostException: No such host is known (ac-jcz0paw-shard-00-01.b7jb1jb.mongodb.net)
	at java.base/java.net.Inet6AddressImpl.lookupAllHostAddr(Native Method)
	at java.base/java.net.InetAddress$PlatformNameService.lookupAllHostAddr(InetAddress.java:934)
	at java.base/java.net.InetAddress.getAddressesFromNameService(InetAddress.java:1543)
	at java.base/java.net.InetAddress$NameServiceAddresses.get(InetAddress.java:852)
	at java.base/java.net.InetAddress.getAllByName0(InetAddress.java:1533)
	at java.base/java.net.InetAddress.getAllByName(InetAddress.java:1385)
	at java.base/java.net.InetAddress.getAllByName(InetAddress.java:1306)
	at com.mongodb.internal.connection.DefaultInetAddressResolver.lookupByName(DefaultInetAddressResolver.java:34)
	at com.mongodb.internal.connection.ServerAddressHelper.getSocketAddresses(ServerAddressHelper.java:71)
	... 5 common frames omitted
12:25:15.837 -------- [cluster-ClusterId{value='69ba491de642bf08a4e70af2', description='Cluster0'}-ac-jcz0paw-shard-00-02.b7jb1jb.mongodb.net:27017] --- INFO  --- org.mongodb.driver.cluster -------- Exception in monitor thread while connecting to server ac-jcz0paw-shard-00-02.b7jb1jb.mongodb.net:27017 
com.mongodb.MongoSocketException: No such host is known (ac-jcz0paw-shard-00-02.b7jb1jb.mongodb.net)
	at com.mongodb.internal.connection.ServerAddressHelper.getSocketAddresses(ServerAddressHelper.java:75)
	at com.mongodb.internal.connection.SocketStream.initializeSocket(SocketStream.java:100)
	at com.mongodb.internal.connection.SocketStream.open(SocketStream.java:79)
	at com.mongodb.internal.connection.InternalStreamConnection.open(InternalStreamConnection.java:233)
	at com.mongodb.internal.connection.DefaultServerMonitor$ServerMonitor.lookupServerDescription(DefaultServerMonitor.java:219)
	at com.mongodb.internal.connection.DefaultServerMonitor$ServerMonitor.run(DefaultServerMonitor.java:176)
Caused by: java.net.UnknownHostException: No such host is known (ac-jcz0paw-shard-00-02.b7jb1jb.mongodb.net)
	at java.base/java.net.Inet6AddressImpl.lookupAllHostAddr(Native Method)
	at java.base/java.net.InetAddress$PlatformNameService.lookupAllHostAddr(InetAddress.java:934)
	at java.base/java.net.InetAddress.getAddressesFromNameService(InetAddress.java:1543)
	at java.base/java.net.InetAddress$NameServiceAddresses.get(InetAddress.java:852)
	at java.base/java.net.InetAddress.getAllByName0(InetAddress.java:1533)
	at java.base/java.net.InetAddress.getAllByName(InetAddress.java:1385)
	at java.base/java.net.InetAddress.getAllByName(InetAddress.java:1306)
	at com.mongodb.internal.connection.DefaultInetAddressResolver.lookupByName(DefaultInetAddressResolver.java:34)
	at com.mongodb.internal.connection.ServerAddressHelper.getSocketAddresses(ServerAddressHelper.java:71)
	... 5 common frames omitted
12:25:26.102 -------- [cluster-ClusterId{value='69ba491de642bf08a4e70af2', description='Cluster0'}-ac-jcz0paw-shard-00-00.b7jb1jb.mongodb.net:27017] --- INFO  --- org.mongodb.driver.cluster -------- Monitor thread successfully connected to server with description ServerDescription{address=ac-jcz0paw-shard-00-00.b7jb1jb.mongodb.net:27017, type=REPLICA_SET_SECONDARY, cryptd=false, state=CONNECTED, ok=true, minWireVersion=0, maxWireVersion=25, maxDocumentSize=16777216, logicalSessionTimeoutMinutes=30, roundTripTimeNanos=134441200, minRoundTripTimeNanos=0, setName='atlas-10vsg5-shard-0', canonicalAddress=ac-jcz0paw-shard-00-00.b7jb1jb.mongodb.net:27017, hosts=[ac-jcz0paw-shard-00-01.b7jb1jb.mongodb.net:27017, ac-jcz0paw-shard-00-02.b7jb1jb.mongodb.net:27017, ac-jcz0paw-shard-00-00.b7jb1jb.mongodb.net:27017], passives=[], arbiters=[], primary='ac-jcz0paw-shard-00-02.b7jb1jb.mongodb.net:27017', tagSet=TagSet{[Tag{name='availabilityZone', value='aps1-az1'}, Tag{name='diskState', value='READY'}, Tag{name='nodeType', value='ELECTABLE'}, Tag{name='provider', value='AWS'}, Tag{name='region', value='AP_SOUTH_1'}, Tag{name='workloadType', value='OPERATIONAL'}]}, electionId=null, setVersion=57, topologyVersion=TopologyVersion{processId=69b30fd5ea006f2a16d8bf3e, counter=4}, lastWriteDate=Wed Mar 18 12:25:26 IST 2026, lastUpdateTimeNanos=1604722242717200} 
12:25:26.113 -------- [cluster-ClusterId{value='69ba491de642bf08a4e70af2', description='Cluster0'}-ac-jcz0paw-shard-00-02.b7jb1jb.mongodb.net:27017] --- INFO  --- org.mongodb.driver.cluster -------- Monitor thread successfully connected to server with description ServerDescription{address=ac-jcz0paw-shard-00-02.b7jb1jb.mongodb.net:27017, type=REPLICA_SET_PRIMARY, cryptd=false, state=CONNECTED, ok=true, minWireVersion=0, maxWireVersion=25, maxDocumentSize=16777216, logicalSessionTimeoutMinutes=30, roundTripTimeNanos=146547300, minRoundTripTimeNanos=0, setName='atlas-10vsg5-shard-0', canonicalAddress=ac-jcz0paw-shard-00-02.b7jb1jb.mongodb.net:27017, hosts=[ac-jcz0paw-shard-00-01.b7jb1jb.mongodb.net:27017, ac-jcz0paw-shard-00-02.b7jb1jb.mongodb.net:27017, ac-jcz0paw-shard-00-00.b7jb1jb.mongodb.net:27017], passives=[], arbiters=[], primary='ac-jcz0paw-shard-00-02.b7jb1jb.mongodb.net:27017', tagSet=TagSet{[Tag{name='availabilityZone', value='aps1-az2'}, Tag{name='diskState', value='READY'}, Tag{name='nodeType', value='ELECTABLE'}, Tag{name='provider', value='AWS'}, Tag{name='region', value='AP_SOUTH_1'}, Tag{name='workloadType', value='OPERATIONAL'}]}, electionId=7fffffff00000000000000dc, setVersion=57, topologyVersion=TopologyVersion{processId=69b311ad332d80e6a3807b8e, counter=6}, lastWriteDate=Wed Mar 18 12:25:26 IST 2026, lastUpdateTimeNanos=1604722254842100} 
12:25:26.117 -------- [cluster-ClusterId{value='69ba491de642bf08a4e70af2', description='Cluster0'}-ac-jcz0paw-shard-00-02.b7jb1jb.mongodb.net:27017] --- INFO  --- org.mongodb.driver.cluster -------- Discovered replica set primary ac-jcz0paw-shard-00-02.b7jb1jb.mongodb.net:27017 with max election id 7fffffff00000000000000dc and max set version 57 
12:25:27.500 -------- [cluster-ClusterId{value='69ba491de642bf08a4e70af2', description='Cluster0'}-ac-jcz0paw-shard-00-01.b7jb1jb.mongodb.net:27017] --- INFO  --- org.mongodb.driver.cluster -------- Monitor thread successfully connected to server with description ServerDescription{address=ac-jcz0paw-shard-00-01.b7jb1jb.mongodb.net:27017, type=REPLICA_SET_SECONDARY, cryptd=false, state=CONNECTED, ok=true, minWireVersion=0, maxWireVersion=25, maxDocumentSize=16777216, logicalSessionTimeoutMinutes=30, roundTripTimeNanos=111281000, minRoundTripTimeNanos=0, setName='atlas-10vsg5-shard-0', canonicalAddress=ac-jcz0paw-shard-00-01.b7jb1jb.mongodb.net:27017, hosts=[ac-jcz0paw-shard-00-01.b7jb1jb.mongodb.net:27017, ac-jcz0paw-shard-00-02.b7jb1jb.mongodb.net:27017, ac-jcz0paw-shard-00-00.b7jb1jb.mongodb.net:27017], passives=[], arbiters=[], primary='ac-jcz0paw-shard-00-02.b7jb1jb.mongodb.net:27017', tagSet=TagSet{[Tag{name='availabilityZone', value='aps1-az3'}, Tag{name='diskState', value='READY'}, Tag{name='nodeType', value='ELECTABLE'}, Tag{name='provider', value='AWS'}, Tag{name='region', value='AP_SOUTH_1'}, Tag{name='workloadType', value='OPERATIONAL'}]}, electionId=null, setVersion=57, topologyVersion=TopologyVersion{processId=69b3142d06876aecd9b70acd, counter=3}, lastWriteDate=Wed Mar 18 12:25:27 IST 2026, lastUpdateTimeNanos=1604723641662900} 
12:48:54.457 -------- [cluster-ClusterId{value='69ba491de642bf08a4e70af2', description='Cluster0'}-ac-jcz0paw-shard-00-02.b7jb1jb.mongodb.net:27017] --- INFO  --- org.mongodb.driver.cluster -------- Exception in monitor thread while connecting to server ac-jcz0paw-shard-00-02.b7jb1jb.mongodb.net:27017 
com.mongodb.MongoSocketReadException: Exception receiving message
	at com.mongodb.internal.connection.InternalStreamConnection.translateReadException(InternalStreamConnection.java:809)
	at com.mongodb.internal.connection.InternalStreamConnection.receiveResponseBuffers(InternalStreamConnection.java:857)
	at com.mongodb.internal.connection.InternalStreamConnection.receiveCommandMessageResponse(InternalStreamConnection.java:517)
	at com.mongodb.internal.connection.InternalStreamConnection.receive(InternalStreamConnection.java:469)
	at com.mongodb.internal.connection.DefaultServerMonitor$ServerMonitor.lookupServerDescription(DefaultServerMonitor.java:249)
	at com.mongodb.internal.connection.DefaultServerMonitor$ServerMonitor.run(DefaultServerMonitor.java:176)
Caused by: java.net.SocketException: Connection reset
	at java.base/sun.nio.ch.NioSocketImpl.implRead(NioSocketImpl.java:328)
	at java.base/sun.nio.ch.NioSocketImpl.read(NioSocketImpl.java:355)
	at java.base/sun.nio.ch.NioSocketImpl$1.read(NioSocketImpl.java:808)
	at java.base/java.net.Socket$SocketInputStream.read(Socket.java:966)
	at java.base/sun.security.ssl.SSLSocketInputRecord.read(SSLSocketInputRecord.java:484)
	at java.base/sun.security.ssl.SSLSocketInputRecord.readHeader(SSLSocketInputRecord.java:478)
	at java.base/sun.security.ssl.SSLSocketInputRecord.bytesInCompletePacket(SSLSocketInputRecord.java:70)
	at java.base/sun.security.ssl.SSLSocketImpl.readApplicationRecord(SSLSocketImpl.java:1465)
	at java.base/sun.security.ssl.SSLSocketImpl$AppInputStream.read(SSLSocketImpl.java:1069)
	at com.mongodb.internal.connection.SocketStream.read(SocketStream.java:182)
	at com.mongodb.internal.connection.InternalStreamConnection.receiveResponseBuffers(InternalStreamConnection.java:824)
	... 4 common frames omitted
12:48:54.754 -------- [cluster-ClusterId{value='69ba491de642bf08a4e70af2', description='Cluster0'}-ac-jcz0paw-shard-00-02.b7jb1jb.mongodb.net:27017] --- INFO  --- org.mongodb.driver.cluster -------- Exception in monitor thread while connecting to server ac-jcz0paw-shard-00-02.b7jb1jb.mongodb.net:27017 
com.mongodb.MongoSocketException: No such host is known (ac-jcz0paw-shard-00-02.b7jb1jb.mongodb.net)
	at com.mongodb.internal.connection.ServerAddressHelper.getSocketAddresses(ServerAddressHelper.java:75)
	at com.mongodb.internal.connection.SocketStream.initializeSocket(SocketStream.java:100)
	at com.mongodb.internal.connection.SocketStream.open(SocketStream.java:79)
	at com.mongodb.internal.connection.InternalStreamConnection.open(InternalStreamConnection.java:233)
	at com.mongodb.internal.connection.DefaultServerMonitor$ServerMonitor.lookupServerDescription(DefaultServerMonitor.java:219)
	at com.mongodb.internal.connection.DefaultServerMonitor$ServerMonitor.run(DefaultServerMonitor.java:176)
Caused by: java.net.UnknownHostException: No such host is known (ac-jcz0paw-shard-00-02.b7jb1jb.mongodb.net)
	at java.base/java.net.Inet6AddressImpl.lookupAllHostAddr(Native Method)
	at java.base/java.net.InetAddress$PlatformNameService.lookupAllHostAddr(InetAddress.java:934)
	at java.base/java.net.InetAddress.getAddressesFromNameService(InetAddress.java:1543)
	at java.base/java.net.InetAddress$NameServiceAddresses.get(InetAddress.java:852)
	at java.base/java.net.InetAddress.getAllByName0(InetAddress.java:1533)
	at java.base/java.net.InetAddress.getAllByName(InetAddress.java:1385)
	at java.base/java.net.InetAddress.getAllByName(InetAddress.java:1306)
	at com.mongodb.internal.connection.DefaultInetAddressResolver.lookupByName(DefaultInetAddressResolver.java:34)
	at com.mongodb.internal.connection.ServerAddressHelper.getSocketAddresses(ServerAddressHelper.java:71)
	... 5 common frames omitted
12:48:54.462 -------- [cluster-ClusterId{value='69ba491de642bf08a4e70af2', description='Cluster0'}-ac-jcz0paw-shard-00-01.b7jb1jb.mongodb.net:27017] --- INFO  --- org.mongodb.driver.cluster -------- Exception in monitor thread while connecting to server ac-jcz0paw-shard-00-01.b7jb1jb.mongodb.net:27017 
com.mongodb.MongoSocketReadException: Exception receiving message
	at com.mongodb.internal.connection.InternalStreamConnection.translateReadException(InternalStreamConnection.java:809)
	at com.mongodb.internal.connection.InternalStreamConnection.receiveResponseBuffers(InternalStreamConnection.java:857)
	at com.mongodb.internal.connection.InternalStreamConnection.receiveCommandMessageResponse(InternalStreamConnection.java:517)
	at com.mongodb.internal.connection.InternalStreamConnection.receive(InternalStreamConnection.java:469)
	at com.mongodb.internal.connection.DefaultServerMonitor$ServerMonitor.lookupServerDescription(DefaultServerMonitor.java:249)
	at com.mongodb.internal.connection.DefaultServerMonitor$ServerMonitor.run(DefaultServerMonitor.java:176)
Caused by: java.net.SocketException: Connection reset
	at java.base/sun.nio.ch.NioSocketImpl.implRead(NioSocketImpl.java:328)
	at java.base/sun.nio.ch.NioSocketImpl.read(NioSocketImpl.java:355)
	at java.base/sun.nio.ch.NioSocketImpl$1.read(NioSocketImpl.java:808)
	at java.base/java.net.Socket$SocketInputStream.read(Socket.java:966)
	at java.base/sun.security.ssl.SSLSocketInputRecord.read(SSLSocketInputRecord.java:484)
	at java.base/sun.security.ssl.SSLSocketInputRecord.readHeader(SSLSocketInputRecord.java:478)
	at java.base/sun.security.ssl.SSLSocketInputRecord.bytesInCompletePacket(SSLSocketInputRecord.java:70)
	at java.base/sun.security.ssl.SSLSocketImpl.readApplicationRecord(SSLSocketImpl.java:1465)
	at java.base/sun.security.ssl.SSLSocketImpl$AppInputStream.read(SSLSocketImpl.java:1069)
	at com.mongodb.internal.connection.SocketStream.read(SocketStream.java:182)
	at com.mongodb.internal.connection.InternalStreamConnection.receiveResponseBuffers(InternalStreamConnection.java:824)
	... 4 common frames omitted
12:48:54.405 -------- [cluster-ClusterId{value='69ba491de642bf08a4e70af2', description='Cluster0'}-ac-jcz0paw-shard-00-00.b7jb1jb.mongodb.net:27017] --- INFO  --- org.mongodb.driver.cluster -------- Exception in monitor thread while connecting to server ac-jcz0paw-shard-00-00.b7jb1jb.mongodb.net:27017 
com.mongodb.MongoSocketReadException: Exception receiving message
	at com.mongodb.internal.connection.InternalStreamConnection.translateReadException(InternalStreamConnection.java:809)
	at com.mongodb.internal.connection.InternalStreamConnection.receiveResponseBuffers(InternalStreamConnection.java:857)
	at com.mongodb.internal.connection.InternalStreamConnection.receiveCommandMessageResponse(InternalStreamConnection.java:517)
	at com.mongodb.internal.connection.InternalStreamConnection.receive(InternalStreamConnection.java:469)
	at com.mongodb.internal.connection.DefaultServerMonitor$ServerMonitor.lookupServerDescription(DefaultServerMonitor.java:249)
	at com.mongodb.internal.connection.DefaultServerMonitor$ServerMonitor.run(DefaultServerMonitor.java:176)
Caused by: java.net.SocketException: Connection reset
	at java.base/sun.nio.ch.NioSocketImpl.implRead(NioSocketImpl.java:328)
	at java.base/sun.nio.ch.NioSocketImpl.read(NioSocketImpl.java:355)
	at java.base/sun.nio.ch.NioSocketImpl$1.read(NioSocketImpl.java:808)
	at java.base/java.net.Socket$SocketInputStream.read(Socket.java:966)
	at java.base/sun.security.ssl.SSLSocketInputRecord.read(SSLSocketInputRecord.java:484)
	at java.base/sun.security.ssl.SSLSocketInputRecord.readHeader(SSLSocketInputRecord.java:478)
	at java.base/sun.security.ssl.SSLSocketInputRecord.bytesInCompletePacket(SSLSocketInputRecord.java:70)
	at java.base/sun.security.ssl.SSLSocketImpl.readApplicationRecord(SSLSocketImpl.java:1465)
	at java.base/sun.security.ssl.SSLSocketImpl$AppInputStream.read(SSLSocketImpl.java:1069)
	at com.mongodb.internal.connection.SocketStream.read(SocketStream.java:182)
	at com.mongodb.internal.connection.InternalStreamConnection.receiveResponseBuffers(InternalStreamConnection.java:824)
	... 4 common frames omitted
12:48:54.801 -------- [cluster-ClusterId{value='69ba491de642bf08a4e70af2', description='Cluster0'}-ac-jcz0paw-shard-00-00.b7jb1jb.mongodb.net:27017] --- INFO  --- org.mongodb.driver.cluster -------- Exception in monitor thread while connecting to server ac-jcz0paw-shard-00-00.b7jb1jb.mongodb.net:27017 
com.mongodb.MongoSocketException: No such host is known (ac-jcz0paw-shard-00-00.b7jb1jb.mongodb.net)
	at com.mongodb.internal.connection.ServerAddressHelper.getSocketAddresses(ServerAddressHelper.java:75)
	at com.mongodb.internal.connection.SocketStream.initializeSocket(SocketStream.java:100)
	at com.mongodb.internal.connection.SocketStream.open(SocketStream.java:79)
	at com.mongodb.internal.connection.InternalStreamConnection.open(InternalStreamConnection.java:233)
	at com.mongodb.internal.connection.DefaultServerMonitor$ServerMonitor.lookupServerDescription(DefaultServerMonitor.java:219)
	at com.mongodb.internal.connection.DefaultServerMonitor$ServerMonitor.run(DefaultServerMonitor.java:176)
Caused by: java.net.UnknownHostException: No such host is known (ac-jcz0paw-shard-00-00.b7jb1jb.mongodb.net)
	at java.base/java.net.Inet6AddressImpl.lookupAllHostAddr(Native Method)
	at java.base/java.net.InetAddress$PlatformNameService.lookupAllHostAddr(InetAddress.java:934)
	at java.base/java.net.InetAddress.getAddressesFromNameService(InetAddress.java:1543)
	at java.base/java.net.InetAddress$NameServiceAddresses.get(InetAddress.java:852)
	at java.base/java.net.InetAddress.getAllByName0(InetAddress.java:1533)
	at java.base/java.net.InetAddress.getAllByName(InetAddress.java:1385)
	at java.base/java.net.InetAddress.getAllByName(InetAddress.java:1306)
	at com.mongodb.internal.connection.DefaultInetAddressResolver.lookupByName(DefaultInetAddressResolver.java:34)
	at com.mongodb.internal.connection.ServerAddressHelper.getSocketAddresses(ServerAddressHelper.java:71)
	... 5 common frames omitted
12:48:54.798 -------- [cluster-ClusterId{value='69ba491de642bf08a4e70af2', description='Cluster0'}-ac-jcz0paw-shard-00-01.b7jb1jb.mongodb.net:27017] --- INFO  --- org.mongodb.driver.cluster -------- Exception in monitor thread while connecting to server ac-jcz0paw-shard-00-01.b7jb1jb.mongodb.net:27017 
com.mongodb.MongoSocketException: No such host is known (ac-jcz0paw-shard-00-01.b7jb1jb.mongodb.net)
	at com.mongodb.internal.connection.ServerAddressHelper.getSocketAddresses(ServerAddressHelper.java:75)
	at com.mongodb.internal.connection.SocketStream.initializeSocket(SocketStream.java:100)
	at com.mongodb.internal.connection.SocketStream.open(SocketStream.java:79)
	at com.mongodb.internal.connection.InternalStreamConnection.open(InternalStreamConnection.java:233)
	at com.mongodb.internal.connection.DefaultServerMonitor$ServerMonitor.lookupServerDescription(DefaultServerMonitor.java:219)
	at com.mongodb.internal.connection.DefaultServerMonitor$ServerMonitor.run(DefaultServerMonitor.java:176)
Caused by: java.net.UnknownHostException: No such host is known (ac-jcz0paw-shard-00-01.b7jb1jb.mongodb.net)
	at java.base/java.net.Inet6AddressImpl.lookupAllHostAddr(Native Method)
	at java.base/java.net.InetAddress$PlatformNameService.lookupAllHostAddr(InetAddress.java:934)
	at java.base/java.net.InetAddress.getAddressesFromNameService(InetAddress.java:1543)
	at java.base/java.net.InetAddress$NameServiceAddresses.get(InetAddress.java:852)
	at java.base/java.net.InetAddress.getAllByName0(InetAddress.java:1533)
	at java.base/java.net.InetAddress.getAllByName(InetAddress.java:1385)
	at java.base/java.net.InetAddress.getAllByName(InetAddress.java:1306)
	at com.mongodb.internal.connection.DefaultInetAddressResolver.lookupByName(DefaultInetAddressResolver.java:34)
	at com.mongodb.internal.connection.ServerAddressHelper.getSocketAddresses(ServerAddressHelper.java:71)
	... 5 common frames omitted
12:51:39.971 -------- [cluster-ClusterId{value='69ba491de642bf08a4e70af2', description='Cluster0'}-ac-jcz0paw-shard-00-00.b7jb1jb.mongodb.net:27017] --- INFO  --- org.mongodb.driver.cluster -------- Monitor thread successfully connected to server with description ServerDescription{address=ac-jcz0paw-shard-00-00.b7jb1jb.mongodb.net:27017, type=REPLICA_SET_SECONDARY, cryptd=false, state=CONNECTED, ok=true, minWireVersion=0, maxWireVersion=25, maxDocumentSize=16777216, logicalSessionTimeoutMinutes=30, roundTripTimeNanos=271609100, minRoundTripTimeNanos=0, setName='atlas-10vsg5-shard-0', canonicalAddress=ac-jcz0paw-shard-00-00.b7jb1jb.mongodb.net:27017, hosts=[ac-jcz0paw-shard-00-01.b7jb1jb.mongodb.net:27017, ac-jcz0paw-shard-00-02.b7jb1jb.mongodb.net:27017, ac-jcz0paw-shard-00-00.b7jb1jb.mongodb.net:27017], passives=[], arbiters=[], primary='ac-jcz0paw-shard-00-02.b7jb1jb.mongodb.net:27017', tagSet=TagSet{[Tag{name='availabilityZone', value='aps1-az1'}, Tag{name='diskState', value='READY'}, Tag{name='nodeType', value='ELECTABLE'}, Tag{name='provider', value='AWS'}, Tag{name='region', value='AP_SOUTH_1'}, Tag{name='workloadType', value='OPERATIONAL'}]}, electionId=null, setVersion=57, topologyVersion=TopologyVersion{processId=69b30fd5ea006f2a16d8bf3e, counter=4}, lastWriteDate=Wed Mar 18 12:51:40 IST 2026, lastUpdateTimeNanos=1606296112370400} 
12:51:40.085 -------- [cluster-ClusterId{value='69ba491de642bf08a4e70af2', description='Cluster0'}-ac-jcz0paw-shard-00-02.b7jb1jb.mongodb.net:27017] --- INFO  --- org.mongodb.driver.cluster -------- Monitor thread successfully connected to server with description ServerDescription{address=ac-jcz0paw-shard-00-02.b7jb1jb.mongodb.net:27017, type=REPLICA_SET_PRIMARY, cryptd=false, state=CONNECTED, ok=true, minWireVersion=0, maxWireVersion=25, maxDocumentSize=16777216, logicalSessionTimeoutMinutes=30, roundTripTimeNanos=405665300, minRoundTripTimeNanos=0, setName='atlas-10vsg5-shard-0', canonicalAddress=ac-jcz0paw-shard-00-02.b7jb1jb.mongodb.net:27017, hosts=[ac-jcz0paw-shard-00-01.b7jb1jb.mongodb.net:27017, ac-jcz0paw-shard-00-02.b7jb1jb.mongodb.net:27017, ac-jcz0paw-shard-00-00.b7jb1jb.mongodb.net:27017], passives=[], arbiters=[], primary='ac-jcz0paw-shard-00-02.b7jb1jb.mongodb.net:27017', tagSet=TagSet{[Tag{name='availabilityZone', value='aps1-az2'}, Tag{name='diskState', value='READY'}, Tag{name='nodeType', value='ELECTABLE'}, Tag{name='provider', value='AWS'}, Tag{name='region', value='AP_SOUTH_1'}, Tag{name='workloadType', value='OPERATIONAL'}]}, electionId=7fffffff00000000000000dc, setVersion=57, topologyVersion=TopologyVersion{processId=69b311ad332d80e6a3807b8e, counter=6}, lastWriteDate=Wed Mar 18 12:51:40 IST 2026, lastUpdateTimeNanos=1606296226482200} 
12:51:40.086 -------- [cluster-ClusterId{value='69ba491de642bf08a4e70af2', description='Cluster0'}-ac-jcz0paw-shard-00-02.b7jb1jb.mongodb.net:27017] --- INFO  --- org.mongodb.driver.cluster -------- Discovered replica set primary ac-jcz0paw-shard-00-02.b7jb1jb.mongodb.net:27017 with max election id 7fffffff00000000000000dc and max set version 57 
12:51:40.116 -------- [cluster-ClusterId{value='69ba491de642bf08a4e70af2', description='Cluster0'}-ac-jcz0paw-shard-00-01.b7jb1jb.mongodb.net:27017] --- INFO  --- org.mongodb.driver.cluster -------- Monitor thread successfully connected to server with description ServerDescription{address=ac-jcz0paw-shard-00-01.b7jb1jb.mongodb.net:27017, type=REPLICA_SET_SECONDARY, cryptd=false, state=CONNECTED, ok=true, minWireVersion=0, maxWireVersion=25, maxDocumentSize=16777216, logicalSessionTimeoutMinutes=30, roundTripTimeNanos=388121500, minRoundTripTimeNanos=0, setName='atlas-10vsg5-shard-0', canonicalAddress=ac-jcz0paw-shard-00-01.b7jb1jb.mongodb.net:27017, hosts=[ac-jcz0paw-shard-00-01.b7jb1jb.mongodb.net:27017, ac-jcz0paw-shard-00-02.b7jb1jb.mongodb.net:27017, ac-jcz0paw-shard-00-00.b7jb1jb.mongodb.net:27017], passives=[], arbiters=[], primary='ac-jcz0paw-shard-00-02.b7jb1jb.mongodb.net:27017', tagSet=TagSet{[Tag{name='availabilityZone', value='aps1-az3'}, Tag{name='diskState', value='READY'}, Tag{name='nodeType', value='ELECTABLE'}, Tag{name='provider', value='AWS'}, Tag{name='region', value='AP_SOUTH_1'}, Tag{name='workloadType', value='OPERATIONAL'}]}, electionId=null, setVersion=57, topologyVersion=TopologyVersion{processId=69b3142d06876aecd9b70acd, counter=3}, lastWriteDate=Wed Mar 18 12:51:40 IST 2026, lastUpdateTimeNanos=1606296258139600} 
13:13:13.124 -------- [SpringApplicationShutdownHook] --- INFO  --- o.s.b.w.e.tomcat.GracefulShutdown -------- Commencing graceful shutdown. Waiting for active requests to complete 
13:13:13.393 -------- [tomcat-shutdown] --- INFO  --- o.s.b.w.e.tomcat.GracefulShutdown -------- Graceful shutdown complete 
13:13:23.954 -------- [restartedMain] --- INFO  --- c.app.journal.JournalAppApplication -------- Starting JournalAppApplication using Java 17.0.18 with PID 26148 (C:\Users\hp\Desktop\Study\Java-programs\JournalApplication\journal\target\classes started by hp in C:\Users\hp\Desktop\Study\Java-programs\JournalApplication) 
13:13:23.957 -------- [restartedMain] --- DEBUG --- c.app.journal.JournalAppApplication -------- Running with Spring Boot v3.5.11, Spring v6.2.16 
13:13:23.958 -------- [restartedMain] --- INFO  --- c.app.journal.JournalAppApplication -------- No active profile set, falling back to 1 default profile: "default" 
13:13:24.034 -------- [restartedMain] --- INFO  --- o.s.b.d.e.DevToolsPropertyDefaultsPostProcessor -------- Devtools property defaults active! Set 'spring.devtools.add-properties' to 'false' to disable 
13:13:24.034 -------- [restartedMain] --- INFO  --- o.s.b.d.e.DevToolsPropertyDefaultsPostProcessor -------- For additional web related logging consider setting the 'logging.level.web' property to 'DEBUG' 
13:13:25.106 -------- [restartedMain] --- INFO  --- o.s.d.r.c.RepositoryConfigurationDelegate -------- Multiple Spring Data modules found, entering strict repository configuration mode 
13:13:25.107 -------- [restartedMain] --- INFO  --- o.s.d.r.c.RepositoryConfigurationDelegate -------- Bootstrapping Spring Data MongoDB repositories in DEFAULT mode. 
13:13:25.246 -------- [restartedMain] --- INFO  --- o.s.d.r.c.RepositoryConfigurationDelegate -------- Finished Spring Data repository scanning in 133 ms. Found 3 MongoDB repository interfaces. 
13:13:25.266 -------- [restartedMain] --- INFO  --- o.s.d.r.c.RepositoryConfigurationDelegate -------- Multiple Spring Data modules found, entering strict repository configuration mode 
13:13:25.267 -------- [restartedMain] --- INFO  --- o.s.d.r.c.RepositoryConfigurationDelegate -------- Bootstrapping Spring Data Redis repositories in DEFAULT mode. 
13:13:25.282 -------- [restartedMain] --- INFO  --- o.s.d.r.c.RepositoryConfigurationExtensionSupport -------- Spring Data Redis - Could not safely identify store assignment for repository candidate interface com.app.journal.repository.ConfigJournalAppRepository; If you want this repository to be a Redis repository, consider annotating your entities with one of these annotations: org.springframework.data.redis.core.RedisHash (preferred), or consider extending one of the following types with your repository: org.springframework.data.keyvalue.repository.KeyValueRepository 
13:13:25.282 -------- [restartedMain] --- INFO  --- o.s.d.r.c.RepositoryConfigurationExtensionSupport -------- Spring Data Redis - Could not safely identify store assignment for repository candidate interface com.app.journal.repository.JournalEntryRepository; If you want this repository to be a Redis repository, consider annotating your entities with one of these annotations: org.springframework.data.redis.core.RedisHash (preferred), or consider extending one of the following types with your repository: org.springframework.data.keyvalue.repository.KeyValueRepository 
13:13:25.282 -------- [restartedMain] --- INFO  --- o.s.d.r.c.RepositoryConfigurationExtensionSupport -------- Spring Data Redis - Could not safely identify store assignment for repository candidate interface com.app.journal.repository.UserRepository; If you want this repository to be a Redis repository, consider annotating your entities with one of these annotations: org.springframework.data.redis.core.RedisHash (preferred), or consider extending one of the following types with your repository: org.springframework.data.keyvalue.repository.KeyValueRepository 
13:13:25.282 -------- [restartedMain] --- INFO  --- o.s.d.r.c.RepositoryConfigurationDelegate -------- Finished Spring Data repository scanning in 6 ms. Found 0 Redis repository interfaces. 
13:13:25.901 -------- [restartedMain] --- INFO  --- o.s.b.w.e.tomcat.TomcatWebServer -------- Tomcat initialized with port 8080 (http) 
13:13:25.912 -------- [restartedMain] --- INFO  --- o.a.coyote.http11.Http11NioProtocol -------- Initializing ProtocolHandler ["http-nio-8080"] 
13:13:25.914 -------- [restartedMain] --- INFO  --- o.a.catalina.core.StandardService -------- Starting service [Tomcat] 
13:13:25.915 -------- [restartedMain] --- INFO  --- o.a.catalina.core.StandardEngine -------- Starting Servlet engine: [Apache Tomcat/10.1.52] 
13:13:25.958 -------- [restartedMain] --- INFO  --- o.a.c.c.C.[Tomcat].[localhost].[/] -------- Initializing Spring embedded WebApplicationContext 
13:13:25.959 -------- [restartedMain] --- INFO  --- o.s.b.w.s.c.ServletWebServerApplicationContext -------- Root WebApplicationContext: initialization completed in 1924 ms 
13:13:29.325 -------- [cluster-ClusterId{value='69ba57a145525943dead31b5', description='Cluster0'}-srv-cluster0.b7jb1jb.mongodb.net] --- INFO  --- org.mongodb.driver.cluster -------- Adding discovered server ac-jcz0paw-shard-00-00.b7jb1jb.mongodb.net:27017 to client view of cluster 
13:13:29.369 -------- [restartedMain] --- INFO  --- org.mongodb.driver.client -------- MongoClient with metadata {"application": {"name": "Cluster0"}, "driver": {"name": "mongo-java-driver|sync|spring-boot", "version": "5.5.2"}, "os": {"type": "Windows", "name": "Windows 11", "architecture": "amd64", "version": "10.0"}, "platform": "Java/Microsoft/17.0.18+8-LTS"} created with settings MongoClientSettings{readPreference=primary, writeConcern=WriteConcern{w=null, wTimeout=null ms, journal=null}, retryWrites=true, retryReads=true, readConcern=ReadConcern{level=null}, credential=MongoCredential{mechanism=null, userName='mailmerajansari_db_user', source='admin', password=<hidden>, mechanismProperties=<hidden>}, transportSettings=null, commandListeners=[], codecRegistry=ProvidersCodecRegistry{codecProviders=[ValueCodecProvider{}, BsonValueCodecProvider{}, DBRefCodecProvider{}, DBObjectCodecProvider{}, DocumentCodecProvider{}, CollectionCodecProvider{}, IterableCodecProvider{}, MapCodecProvider{}, GeoJsonCodecProvider{}, GridFSFileCodecProvider{}, Jsr310CodecProvider{}, JsonObjectCodecProvider{}, BsonCodecProvider{}, EnumCodecProvider{}, com.mongodb.client.model.mql.ExpressionCodecProvider@672591c4, com.mongodb.Jep395RecordCodecProvider@6933c9a8, com.mongodb.KotlinCodecProvider@66b833e8]}, loggerSettings=LoggerSettings{maxDocumentLength=1000}, clusterSettings={hosts=[127.0.0.1:27017], srvHost=cluster0.b7jb1jb.mongodb.net, srvServiceName=mongodb, mode=MULTIPLE, requiredClusterType=REPLICA_SET, requiredReplicaSetName='atlas-10vsg5-shard-0', serverSelector='null', clusterListeners='[]', serverSelectionTimeout='30000 ms', localThreshold='15 ms'}, socketSettings=SocketSettings{connectTimeoutMS=10000, readTimeoutMS=0, receiveBufferSize=0, proxySettings=ProxySettings{host=null, port=null, username=null, password=null}}, heartbeatSocketSettings=SocketSettings{connectTimeoutMS=10000, readTimeoutMS=10000, receiveBufferSize=0, proxySettings=ProxySettings{host=null, port=null, username=null, password=null}}, connectionPoolSettings=ConnectionPoolSettings{maxSize=100, minSize=0, maxWaitTimeMS=120000, maxConnectionLifeTimeMS=0, maxConnectionIdleTimeMS=0, maintenanceInitialDelayMS=0, maintenanceFrequencyMS=60000, connectionPoolListeners=[], maxConnecting=2}, serverSettings=ServerSettings{heartbeatFrequencyMS=10000, minHeartbeatFrequencyMS=500, serverMonitoringMode=AUTO, serverListeners='[]', serverMonitorListeners='[]'}, sslSettings=SslSettings{enabled=true, invalidHostNameAllowed=false, context=null}, applicationName='Cluster0', compressorList=[], uuidRepresentation=JAVA_LEGACY, serverApi=null, autoEncryptionSettings=null, dnsClient=null, inetAddressResolver=null, contextProvider=null, timeoutMS=null} 
13:13:29.381 -------- [cluster-ClusterId{value='69ba57a145525943dead31b5', description='Cluster0'}-srv-cluster0.b7jb1jb.mongodb.net] --- INFO  --- org.mongodb.driver.cluster -------- Adding discovered server ac-jcz0paw-shard-00-01.b7jb1jb.mongodb.net:27017 to client view of cluster 
13:13:29.386 -------- [cluster-ClusterId{value='69ba57a145525943dead31b5', description='Cluster0'}-srv-cluster0.b7jb1jb.mongodb.net] --- INFO  --- org.mongodb.driver.cluster -------- Adding discovered server ac-jcz0paw-shard-00-02.b7jb1jb.mongodb.net:27017 to client view of cluster 
13:13:29.748 -------- [restartedMain] --- INFO  --- o.s.b.d.a.OptionalLiveReloadServer -------- LiveReload server is running on port 35729 
13:13:29.930 -------- [restartedMain] --- INFO  --- org.mongodb.driver.cluster -------- Waiting for server to become available for operation with ID 5. Remaining time: 29990 ms. Selector: WritableServerSelector, topology description: {type=REPLICA_SET, servers=[{address=ac-jcz0paw-shard-00-01.b7jb1jb.mongodb.net:27017, type=UNKNOWN, state=CONNECTING}, {address=ac-jcz0paw-shard-00-02.b7jb1jb.mongodb.net:27017, type=UNKNOWN, state=CONNECTING}, {address=ac-jcz0paw-shard-00-00.b7jb1jb.mongodb.net:27017, type=UNKNOWN, state=CONNECTING}]. 
13:13:40.773 -------- [cluster-ClusterId{value='69ba57a145525943dead31b5', description='Cluster0'}-ac-jcz0paw-shard-00-01.b7jb1jb.mongodb.net:27017] --- INFO  --- org.mongodb.driver.cluster -------- Monitor thread successfully connected to server with description ServerDescription{address=ac-jcz0paw-shard-00-01.b7jb1jb.mongodb.net:27017, type=REPLICA_SET_SECONDARY, cryptd=false, state=CONNECTED, ok=true, minWireVersion=0, maxWireVersion=25, maxDocumentSize=16777216, logicalSessionTimeoutMinutes=30, roundTripTimeNanos=3532092000, minRoundTripTimeNanos=0, setName='atlas-10vsg5-shard-0', canonicalAddress=ac-jcz0paw-shard-00-01.b7jb1jb.mongodb.net:27017, hosts=[ac-jcz0paw-shard-00-01.b7jb1jb.mongodb.net:27017, ac-jcz0paw-shard-00-02.b7jb1jb.mongodb.net:27017, ac-jcz0paw-shard-00-00.b7jb1jb.mongodb.net:27017], passives=[], arbiters=[], primary='ac-jcz0paw-shard-00-02.b7jb1jb.mongodb.net:27017', tagSet=TagSet{[Tag{name='availabilityZone', value='aps1-az3'}, Tag{name='diskState', value='READY'}, Tag{name='nodeType', value='ELECTABLE'}, Tag{name='provider', value='AWS'}, Tag{name='region', value='AP_SOUTH_1'}, Tag{name='workloadType', value='OPERATIONAL'}]}, electionId=null, setVersion=57, topologyVersion=TopologyVersion{processId=69b3142d06876aecd9b70acd, counter=3}, lastWriteDate=Wed Mar 18 13:13:40 IST 2026, lastUpdateTimeNanos=1607616910431900} 
13:13:40.773 -------- [cluster-ClusterId{value='69ba57a145525943dead31b5', description='Cluster0'}-ac-jcz0paw-shard-00-02.b7jb1jb.mongodb.net:27017] --- INFO  --- org.mongodb.driver.cluster -------- Monitor thread successfully connected to server with description ServerDescription{address=ac-jcz0paw-shard-00-02.b7jb1jb.mongodb.net:27017, type=REPLICA_SET_PRIMARY, cryptd=false, state=CONNECTED, ok=true, minWireVersion=0, maxWireVersion=25, maxDocumentSize=16777216, logicalSessionTimeoutMinutes=30, roundTripTimeNanos=3532155000, minRoundTripTimeNanos=0, setName='atlas-10vsg5-shard-0', canonicalAddress=ac-jcz0paw-shard-00-02.b7jb1jb.mongodb.net:27017, hosts=[ac-jcz0paw-shard-00-01.b7jb1jb.mongodb.net:27017, ac-jcz0paw-shard-00-02.b7jb1jb.mongodb.net:27017, ac-jcz0paw-shard-00-00.b7jb1jb.mongodb.net:27017], passives=[], arbiters=[], primary='ac-jcz0paw-shard-00-02.b7jb1jb.mongodb.net:27017', tagSet=TagSet{[Tag{name='availabilityZone', value='aps1-az2'}, Tag{name='diskState', value='READY'}, Tag{name='nodeType', value='ELECTABLE'}, Tag{name='provider', value='AWS'}, Tag{name='region', value='AP_SOUTH_1'}, Tag{name='workloadType', value='OPERATIONAL'}]}, electionId=7fffffff00000000000000dc, setVersion=57, topologyVersion=TopologyVersion{processId=69b311ad332d80e6a3807b8e, counter=6}, lastWriteDate=Wed Mar 18 13:13:40 IST 2026, lastUpdateTimeNanos=1607616910431900} 
13:13:40.774 -------- [cluster-ClusterId{value='69ba57a145525943dead31b5', description='Cluster0'}-ac-jcz0paw-shard-00-00.b7jb1jb.mongodb.net:27017] --- INFO  --- org.mongodb.driver.cluster -------- Monitor thread successfully connected to server with description ServerDescription{address=ac-jcz0paw-shard-00-00.b7jb1jb.mongodb.net:27017, type=REPLICA_SET_SECONDARY, cryptd=false, state=CONNECTED, ok=true, minWireVersion=0, maxWireVersion=25, maxDocumentSize=16777216, logicalSessionTimeoutMinutes=30, roundTripTimeNanos=3532154900, minRoundTripTimeNanos=0, setName='atlas-10vsg5-shard-0', canonicalAddress=ac-jcz0paw-shard-00-00.b7jb1jb.mongodb.net:27017, hosts=[ac-jcz0paw-shard-00-01.b7jb1jb.mongodb.net:27017, ac-jcz0paw-shard-00-02.b7jb1jb.mongodb.net:27017, ac-jcz0paw-shard-00-00.b7jb1jb.mongodb.net:27017], passives=[], arbiters=[], primary='ac-jcz0paw-shard-00-02.b7jb1jb.mongodb.net:27017', tagSet=TagSet{[Tag{name='availabilityZone', value='aps1-az1'}, Tag{name='diskState', value='READY'}, Tag{name='nodeType', value='ELECTABLE'}, Tag{name='provider', value='AWS'}, Tag{name='region', value='AP_SOUTH_1'}, Tag{name='workloadType', value='OPERATIONAL'}]}, electionId=null, setVersion=57, topologyVersion=TopologyVersion{processId=69b30fd5ea006f2a16d8bf3e, counter=4}, lastWriteDate=Wed Mar 18 13:13:40 IST 2026, lastUpdateTimeNanos=1607616910431800} 
13:13:40.778 -------- [cluster-ClusterId{value='69ba57a145525943dead31b5', description='Cluster0'}-ac-jcz0paw-shard-00-02.b7jb1jb.mongodb.net:27017] --- INFO  --- org.mongodb.driver.cluster -------- Discovered replica set primary ac-jcz0paw-shard-00-02.b7jb1jb.mongodb.net:27017 with max election id 7fffffff00000000000000dc and max set version 57 
13:13:42.364 -------- [restartedMain] --- INFO  --- o.s.s.c.a.a.c.InitializeAuthenticationProviderBeanManagerConfigurer$InitializeAuthenticationProviderManagerConfigurer -------- Global AuthenticationManager configured with AuthenticationProvider bean with name authenticationProvider 
13:13:42.365 -------- [restartedMain] --- WARN  --- o.s.s.c.a.a.c.InitializeUserDetailsBeanManagerConfigurer$InitializeUserDetailsManagerConfigurer -------- Global AuthenticationManager configured with an AuthenticationProvider bean. UserDetailsService beans will not be used by Spring Security for automatically configuring username/password login. Consider removing the AuthenticationProvider bean. Alternatively, consider using the UserDetailsService in a manually instantiated DaoAuthenticationProvider. If the current configuration is intentional, to turn off this warning, increase the logging level of 'org.springframework.security.config.annotation.authentication.configuration.InitializeUserDetailsBeanManagerConfigurer' to ERROR 
13:13:42.543 -------- [restartedMain] --- DEBUG --- o.s.s.web.DefaultSecurityFilterChain -------- Will secure any request with filters: DisableEncodeUrlFilter, WebAsyncManagerIntegrationFilter, SecurityContextHolderFilter, HeaderWriterFilter, LogoutFilter, BasicAuthenticationFilter, RequestCacheAwareFilter, SecurityContextHolderAwareRequestFilter, AnonymousAuthenticationFilter, ExceptionTranslationFilter, AuthorizationFilter 
13:13:43.031 -------- [restartedMain] --- INFO  --- o.a.coyote.http11.Http11NioProtocol -------- Starting ProtocolHandler ["http-nio-8080"] 
13:13:43.063 -------- [restartedMain] --- INFO  --- o.s.b.w.e.tomcat.TomcatWebServer -------- Tomcat started on port 8080 (http) with context path '/' 
13:13:43.084 -------- [restartedMain] --- INFO  --- c.app.journal.JournalAppApplication -------- Started JournalAppApplication in 19.546 seconds (process running for 25.699) 
13:13:48.843 -------- [http-nio-8080-exec-2] --- INFO  --- o.a.c.c.C.[Tomcat].[localhost].[/] -------- Initializing Spring DispatcherServlet 'dispatcherServlet' 
13:13:48.843 -------- [http-nio-8080-exec-2] --- INFO  --- o.s.web.servlet.DispatcherServlet -------- Initializing Servlet 'dispatcherServlet' 
13:13:48.845 -------- [http-nio-8080-exec-2] --- INFO  --- o.s.web.servlet.DispatcherServlet -------- Completed initialization in 1 ms 
13:13:48.867 -------- [http-nio-8080-exec-2] --- DEBUG --- o.s.security.web.FilterChainProxy -------- Securing GET /user/get-weather 
13:13:49.090 -------- [http-nio-8080-exec-2] --- DEBUG --- o.s.s.a.d.DaoAuthenticationProvider -------- Authenticated user 
13:13:49.091 -------- [http-nio-8080-exec-2] --- DEBUG --- o.s.s.w.a.w.BasicAuthenticationFilter -------- Set SecurityContextHolder to UsernamePasswordAuthenticationToken [Principal=org.springframework.security.core.userdetails.User [Username=david, Password=[PROTECTED], Enabled=true, AccountNonExpired=true, CredentialsNonExpired=true, AccountNonLocked=true, Granted Authorities=[ROLE_ADMIN, ROLE_USER]], Credentials=[PROTECTED], Authenticated=true, Details=WebAuthenticationDetails [RemoteIpAddress=0:0:0:0:0:0:0:1, SessionId=null], Granted Authorities=[ROLE_ADMIN, ROLE_USER]] 
13:13:49.096 -------- [http-nio-8080-exec-2] --- DEBUG --- o.s.security.web.FilterChainProxy -------- Secured GET /user/get-weather 
13:13:49.757 -------- [http-nio-8080-exec-2] --- ERROR --- c.app.journal.service.RedisService -------- error  
java.lang.NullPointerException: Cannot invoke "Object.toString()" because "o" is null
	at com.app.journal.service.RedisService.get(RedisService.java:23)
	at com.app.journal.service.WeatherService.getWeather(WeatherService.java:32)
	at com.app.journal.controller.UserController.getweather(UserController.java:71)
	at java.base/jdk.internal.reflect.NativeMethodAccessorImpl.invoke0(Native Method)
	at java.base/jdk.internal.reflect.NativeMethodAccessorImpl.invoke(NativeMethodAccessorImpl.java:77)
	at java.base/jdk.internal.reflect.DelegatingMethodAccessorImpl.invoke(DelegatingMethodAccessorImpl.java:43)
	at java.base/java.lang.reflect.Method.invoke(Method.java:569)
	at org.springframework.web.method.support.InvocableHandlerMethod.doInvoke(InvocableHandlerMethod.java:258)
	at org.springframework.web.method.support.InvocableHandlerMethod.invokeForRequest(InvocableHandlerMethod.java:191)
	at org.springframework.web.servlet.mvc.method.annotation.ServletInvocableHandlerMethod.invokeAndHandle(ServletInvocableHandlerMethod.java:118)
	at org.springframework.web.servlet.mvc.method.annotation.RequestMappingHandlerAdapter.invokeHandlerMethod(RequestMappingHandlerAdapter.java:991)
	at org.springframework.web.servlet.mvc.method.annotation.RequestMappingHandlerAdapter.handleInternal(RequestMappingHandlerAdapter.java:896)
	at org.springframework.web.servlet.mvc.method.AbstractHandlerMethodAdapter.handle(AbstractHandlerMethodAdapter.java:87)
	at org.springframework.web.servlet.DispatcherServlet.doDispatch(DispatcherServlet.java:1089)
	at org.springframework.web.servlet.DispatcherServlet.doService(DispatcherServlet.java:979)
	at org.springframework.web.servlet.FrameworkServlet.processRequest(FrameworkServlet.java:1014)
	at org.springframework.web.servlet.FrameworkServlet.doGet(FrameworkServlet.java:903)
	at jakarta.servlet.http.HttpServlet.service(HttpServlet.java:564)
	at org.springframework.web.servlet.FrameworkServlet.service(FrameworkServlet.java:885)
	at jakarta.servlet.http.HttpServlet.service(HttpServlet.java:658)
	at org.apache.catalina.core.ApplicationFilterChain.internalDoFilter(ApplicationFilterChain.java:193)
	at org.apache.catalina.core.ApplicationFilterChain.doFilter(ApplicationFilterChain.java:138)
	at org.apache.tomcat.websocket.server.WsFilter.doFilter(WsFilter.java:51)
	at org.apache.catalina.core.ApplicationFilterChain.internalDoFilter(ApplicationFilterChain.java:162)
	at org.apache.catalina.core.ApplicationFilterChain.doFilter(ApplicationFilterChain.java:138)
	at org.springframework.web.filter.CompositeFilter$VirtualFilterChain.doFilter(CompositeFilter.java:108)
	at org.springframework.web.filter.CompositeFilter$VirtualFilterChain.doFilter(CompositeFilter.java:108)
	at org.springframework.security.web.FilterChainProxy.lambda$doFilterInternal$3(FilterChainProxy.java:231)
	at org.springframework.security.web.FilterChainProxy$VirtualFilterChain.doFilter(FilterChainProxy.java:365)
	at org.springframework.security.web.access.intercept.AuthorizationFilter.doFilter(AuthorizationFilter.java:101)
	at org.springframework.security.web.FilterChainProxy$VirtualFilterChain.doFilter(FilterChainProxy.java:374)
	at org.springframework.security.web.access.ExceptionTranslationFilter.doFilter(ExceptionTranslationFilter.java:125)
	at org.springframework.security.web.access.ExceptionTranslationFilter.doFilter(ExceptionTranslationFilter.java:119)
	at org.springframework.security.web.FilterChainProxy$VirtualFilterChain.doFilter(FilterChainProxy.java:374)
	at org.springframework.security.web.authentication.AnonymousAuthenticationFilter.doFilter(AnonymousAuthenticationFilter.java:100)
	at org.springframework.security.web.FilterChainProxy$VirtualFilterChain.doFilter(FilterChainProxy.java:374)
	at org.springframework.security.web.servletapi.SecurityContextHolderAwareRequestFilter.doFilter(SecurityContextHolderAwareRequestFilter.java:179)
	at org.springframework.security.web.FilterChainProxy$VirtualFilterChain.doFilter(FilterChainProxy.java:374)
	at org.springframework.security.web.savedrequest.RequestCacheAwareFilter.doFilter(RequestCacheAwareFilter.java:63)
	at org.springframework.security.web.FilterChainProxy$VirtualFilterChain.doFilter(FilterChainProxy.java:374)
	at org.springframework.security.web.authentication.www.BasicAuthenticationFilter.doFilterInternal(BasicAuthenticationFilter.java:213)
	at org.springframework.web.filter.OncePerRequestFilter.doFilter(OncePerRequestFilter.java:116)
	at org.springframework.security.web.FilterChainProxy$VirtualFilterChain.doFilter(FilterChainProxy.java:374)
	at org.springframework.security.web.authentication.logout.LogoutFilter.doFilter(LogoutFilter.java:107)
	at org.springframework.security.web.authentication.logout.LogoutFilter.doFilter(LogoutFilter.java:93)
	at org.springframework.security.web.FilterChainProxy$VirtualFilterChain.doFilter(FilterChainProxy.java:374)
	at org.springframework.security.web.header.HeaderWriterFilter.doHeadersAfter(HeaderWriterFilter.java:90)
	at org.springframework.security.web.header.HeaderWriterFilter.doFilterInternal(HeaderWriterFilter.java:75)
	at org.springframework.web.filter.OncePerRequestFilter.doFilter(OncePerRequestFilter.java:116)
	at org.springframework.security.web.FilterChainProxy$VirtualFilterChain.doFilter(FilterChainProxy.java:374)
	at org.springframework.security.web.context.SecurityContextHolderFilter.doFilter(SecurityContextHolderFilter.java:82)
	at org.springframework.security.web.context.SecurityContextHolderFilter.doFilter(SecurityContextHolderFilter.java:69)
	at org.springframework.security.web.FilterChainProxy$VirtualFilterChain.doFilter(FilterChainProxy.java:374)
	at org.springframework.security.web.context.request.async.WebAsyncManagerIntegrationFilter.doFilterInternal(WebAsyncManagerIntegrationFilter.java:62)
	at org.springframework.web.filter.OncePerRequestFilter.doFilter(OncePerRequestFilter.java:116)
	at org.springframework.security.web.FilterChainProxy$VirtualFilterChain.doFilter(FilterChainProxy.java:374)
	at org.springframework.security.web.session.DisableEncodeUrlFilter.doFilterInternal(DisableEncodeUrlFilter.java:42)
	at org.springframework.web.filter.OncePerRequestFilter.doFilter(OncePerRequestFilter.java:116)
	at org.springframework.security.web.FilterChainProxy$VirtualFilterChain.doFilter(FilterChainProxy.java:374)
	at org.springframework.security.web.FilterChainProxy.doFilterInternal(FilterChainProxy.java:233)
	at org.springframework.security.web.FilterChainProxy.doFilter(FilterChainProxy.java:191)
	at org.springframework.web.filter.CompositeFilter$VirtualFilterChain.doFilter(CompositeFilter.java:113)
	at org.springframework.web.filter.ServletRequestPathFilter.doFilter(ServletRequestPathFilter.java:52)
	at org.springframework.web.filter.CompositeFilter$VirtualFilterChain.doFilter(CompositeFilter.java:113)
	at org.springframework.web.filter.CompositeFilter.doFilter(CompositeFilter.java:74)
	at org.springframework.security.config.annotation.web.configuration.WebSecurityConfiguration$CompositeFilterChainProxy.doFilter(WebSecurityConfiguration.java:319)
	at org.springframework.web.filter.CompositeFilter$VirtualFilterChain.doFilter(CompositeFilter.java:113)
	at org.springframework.web.servlet.handler.HandlerMappingIntrospector.lambda$createCacheFilter$4(HandlerMappingIntrospector.java:267)
	at org.springframework.web.filter.CompositeFilter$VirtualFilterChain.doFilter(CompositeFilter.java:113)
	at org.springframework.web.filter.CompositeFilter.doFilter(CompositeFilter.java:74)
	at org.springframework.security.config.annotation.web.configuration.WebMvcSecurityConfiguration$CompositeFilterChainProxy.doFilter(WebMvcSecurityConfiguration.java:240)
	at org.springframework.web.filter.DelegatingFilterProxy.invokeDelegate(DelegatingFilterProxy.java:362)
	at org.springframework.web.filter.DelegatingFilterProxy.doFilter(DelegatingFilterProxy.java:278)
	at org.apache.catalina.core.ApplicationFilterChain.internalDoFilter(ApplicationFilterChain.java:162)
	at org.apache.catalina.core.ApplicationFilterChain.doFilter(ApplicationFilterChain.java:138)
	at org.springframework.web.filter.RequestContextFilter.doFilterInternal(RequestContextFilter.java:100)
	at org.springframework.web.filter.OncePerRequestFilter.doFilter(OncePerRequestFilter.java:116)
	at org.apache.catalina.core.ApplicationFilterChain.internalDoFilter(ApplicationFilterChain.java:162)
	at org.apache.catalina.core.ApplicationFilterChain.doFilter(ApplicationFilterChain.java:138)
	at org.springframework.web.filter.FormContentFilter.doFilterInternal(FormContentFilter.java:93)
	at org.springframework.web.filter.OncePerRequestFilter.doFilter(OncePerRequestFilter.java:116)
	at org.apache.catalina.core.ApplicationFilterChain.internalDoFilter(ApplicationFilterChain.java:162)
	at org.apache.catalina.core.ApplicationFilterChain.doFilter(ApplicationFilterChain.java:138)
	at org.springframework.web.filter.CharacterEncodingFilter.doFilterInternal(CharacterEncodingFilter.java:201)
	at org.springframework.web.filter.OncePerRequestFilter.doFilter(OncePerRequestFilter.java:116)
	at org.apache.catalina.core.ApplicationFilterChain.internalDoFilter(ApplicationFilterChain.java:162)
	at org.apache.catalina.core.ApplicationFilterChain.doFilter(ApplicationFilterChain.java:138)
	at org.apache.catalina.core.StandardWrapperValve.invoke(StandardWrapperValve.java:165)
	at org.apache.catalina.core.StandardContextValve.invoke(StandardContextValve.java:88)
	at org.apache.catalina.authenticator.AuthenticatorBase.invoke(AuthenticatorBase.java:492)
	at org.apache.catalina.core.StandardHostValve.invoke(StandardHostValve.java:113)
	at org.apache.catalina.valves.ErrorReportValve.invoke(ErrorReportValve.java:83)
	at org.apache.catalina.core.StandardEngineValve.invoke(StandardEngineValve.java:72)
	at org.apache.catalina.connector.CoyoteAdapter.service(CoyoteAdapter.java:342)
	at org.apache.coyote.http11.Http11Processor.service(Http11Processor.java:399)
	at org.apache.coyote.AbstractProcessorLight.process(AbstractProcessorLight.java:63)
	at org.apache.coyote.AbstractProtocol$ConnectionHandler.process(AbstractProtocol.java:903)
	at org.apache.tomcat.util.net.NioEndpoint$SocketProcessor.doRun(NioEndpoint.java:1775)
	at org.apache.tomcat.util.net.SocketProcessorBase.run(SocketProcessorBase.java:52)
	at org.apache.tomcat.util.threads.ThreadPoolExecutor.runWorker(ThreadPoolExecutor.java:973)
	at org.apache.tomcat.util.threads.ThreadPoolExecutor$Worker.run(ThreadPoolExecutor.java:491)
	at org.apache.tomcat.util.threads.TaskThread$WrappingRunnable.run(TaskThread.java:63)
	at java.base/java.lang.Thread.run(Thread.java:840)
13:13:55.777 -------- [http-nio-8080-exec-3] --- DEBUG --- o.s.security.web.FilterChainProxy -------- Securing GET /user/get-weather 
13:13:55.882 -------- [http-nio-8080-exec-3] --- DEBUG --- o.s.s.a.d.DaoAuthenticationProvider -------- Authenticated user 
13:13:55.883 -------- [http-nio-8080-exec-3] --- DEBUG --- o.s.s.w.a.w.BasicAuthenticationFilter -------- Set SecurityContextHolder to UsernamePasswordAuthenticationToken [Principal=org.springframework.security.core.userdetails.User [Username=david, Password=[PROTECTED], Enabled=true, AccountNonExpired=true, CredentialsNonExpired=true, AccountNonLocked=true, Granted Authorities=[ROLE_ADMIN, ROLE_USER]], Credentials=[PROTECTED], Authenticated=true, Details=WebAuthenticationDetails [RemoteIpAddress=0:0:0:0:0:0:0:1, SessionId=null], Granted Authorities=[ROLE_ADMIN, ROLE_USER]] 
13:13:55.883 -------- [http-nio-8080-exec-3] --- DEBUG --- o.s.security.web.FilterChainProxy -------- Secured GET /user/get-weather 
13:13:55.887 -------- [http-nio-8080-exec-3] --- ERROR --- c.app.journal.service.RedisService -------- error  
com.fasterxml.jackson.core.JsonParseException: Unrecognized token 'WeatherResponse': was expecting (JSON String, Number, Array, Object or token 'null', 'true' or 'false')
 at [Source: REDACTED (`StreamReadFeature.INCLUDE_SOURCE_IN_LOCATION` disabled); line: 1, column: 16]
	at com.fasterxml.jackson.core.JsonParser._constructError(JsonParser.java:2596)
	at com.fasterxml.jackson.core.JsonParser._constructReadException(JsonParser.java:2622)
	at com.fasterxml.jackson.core.JsonParser._constructReadException(JsonParser.java:2630)
	at com.fasterxml.jackson.core.base.ParserMinimalBase._reportError(ParserMinimalBase.java:830)
	at com.fasterxml.jackson.core.json.ReaderBasedJsonParser._reportInvalidToken(ReaderBasedJsonParser.java:3017)
	at com.fasterxml.jackson.core.json.ReaderBasedJsonParser._handleOddValue(ReaderBasedJsonParser.java:2051)
	at com.fasterxml.jackson.core.json.ReaderBasedJsonParser.nextToken(ReaderBasedJsonParser.java:780)
	at com.fasterxml.jackson.databind.ObjectMapper._initForReading(ObjectMapper.java:5066)
	at com.fasterxml.jackson.databind.ObjectMapper._readMapAndClose(ObjectMapper.java:4969)
	at com.fasterxml.jackson.databind.ObjectMapper.readValue(ObjectMapper.java:3895)
	at com.fasterxml.jackson.databind.ObjectMapper.readValue(ObjectMapper.java:3863)
	at com.app.journal.service.RedisService.get(RedisService.java:23)
	at com.app.journal.service.WeatherService.getWeather(WeatherService.java:32)
	at com.app.journal.controller.UserController.getweather(UserController.java:71)
	at java.base/jdk.internal.reflect.NativeMethodAccessorImpl.invoke0(Native Method)
	at java.base/jdk.internal.reflect.NativeMethodAccessorImpl.invoke(NativeMethodAccessorImpl.java:77)
	at java.base/jdk.internal.reflect.DelegatingMethodAccessorImpl.invoke(DelegatingMethodAccessorImpl.java:43)
	at java.base/java.lang.reflect.Method.invoke(Method.java:569)
	at org.springframework.web.method.support.InvocableHandlerMethod.doInvoke(InvocableHandlerMethod.java:258)
	at org.springframework.web.method.support.InvocableHandlerMethod.invokeForRequest(InvocableHandlerMethod.java:191)
	at org.springframework.web.servlet.mvc.method.annotation.ServletInvocableHandlerMethod.invokeAndHandle(ServletInvocableHandlerMethod.java:118)
	at org.springframework.web.servlet.mvc.method.annotation.RequestMappingHandlerAdapter.invokeHandlerMethod(RequestMappingHandlerAdapter.java:991)
	at org.springframework.web.servlet.mvc.method.annotation.RequestMappingHandlerAdapter.handleInternal(RequestMappingHandlerAdapter.java:896)
	at org.springframework.web.servlet.mvc.method.AbstractHandlerMethodAdapter.handle(AbstractHandlerMethodAdapter.java:87)
	at org.springframework.web.servlet.DispatcherServlet.doDispatch(DispatcherServlet.java:1089)
	at org.springframework.web.servlet.DispatcherServlet.doService(DispatcherServlet.java:979)
	at org.springframework.web.servlet.FrameworkServlet.processRequest(FrameworkServlet.java:1014)
	at org.springframework.web.servlet.FrameworkServlet.doGet(FrameworkServlet.java:903)
	at jakarta.servlet.http.HttpServlet.service(HttpServlet.java:564)
	at org.springframework.web.servlet.FrameworkServlet.service(FrameworkServlet.java:885)
	at jakarta.servlet.http.HttpServlet.service(HttpServlet.java:658)
	at org.apache.catalina.core.ApplicationFilterChain.internalDoFilter(ApplicationFilterChain.java:193)
	at org.apache.catalina.core.ApplicationFilterChain.doFilter(ApplicationFilterChain.java:138)
	at org.apache.tomcat.websocket.server.WsFilter.doFilter(WsFilter.java:51)
	at org.apache.catalina.core.ApplicationFilterChain.internalDoFilter(ApplicationFilterChain.java:162)
	at org.apache.catalina.core.ApplicationFilterChain.doFilter(ApplicationFilterChain.java:138)
	at org.springframework.web.filter.CompositeFilter$VirtualFilterChain.doFilter(CompositeFilter.java:108)
	at org.springframework.web.filter.CompositeFilter$VirtualFilterChain.doFilter(CompositeFilter.java:108)
	at org.springframework.security.web.FilterChainProxy.lambda$doFilterInternal$3(FilterChainProxy.java:231)
	at org.springframework.security.web.FilterChainProxy$VirtualFilterChain.doFilter(FilterChainProxy.java:365)
	at org.springframework.security.web.access.intercept.AuthorizationFilter.doFilter(AuthorizationFilter.java:101)
	at org.springframework.security.web.FilterChainProxy$VirtualFilterChain.doFilter(FilterChainProxy.java:374)
	at org.springframework.security.web.access.ExceptionTranslationFilter.doFilter(ExceptionTranslationFilter.java:125)
	at org.springframework.security.web.access.ExceptionTranslationFilter.doFilter(ExceptionTranslationFilter.java:119)
	at org.springframework.security.web.FilterChainProxy$VirtualFilterChain.doFilter(FilterChainProxy.java:374)
	at org.springframework.security.web.authentication.AnonymousAuthenticationFilter.doFilter(AnonymousAuthenticationFilter.java:100)
	at org.springframework.security.web.FilterChainProxy$VirtualFilterChain.doFilter(FilterChainProxy.java:374)
	at org.springframework.security.web.servletapi.SecurityContextHolderAwareRequestFilter.doFilter(SecurityContextHolderAwareRequestFilter.java:179)
	at org.springframework.security.web.FilterChainProxy$VirtualFilterChain.doFilter(FilterChainProxy.java:374)
	at org.springframework.security.web.savedrequest.RequestCacheAwareFilter.doFilter(RequestCacheAwareFilter.java:63)
	at org.springframework.security.web.FilterChainProxy$VirtualFilterChain.doFilter(FilterChainProxy.java:374)
	at org.springframework.security.web.authentication.www.BasicAuthenticationFilter.doFilterInternal(BasicAuthenticationFilter.java:213)
	at org.springframework.web.filter.OncePerRequestFilter.doFilter(OncePerRequestFilter.java:116)
	at org.springframework.security.web.FilterChainProxy$VirtualFilterChain.doFilter(FilterChainProxy.java:374)
	at org.springframework.security.web.authentication.logout.LogoutFilter.doFilter(LogoutFilter.java:107)
	at org.springframework.security.web.authentication.logout.LogoutFilter.doFilter(LogoutFilter.java:93)
	at org.springframework.security.web.FilterChainProxy$VirtualFilterChain.doFilter(FilterChainProxy.java:374)
	at org.springframework.security.web.header.HeaderWriterFilter.doHeadersAfter(HeaderWriterFilter.java:90)
	at org.springframework.security.web.header.HeaderWriterFilter.doFilterInternal(HeaderWriterFilter.java:75)
	at org.springframework.web.filter.OncePerRequestFilter.doFilter(OncePerRequestFilter.java:116)
	at org.springframework.security.web.FilterChainProxy$VirtualFilterChain.doFilter(FilterChainProxy.java:374)
	at org.springframework.security.web.context.SecurityContextHolderFilter.doFilter(SecurityContextHolderFilter.java:82)
	at org.springframework.security.web.context.SecurityContextHolderFilter.doFilter(SecurityContextHolderFilter.java:69)
	at org.springframework.security.web.FilterChainProxy$VirtualFilterChain.doFilter(FilterChainProxy.java:374)
	at org.springframework.security.web.context.request.async.WebAsyncManagerIntegrationFilter.doFilterInternal(WebAsyncManagerIntegrationFilter.java:62)
	at org.springframework.web.filter.OncePerRequestFilter.doFilter(OncePerRequestFilter.java:116)
	at org.springframework.security.web.FilterChainProxy$VirtualFilterChain.doFilter(FilterChainProxy.java:374)
	at org.springframework.security.web.session.DisableEncodeUrlFilter.doFilterInternal(DisableEncodeUrlFilter.java:42)
	at org.springframework.web.filter.OncePerRequestFilter.doFilter(OncePerRequestFilter.java:116)
	at org.springframework.security.web.FilterChainProxy$VirtualFilterChain.doFilter(FilterChainProxy.java:374)
	at org.springframework.security.web.FilterChainProxy.doFilterInternal(FilterChainProxy.java:233)
	at org.springframework.security.web.FilterChainProxy.doFilter(FilterChainProxy.java:191)
	at org.springframework.web.filter.CompositeFilter$VirtualFilterChain.doFilter(CompositeFilter.java:113)
	at org.springframework.web.filter.ServletRequestPathFilter.doFilter(ServletRequestPathFilter.java:52)
	at org.springframework.web.filter.CompositeFilter$VirtualFilterChain.doFilter(CompositeFilter.java:113)
	at org.springframework.web.filter.CompositeFilter.doFilter(CompositeFilter.java:74)
	at org.springframework.security.config.annotation.web.configuration.WebSecurityConfiguration$CompositeFilterChainProxy.doFilter(WebSecurityConfiguration.java:319)
	at org.springframework.web.filter.CompositeFilter$VirtualFilterChain.doFilter(CompositeFilter.java:113)
	at org.springframework.web.servlet.handler.HandlerMappingIntrospector.lambda$createCacheFilter$4(HandlerMappingIntrospector.java:267)
	at org.springframework.web.filter.CompositeFilter$VirtualFilterChain.doFilter(CompositeFilter.java:113)
	at org.springframework.web.filter.CompositeFilter.doFilter(CompositeFilter.java:74)
	at org.springframework.security.config.annotation.web.configuration.WebMvcSecurityConfiguration$CompositeFilterChainProxy.doFilter(WebMvcSecurityConfiguration.java:240)
	at org.springframework.web.filter.DelegatingFilterProxy.invokeDelegate(DelegatingFilterProxy.java:362)
	at org.springframework.web.filter.DelegatingFilterProxy.doFilter(DelegatingFilterProxy.java:278)
	at org.apache.catalina.core.ApplicationFilterChain.internalDoFilter(ApplicationFilterChain.java:162)
	at org.apache.catalina.core.ApplicationFilterChain.doFilter(ApplicationFilterChain.java:138)
	at org.springframework.web.filter.RequestContextFilter.doFilterInternal(RequestContextFilter.java:100)
	at org.springframework.web.filter.OncePerRequestFilter.doFilter(OncePerRequestFilter.java:116)
	at org.apache.catalina.core.ApplicationFilterChain.internalDoFilter(ApplicationFilterChain.java:162)
	at org.apache.catalina.core.ApplicationFilterChain.doFilter(ApplicationFilterChain.java:138)
	at org.springframework.web.filter.FormContentFilter.doFilterInternal(FormContentFilter.java:93)
	at org.springframework.web.filter.OncePerRequestFilter.doFilter(OncePerRequestFilter.java:116)
	at org.apache.catalina.core.ApplicationFilterChain.internalDoFilter(ApplicationFilterChain.java:162)
	at org.apache.catalina.core.ApplicationFilterChain.doFilter(ApplicationFilterChain.java:138)
	at org.springframework.web.filter.CharacterEncodingFilter.doFilterInternal(CharacterEncodingFilter.java:201)
	at org.springframework.web.filter.OncePerRequestFilter.doFilter(OncePerRequestFilter.java:116)
	at org.apache.catalina.core.ApplicationFilterChain.internalDoFilter(ApplicationFilterChain.java:162)
	at org.apache.catalina.core.ApplicationFilterChain.doFilter(ApplicationFilterChain.java:138)
	at org.apache.catalina.core.StandardWrapperValve.invoke(StandardWrapperValve.java:165)
	at org.apache.catalina.core.StandardContextValve.invoke(StandardContextValve.java:88)
	at org.apache.catalina.authenticator.AuthenticatorBase.invoke(AuthenticatorBase.java:492)
	at org.apache.catalina.core.StandardHostValve.invoke(StandardHostValve.java:113)
	at org.apache.catalina.valves.ErrorReportValve.invoke(ErrorReportValve.java:83)
	at org.apache.catalina.core.StandardEngineValve.invoke(StandardEngineValve.java:72)
	at org.apache.catalina.connector.CoyoteAdapter.service(CoyoteAdapter.java:342)
	at org.apache.coyote.http11.Http11Processor.service(Http11Processor.java:399)
	at org.apache.coyote.AbstractProcessorLight.process(AbstractProcessorLight.java:63)
	at org.apache.coyote.AbstractProtocol$ConnectionHandler.process(AbstractProtocol.java:903)
	at org.apache.tomcat.util.net.NioEndpoint$SocketProcessor.doRun(NioEndpoint.java:1775)
	at org.apache.tomcat.util.net.SocketProcessorBase.run(SocketProcessorBase.java:52)
	at org.apache.tomcat.util.threads.ThreadPoolExecutor.runWorker(ThreadPoolExecutor.java:973)
	at org.apache.tomcat.util.threads.ThreadPoolExecutor$Worker.run(ThreadPoolExecutor.java:491)
	at org.apache.tomcat.util.threads.TaskThread$WrappingRunnable.run(TaskThread.java:63)
	at java.base/java.lang.Thread.run(Thread.java:840)
13:15:40.902 -------- [http-nio-8080-exec-6] --- DEBUG --- o.s.security.web.FilterChainProxy -------- Securing GET /user/get-weather 
13:15:41.005 -------- [http-nio-8080-exec-6] --- DEBUG --- o.s.s.a.d.DaoAuthenticationProvider -------- Authenticated user 
13:15:41.006 -------- [http-nio-8080-exec-6] --- DEBUG --- o.s.s.w.a.w.BasicAuthenticationFilter -------- Set SecurityContextHolder to UsernamePasswordAuthenticationToken [Principal=org.springframework.security.core.userdetails.User [Username=david, Password=[PROTECTED], Enabled=true, AccountNonExpired=true, CredentialsNonExpired=true, AccountNonLocked=true, Granted Authorities=[ROLE_ADMIN, ROLE_USER]], Credentials=[PROTECTED], Authenticated=true, Details=WebAuthenticationDetails [RemoteIpAddress=0:0:0:0:0:0:0:1, SessionId=null], Granted Authorities=[ROLE_ADMIN, ROLE_USER]] 
13:15:41.006 -------- [http-nio-8080-exec-6] --- DEBUG --- o.s.security.web.FilterChainProxy -------- Secured GET /user/get-weather 
13:15:41.009 -------- [http-nio-8080-exec-6] --- ERROR --- c.app.journal.service.RedisService -------- error  
com.fasterxml.jackson.core.JsonParseException: Unrecognized token 'WeatherResponse': was expecting (JSON String, Number, Array, Object or token 'null', 'true' or 'false')
 at [Source: REDACTED (`StreamReadFeature.INCLUDE_SOURCE_IN_LOCATION` disabled); line: 1, column: 16]
	at com.fasterxml.jackson.core.JsonParser._constructError(JsonParser.java:2596)
	at com.fasterxml.jackson.core.JsonParser._constructReadException(JsonParser.java:2622)
	at com.fasterxml.jackson.core.JsonParser._constructReadException(JsonParser.java:2630)
	at com.fasterxml.jackson.core.base.ParserMinimalBase._reportError(ParserMinimalBase.java:830)
	at com.fasterxml.jackson.core.json.ReaderBasedJsonParser._reportInvalidToken(ReaderBasedJsonParser.java:3017)
	at com.fasterxml.jackson.core.json.ReaderBasedJsonParser._handleOddValue(ReaderBasedJsonParser.java:2051)
	at com.fasterxml.jackson.core.json.ReaderBasedJsonParser.nextToken(ReaderBasedJsonParser.java:780)
	at com.fasterxml.jackson.databind.ObjectMapper._initForReading(ObjectMapper.java:5066)
	at com.fasterxml.jackson.databind.ObjectMapper._readMapAndClose(ObjectMapper.java:4969)
	at com.fasterxml.jackson.databind.ObjectMapper.readValue(ObjectMapper.java:3895)
	at com.fasterxml.jackson.databind.ObjectMapper.readValue(ObjectMapper.java:3863)
	at com.app.journal.service.RedisService.get(RedisService.java:23)
	at com.app.journal.service.WeatherService.getWeather(WeatherService.java:32)
	at com.app.journal.controller.UserController.getweather(UserController.java:71)
	at java.base/jdk.internal.reflect.NativeMethodAccessorImpl.invoke0(Native Method)
	at java.base/jdk.internal.reflect.NativeMethodAccessorImpl.invoke(NativeMethodAccessorImpl.java:77)
	at java.base/jdk.internal.reflect.DelegatingMethodAccessorImpl.invoke(DelegatingMethodAccessorImpl.java:43)
	at java.base/java.lang.reflect.Method.invoke(Method.java:569)
	at org.springframework.web.method.support.InvocableHandlerMethod.doInvoke(InvocableHandlerMethod.java:258)
	at org.springframework.web.method.support.InvocableHandlerMethod.invokeForRequest(InvocableHandlerMethod.java:191)
	at org.springframework.web.servlet.mvc.method.annotation.ServletInvocableHandlerMethod.invokeAndHandle(ServletInvocableHandlerMethod.java:118)
	at org.springframework.web.servlet.mvc.method.annotation.RequestMappingHandlerAdapter.invokeHandlerMethod(RequestMappingHandlerAdapter.java:991)
	at org.springframework.web.servlet.mvc.method.annotation.RequestMappingHandlerAdapter.handleInternal(RequestMappingHandlerAdapter.java:896)
	at org.springframework.web.servlet.mvc.method.AbstractHandlerMethodAdapter.handle(AbstractHandlerMethodAdapter.java:87)
	at org.springframework.web.servlet.DispatcherServlet.doDispatch(DispatcherServlet.java:1089)
	at org.springframework.web.servlet.DispatcherServlet.doService(DispatcherServlet.java:979)
	at org.springframework.web.servlet.FrameworkServlet.processRequest(FrameworkServlet.java:1014)
	at org.springframework.web.servlet.FrameworkServlet.doGet(FrameworkServlet.java:903)
	at jakarta.servlet.http.HttpServlet.service(HttpServlet.java:564)
	at org.springframework.web.servlet.FrameworkServlet.service(FrameworkServlet.java:885)
	at jakarta.servlet.http.HttpServlet.service(HttpServlet.java:658)
	at org.apache.catalina.core.ApplicationFilterChain.internalDoFilter(ApplicationFilterChain.java:193)
	at org.apache.catalina.core.ApplicationFilterChain.doFilter(ApplicationFilterChain.java:138)
	at org.apache.tomcat.websocket.server.WsFilter.doFilter(WsFilter.java:51)
	at org.apache.catalina.core.ApplicationFilterChain.internalDoFilter(ApplicationFilterChain.java:162)
	at org.apache.catalina.core.ApplicationFilterChain.doFilter(ApplicationFilterChain.java:138)
	at org.springframework.web.filter.CompositeFilter$VirtualFilterChain.doFilter(CompositeFilter.java:108)
	at org.springframework.web.filter.CompositeFilter$VirtualFilterChain.doFilter(CompositeFilter.java:108)
	at org.springframework.security.web.FilterChainProxy.lambda$doFilterInternal$3(FilterChainProxy.java:231)
	at org.springframework.security.web.FilterChainProxy$VirtualFilterChain.doFilter(FilterChainProxy.java:365)
	at org.springframework.security.web.access.intercept.AuthorizationFilter.doFilter(AuthorizationFilter.java:101)
	at org.springframework.security.web.FilterChainProxy$VirtualFilterChain.doFilter(FilterChainProxy.java:374)
	at org.springframework.security.web.access.ExceptionTranslationFilter.doFilter(ExceptionTranslationFilter.java:125)
	at org.springframework.security.web.access.ExceptionTranslationFilter.doFilter(ExceptionTranslationFilter.java:119)
	at org.springframework.security.web.FilterChainProxy$VirtualFilterChain.doFilter(FilterChainProxy.java:374)
	at org.springframework.security.web.authentication.AnonymousAuthenticationFilter.doFilter(AnonymousAuthenticationFilter.java:100)
	at org.springframework.security.web.FilterChainProxy$VirtualFilterChain.doFilter(FilterChainProxy.java:374)
	at org.springframework.security.web.servletapi.SecurityContextHolderAwareRequestFilter.doFilter(SecurityContextHolderAwareRequestFilter.java:179)
	at org.springframework.security.web.FilterChainProxy$VirtualFilterChain.doFilter(FilterChainProxy.java:374)
	at org.springframework.security.web.savedrequest.RequestCacheAwareFilter.doFilter(RequestCacheAwareFilter.java:63)
	at org.springframework.security.web.FilterChainProxy$VirtualFilterChain.doFilter(FilterChainProxy.java:374)
	at org.springframework.security.web.authentication.www.BasicAuthenticationFilter.doFilterInternal(BasicAuthenticationFilter.java:213)
	at org.springframework.web.filter.OncePerRequestFilter.doFilter(OncePerRequestFilter.java:116)
	at org.springframework.security.web.FilterChainProxy$VirtualFilterChain.doFilter(FilterChainProxy.java:374)
	at org.springframework.security.web.authentication.logout.LogoutFilter.doFilter(LogoutFilter.java:107)
	at org.springframework.security.web.authentication.logout.LogoutFilter.doFilter(LogoutFilter.java:93)
	at org.springframework.security.web.FilterChainProxy$VirtualFilterChain.doFilter(FilterChainProxy.java:374)
	at org.springframework.security.web.header.HeaderWriterFilter.doHeadersAfter(HeaderWriterFilter.java:90)
	at org.springframework.security.web.header.HeaderWriterFilter.doFilterInternal(HeaderWriterFilter.java:75)
	at org.springframework.web.filter.OncePerRequestFilter.doFilter(OncePerRequestFilter.java:116)
	at org.springframework.security.web.FilterChainProxy$VirtualFilterChain.doFilter(FilterChainProxy.java:374)
	at org.springframework.security.web.context.SecurityContextHolderFilter.doFilter(SecurityContextHolderFilter.java:82)
	at org.springframework.security.web.context.SecurityContextHolderFilter.doFilter(SecurityContextHolderFilter.java:69)
	at org.springframework.security.web.FilterChainProxy$VirtualFilterChain.doFilter(FilterChainProxy.java:374)
	at org.springframework.security.web.context.request.async.WebAsyncManagerIntegrationFilter.doFilterInternal(WebAsyncManagerIntegrationFilter.java:62)
	at org.springframework.web.filter.OncePerRequestFilter.doFilter(OncePerRequestFilter.java:116)
	at org.springframework.security.web.FilterChainProxy$VirtualFilterChain.doFilter(FilterChainProxy.java:374)
	at org.springframework.security.web.session.DisableEncodeUrlFilter.doFilterInternal(DisableEncodeUrlFilter.java:42)
	at org.springframework.web.filter.OncePerRequestFilter.doFilter(OncePerRequestFilter.java:116)
	at org.springframework.security.web.FilterChainProxy$VirtualFilterChain.doFilter(FilterChainProxy.java:374)
	at org.springframework.security.web.FilterChainProxy.doFilterInternal(FilterChainProxy.java:233)
	at org.springframework.security.web.FilterChainProxy.doFilter(FilterChainProxy.java:191)
	at org.springframework.web.filter.CompositeFilter$VirtualFilterChain.doFilter(CompositeFilter.java:113)
	at org.springframework.web.filter.ServletRequestPathFilter.doFilter(ServletRequestPathFilter.java:52)
	at org.springframework.web.filter.CompositeFilter$VirtualFilterChain.doFilter(CompositeFilter.java:113)
	at org.springframework.web.filter.CompositeFilter.doFilter(CompositeFilter.java:74)
	at org.springframework.security.config.annotation.web.configuration.WebSecurityConfiguration$CompositeFilterChainProxy.doFilter(WebSecurityConfiguration.java:319)
	at org.springframework.web.filter.CompositeFilter$VirtualFilterChain.doFilter(CompositeFilter.java:113)
	at org.springframework.web.servlet.handler.HandlerMappingIntrospector.lambda$createCacheFilter$4(HandlerMappingIntrospector.java:267)
	at org.springframework.web.filter.CompositeFilter$VirtualFilterChain.doFilter(CompositeFilter.java:113)
	at org.springframework.web.filter.CompositeFilter.doFilter(CompositeFilter.java:74)
	at org.springframework.security.config.annotation.web.configuration.WebMvcSecurityConfiguration$CompositeFilterChainProxy.doFilter(WebMvcSecurityConfiguration.java:240)
	at org.springframework.web.filter.DelegatingFilterProxy.invokeDelegate(DelegatingFilterProxy.java:362)
	at org.springframework.web.filter.DelegatingFilterProxy.doFilter(DelegatingFilterProxy.java:278)
	at org.apache.catalina.core.ApplicationFilterChain.internalDoFilter(ApplicationFilterChain.java:162)
	at org.apache.catalina.core.ApplicationFilterChain.doFilter(ApplicationFilterChain.java:138)
	at org.springframework.web.filter.RequestContextFilter.doFilterInternal(RequestContextFilter.java:100)
	at org.springframework.web.filter.OncePerRequestFilter.doFilter(OncePerRequestFilter.java:116)
	at org.apache.catalina.core.ApplicationFilterChain.internalDoFilter(ApplicationFilterChain.java:162)
	at org.apache.catalina.core.ApplicationFilterChain.doFilter(ApplicationFilterChain.java:138)
	at org.springframework.web.filter.FormContentFilter.doFilterInternal(FormContentFilter.java:93)
	at org.springframework.web.filter.OncePerRequestFilter.doFilter(OncePerRequestFilter.java:116)
	at org.apache.catalina.core.ApplicationFilterChain.internalDoFilter(ApplicationFilterChain.java:162)
	at org.apache.catalina.core.ApplicationFilterChain.doFilter(ApplicationFilterChain.java:138)
	at org.springframework.web.filter.CharacterEncodingFilter.doFilterInternal(CharacterEncodingFilter.java:201)
	at org.springframework.web.filter.OncePerRequestFilter.doFilter(OncePerRequestFilter.java:116)
	at org.apache.catalina.core.ApplicationFilterChain.internalDoFilter(ApplicationFilterChain.java:162)
	at org.apache.catalina.core.ApplicationFilterChain.doFilter(ApplicationFilterChain.java:138)
	at org.apache.catalina.core.StandardWrapperValve.invoke(StandardWrapperValve.java:165)
	at org.apache.catalina.core.StandardContextValve.invoke(StandardContextValve.java:88)
	at org.apache.catalina.authenticator.AuthenticatorBase.invoke(AuthenticatorBase.java:492)
	at org.apache.catalina.core.StandardHostValve.invoke(StandardHostValve.java:113)
	at org.apache.catalina.valves.ErrorReportValve.invoke(ErrorReportValve.java:83)
	at org.apache.catalina.core.StandardEngineValve.invoke(StandardEngineValve.java:72)
	at org.apache.catalina.connector.CoyoteAdapter.service(CoyoteAdapter.java:342)
	at org.apache.coyote.http11.Http11Processor.service(Http11Processor.java:399)
	at org.apache.coyote.AbstractProcessorLight.process(AbstractProcessorLight.java:63)
	at org.apache.coyote.AbstractProtocol$ConnectionHandler.process(AbstractProtocol.java:903)
	at org.apache.tomcat.util.net.NioEndpoint$SocketProcessor.doRun(NioEndpoint.java:1775)
	at org.apache.tomcat.util.net.SocketProcessorBase.run(SocketProcessorBase.java:52)
	at org.apache.tomcat.util.threads.ThreadPoolExecutor.runWorker(ThreadPoolExecutor.java:973)
	at org.apache.tomcat.util.threads.ThreadPoolExecutor$Worker.run(ThreadPoolExecutor.java:491)
	at org.apache.tomcat.util.threads.TaskThread$WrappingRunnable.run(TaskThread.java:63)
	at java.base/java.lang.Thread.run(Thread.java:840)
13:15:42.898 -------- [http-nio-8080-exec-7] --- DEBUG --- o.s.security.web.FilterChainProxy -------- Securing GET /user/get-weather 
13:15:42.994 -------- [http-nio-8080-exec-7] --- DEBUG --- o.s.s.a.d.DaoAuthenticationProvider -------- Authenticated user 
13:15:42.995 -------- [http-nio-8080-exec-7] --- DEBUG --- o.s.s.w.a.w.BasicAuthenticationFilter -------- Set SecurityContextHolder to UsernamePasswordAuthenticationToken [Principal=org.springframework.security.core.userdetails.User [Username=david, Password=[PROTECTED], Enabled=true, AccountNonExpired=true, CredentialsNonExpired=true, AccountNonLocked=true, Granted Authorities=[ROLE_ADMIN, ROLE_USER]], Credentials=[PROTECTED], Authenticated=true, Details=WebAuthenticationDetails [RemoteIpAddress=0:0:0:0:0:0:0:1, SessionId=null], Granted Authorities=[ROLE_ADMIN, ROLE_USER]] 
13:15:42.995 -------- [http-nio-8080-exec-7] --- DEBUG --- o.s.security.web.FilterChainProxy -------- Secured GET /user/get-weather 
13:15:42.998 -------- [http-nio-8080-exec-7] --- ERROR --- c.app.journal.service.RedisService -------- error  
com.fasterxml.jackson.core.JsonParseException: Unrecognized token 'WeatherResponse': was expecting (JSON String, Number, Array, Object or token 'null', 'true' or 'false')
 at [Source: REDACTED (`StreamReadFeature.INCLUDE_SOURCE_IN_LOCATION` disabled); line: 1, column: 16]
	at com.fasterxml.jackson.core.JsonParser._constructError(JsonParser.java:2596)
	at com.fasterxml.jackson.core.JsonParser._constructReadException(JsonParser.java:2622)
	at com.fasterxml.jackson.core.JsonParser._constructReadException(JsonParser.java:2630)
	at com.fasterxml.jackson.core.base.ParserMinimalBase._reportError(ParserMinimalBase.java:830)
	at com.fasterxml.jackson.core.json.ReaderBasedJsonParser._reportInvalidToken(ReaderBasedJsonParser.java:3017)
	at com.fasterxml.jackson.core.json.ReaderBasedJsonParser._handleOddValue(ReaderBasedJsonParser.java:2051)
	at com.fasterxml.jackson.core.json.ReaderBasedJsonParser.nextToken(ReaderBasedJsonParser.java:780)
	at com.fasterxml.jackson.databind.ObjectMapper._initForReading(ObjectMapper.java:5066)
	at com.fasterxml.jackson.databind.ObjectMapper._readMapAndClose(ObjectMapper.java:4969)
	at com.fasterxml.jackson.databind.ObjectMapper.readValue(ObjectMapper.java:3895)
	at com.fasterxml.jackson.databind.ObjectMapper.readValue(ObjectMapper.java:3863)
	at com.app.journal.service.RedisService.get(RedisService.java:23)
	at com.app.journal.service.WeatherService.getWeather(WeatherService.java:32)
	at com.app.journal.controller.UserController.getweather(UserController.java:71)
	at java.base/jdk.internal.reflect.NativeMethodAccessorImpl.invoke0(Native Method)
	at java.base/jdk.internal.reflect.NativeMethodAccessorImpl.invoke(NativeMethodAccessorImpl.java:77)
	at java.base/jdk.internal.reflect.DelegatingMethodAccessorImpl.invoke(DelegatingMethodAccessorImpl.java:43)
	at java.base/java.lang.reflect.Method.invoke(Method.java:569)
	at org.springframework.web.method.support.InvocableHandlerMethod.doInvoke(InvocableHandlerMethod.java:258)
	at org.springframework.web.method.support.InvocableHandlerMethod.invokeForRequest(InvocableHandlerMethod.java:191)
	at org.springframework.web.servlet.mvc.method.annotation.ServletInvocableHandlerMethod.invokeAndHandle(ServletInvocableHandlerMethod.java:118)
	at org.springframework.web.servlet.mvc.method.annotation.RequestMappingHandlerAdapter.invokeHandlerMethod(RequestMappingHandlerAdapter.java:991)
	at org.springframework.web.servlet.mvc.method.annotation.RequestMappingHandlerAdapter.handleInternal(RequestMappingHandlerAdapter.java:896)
	at org.springframework.web.servlet.mvc.method.AbstractHandlerMethodAdapter.handle(AbstractHandlerMethodAdapter.java:87)
	at org.springframework.web.servlet.DispatcherServlet.doDispatch(DispatcherServlet.java:1089)
	at org.springframework.web.servlet.DispatcherServlet.doService(DispatcherServlet.java:979)
	at org.springframework.web.servlet.FrameworkServlet.processRequest(FrameworkServlet.java:1014)
	at org.springframework.web.servlet.FrameworkServlet.doGet(FrameworkServlet.java:903)
	at jakarta.servlet.http.HttpServlet.service(HttpServlet.java:564)
	at org.springframework.web.servlet.FrameworkServlet.service(FrameworkServlet.java:885)
	at jakarta.servlet.http.HttpServlet.service(HttpServlet.java:658)
	at org.apache.catalina.core.ApplicationFilterChain.internalDoFilter(ApplicationFilterChain.java:193)
	at org.apache.catalina.core.ApplicationFilterChain.doFilter(ApplicationFilterChain.java:138)
	at org.apache.tomcat.websocket.server.WsFilter.doFilter(WsFilter.java:51)
	at org.apache.catalina.core.ApplicationFilterChain.internalDoFilter(ApplicationFilterChain.java:162)
	at org.apache.catalina.core.ApplicationFilterChain.doFilter(ApplicationFilterChain.java:138)
	at org.springframework.web.filter.CompositeFilter$VirtualFilterChain.doFilter(CompositeFilter.java:108)
	at org.springframework.web.filter.CompositeFilter$VirtualFilterChain.doFilter(CompositeFilter.java:108)
	at org.springframework.security.web.FilterChainProxy.lambda$doFilterInternal$3(FilterChainProxy.java:231)
	at org.springframework.security.web.FilterChainProxy$VirtualFilterChain.doFilter(FilterChainProxy.java:365)
	at org.springframework.security.web.access.intercept.AuthorizationFilter.doFilter(AuthorizationFilter.java:101)
	at org.springframework.security.web.FilterChainProxy$VirtualFilterChain.doFilter(FilterChainProxy.java:374)
	at org.springframework.security.web.access.ExceptionTranslationFilter.doFilter(ExceptionTranslationFilter.java:125)
	at org.springframework.security.web.access.ExceptionTranslationFilter.doFilter(ExceptionTranslationFilter.java:119)
	at org.springframework.security.web.FilterChainProxy$VirtualFilterChain.doFilter(FilterChainProxy.java:374)
	at org.springframework.security.web.authentication.AnonymousAuthenticationFilter.doFilter(AnonymousAuthenticationFilter.java:100)
	at org.springframework.security.web.FilterChainProxy$VirtualFilterChain.doFilter(FilterChainProxy.java:374)
	at org.springframework.security.web.servletapi.SecurityContextHolderAwareRequestFilter.doFilter(SecurityContextHolderAwareRequestFilter.java:179)
	at org.springframework.security.web.FilterChainProxy$VirtualFilterChain.doFilter(FilterChainProxy.java:374)
	at org.springframework.security.web.savedrequest.RequestCacheAwareFilter.doFilter(RequestCacheAwareFilter.java:63)
	at org.springframework.security.web.FilterChainProxy$VirtualFilterChain.doFilter(FilterChainProxy.java:374)
	at org.springframework.security.web.authentication.www.BasicAuthenticationFilter.doFilterInternal(BasicAuthenticationFilter.java:213)
	at org.springframework.web.filter.OncePerRequestFilter.doFilter(OncePerRequestFilter.java:116)
	at org.springframework.security.web.FilterChainProxy$VirtualFilterChain.doFilter(FilterChainProxy.java:374)
	at org.springframework.security.web.authentication.logout.LogoutFilter.doFilter(LogoutFilter.java:107)
	at org.springframework.security.web.authentication.logout.LogoutFilter.doFilter(LogoutFilter.java:93)
	at org.springframework.security.web.FilterChainProxy$VirtualFilterChain.doFilter(FilterChainProxy.java:374)
	at org.springframework.security.web.header.HeaderWriterFilter.doHeadersAfter(HeaderWriterFilter.java:90)
	at org.springframework.security.web.header.HeaderWriterFilter.doFilterInternal(HeaderWriterFilter.java:75)
	at org.springframework.web.filter.OncePerRequestFilter.doFilter(OncePerRequestFilter.java:116)
	at org.springframework.security.web.FilterChainProxy$VirtualFilterChain.doFilter(FilterChainProxy.java:374)
	at org.springframework.security.web.context.SecurityContextHolderFilter.doFilter(SecurityContextHolderFilter.java:82)
	at org.springframework.security.web.context.SecurityContextHolderFilter.doFilter(SecurityContextHolderFilter.java:69)
	at org.springframework.security.web.FilterChainProxy$VirtualFilterChain.doFilter(FilterChainProxy.java:374)
	at org.springframework.security.web.context.request.async.WebAsyncManagerIntegrationFilter.doFilterInternal(WebAsyncManagerIntegrationFilter.java:62)
	at org.springframework.web.filter.OncePerRequestFilter.doFilter(OncePerRequestFilter.java:116)
	at org.springframework.security.web.FilterChainProxy$VirtualFilterChain.doFilter(FilterChainProxy.java:374)
	at org.springframework.security.web.session.DisableEncodeUrlFilter.doFilterInternal(DisableEncodeUrlFilter.java:42)
	at org.springframework.web.filter.OncePerRequestFilter.doFilter(OncePerRequestFilter.java:116)
	at org.springframework.security.web.FilterChainProxy$VirtualFilterChain.doFilter(FilterChainProxy.java:374)
	at org.springframework.security.web.FilterChainProxy.doFilterInternal(FilterChainProxy.java:233)
	at org.springframework.security.web.FilterChainProxy.doFilter(FilterChainProxy.java:191)
	at org.springframework.web.filter.CompositeFilter$VirtualFilterChain.doFilter(CompositeFilter.java:113)
	at org.springframework.web.filter.ServletRequestPathFilter.doFilter(ServletRequestPathFilter.java:52)
	at org.springframework.web.filter.CompositeFilter$VirtualFilterChain.doFilter(CompositeFilter.java:113)
	at org.springframework.web.filter.CompositeFilter.doFilter(CompositeFilter.java:74)
	at org.springframework.security.config.annotation.web.configuration.WebSecurityConfiguration$CompositeFilterChainProxy.doFilter(WebSecurityConfiguration.java:319)
	at org.springframework.web.filter.CompositeFilter$VirtualFilterChain.doFilter(CompositeFilter.java:113)
	at org.springframework.web.servlet.handler.HandlerMappingIntrospector.lambda$createCacheFilter$4(HandlerMappingIntrospector.java:267)
	at org.springframework.web.filter.CompositeFilter$VirtualFilterChain.doFilter(CompositeFilter.java:113)
	at org.springframework.web.filter.CompositeFilter.doFilter(CompositeFilter.java:74)
	at org.springframework.security.config.annotation.web.configuration.WebMvcSecurityConfiguration$CompositeFilterChainProxy.doFilter(WebMvcSecurityConfiguration.java:240)
	at org.springframework.web.filter.DelegatingFilterProxy.invokeDelegate(DelegatingFilterProxy.java:362)
	at org.springframework.web.filter.DelegatingFilterProxy.doFilter(DelegatingFilterProxy.java:278)
	at org.apache.catalina.core.ApplicationFilterChain.internalDoFilter(ApplicationFilterChain.java:162)
	at org.apache.catalina.core.ApplicationFilterChain.doFilter(ApplicationFilterChain.java:138)
	at org.springframework.web.filter.RequestContextFilter.doFilterInternal(RequestContextFilter.java:100)
	at org.springframework.web.filter.OncePerRequestFilter.doFilter(OncePerRequestFilter.java:116)
	at org.apache.catalina.core.ApplicationFilterChain.internalDoFilter(ApplicationFilterChain.java:162)
	at org.apache.catalina.core.ApplicationFilterChain.doFilter(ApplicationFilterChain.java:138)
	at org.springframework.web.filter.FormContentFilter.doFilterInternal(FormContentFilter.java:93)
	at org.springframework.web.filter.OncePerRequestFilter.doFilter(OncePerRequestFilter.java:116)
	at org.apache.catalina.core.ApplicationFilterChain.internalDoFilter(ApplicationFilterChain.java:162)
	at org.apache.catalina.core.ApplicationFilterChain.doFilter(ApplicationFilterChain.java:138)
	at org.springframework.web.filter.CharacterEncodingFilter.doFilterInternal(CharacterEncodingFilter.java:201)
	at org.springframework.web.filter.OncePerRequestFilter.doFilter(OncePerRequestFilter.java:116)
	at org.apache.catalina.core.ApplicationFilterChain.internalDoFilter(ApplicationFilterChain.java:162)
	at org.apache.catalina.core.ApplicationFilterChain.doFilter(ApplicationFilterChain.java:138)
	at org.apache.catalina.core.StandardWrapperValve.invoke(StandardWrapperValve.java:165)
	at org.apache.catalina.core.StandardContextValve.invoke(StandardContextValve.java:88)
	at org.apache.catalina.authenticator.AuthenticatorBase.invoke(AuthenticatorBase.java:492)
	at org.apache.catalina.core.StandardHostValve.invoke(StandardHostValve.java:113)
	at org.apache.catalina.valves.ErrorReportValve.invoke(ErrorReportValve.java:83)
	at org.apache.catalina.core.StandardEngineValve.invoke(StandardEngineValve.java:72)
	at org.apache.catalina.connector.CoyoteAdapter.service(CoyoteAdapter.java:342)
	at org.apache.coyote.http11.Http11Processor.service(Http11Processor.java:399)
	at org.apache.coyote.AbstractProcessorLight.process(AbstractProcessorLight.java:63)
	at org.apache.coyote.AbstractProtocol$ConnectionHandler.process(AbstractProtocol.java:903)
	at org.apache.tomcat.util.net.NioEndpoint$SocketProcessor.doRun(NioEndpoint.java:1775)
	at org.apache.tomcat.util.net.SocketProcessorBase.run(SocketProcessorBase.java:52)
	at org.apache.tomcat.util.threads.ThreadPoolExecutor.runWorker(ThreadPoolExecutor.java:973)
	at org.apache.tomcat.util.threads.ThreadPoolExecutor$Worker.run(ThreadPoolExecutor.java:491)
	at org.apache.tomcat.util.threads.TaskThread$WrappingRunnable.run(TaskThread.java:63)
	at java.base/java.lang.Thread.run(Thread.java:840)
13:16:45.198 -------- [SpringApplicationShutdownHook] --- INFO  --- o.s.b.w.e.tomcat.GracefulShutdown -------- Commencing graceful shutdown. Waiting for active requests to complete 
13:16:45.392 -------- [tomcat-shutdown] --- INFO  --- o.s.b.w.e.tomcat.GracefulShutdown -------- Graceful shutdown complete 
13:16:48.516 -------- [restartedMain] --- INFO  --- c.app.journal.JournalAppApplication -------- Starting JournalAppApplication using Java 17.0.18 with PID 3276 (C:\Users\hp\Desktop\Study\Java-programs\JournalApplication\journal\target\classes started by hp in C:\Users\hp\Desktop\Study\Java-programs\JournalApplication) 
13:16:48.518 -------- [restartedMain] --- DEBUG --- c.app.journal.JournalAppApplication -------- Running with Spring Boot v3.5.11, Spring v6.2.16 
13:16:48.518 -------- [restartedMain] --- INFO  --- c.app.journal.JournalAppApplication -------- No active profile set, falling back to 1 default profile: "default" 
13:16:48.585 -------- [restartedMain] --- INFO  --- o.s.b.d.e.DevToolsPropertyDefaultsPostProcessor -------- Devtools property defaults active! Set 'spring.devtools.add-properties' to 'false' to disable 
13:16:48.586 -------- [restartedMain] --- INFO  --- o.s.b.d.e.DevToolsPropertyDefaultsPostProcessor -------- For additional web related logging consider setting the 'logging.level.web' property to 'DEBUG' 
13:16:49.399 -------- [restartedMain] --- INFO  --- o.s.d.r.c.RepositoryConfigurationDelegate -------- Multiple Spring Data modules found, entering strict repository configuration mode 
13:16:49.400 -------- [restartedMain] --- INFO  --- o.s.d.r.c.RepositoryConfigurationDelegate -------- Bootstrapping Spring Data MongoDB repositories in DEFAULT mode. 
13:16:49.506 -------- [restartedMain] --- INFO  --- o.s.d.r.c.RepositoryConfigurationDelegate -------- Finished Spring Data repository scanning in 101 ms. Found 3 MongoDB repository interfaces. 
13:16:49.525 -------- [restartedMain] --- INFO  --- o.s.d.r.c.RepositoryConfigurationDelegate -------- Multiple Spring Data modules found, entering strict repository configuration mode 
13:16:49.526 -------- [restartedMain] --- INFO  --- o.s.d.r.c.RepositoryConfigurationDelegate -------- Bootstrapping Spring Data Redis repositories in DEFAULT mode. 
13:16:49.540 -------- [restartedMain] --- INFO  --- o.s.d.r.c.RepositoryConfigurationExtensionSupport -------- Spring Data Redis - Could not safely identify store assignment for repository candidate interface com.app.journal.repository.ConfigJournalAppRepository; If you want this repository to be a Redis repository, consider annotating your entities with one of these annotations: org.springframework.data.redis.core.RedisHash (preferred), or consider extending one of the following types with your repository: org.springframework.data.keyvalue.repository.KeyValueRepository 
13:16:49.540 -------- [restartedMain] --- INFO  --- o.s.d.r.c.RepositoryConfigurationExtensionSupport -------- Spring Data Redis - Could not safely identify store assignment for repository candidate interface com.app.journal.repository.JournalEntryRepository; If you want this repository to be a Redis repository, consider annotating your entities with one of these annotations: org.springframework.data.redis.core.RedisHash (preferred), or consider extending one of the following types with your repository: org.springframework.data.keyvalue.repository.KeyValueRepository 
13:16:49.540 -------- [restartedMain] --- INFO  --- o.s.d.r.c.RepositoryConfigurationExtensionSupport -------- Spring Data Redis - Could not safely identify store assignment for repository candidate interface com.app.journal.repository.UserRepository; If you want this repository to be a Redis repository, consider annotating your entities with one of these annotations: org.springframework.data.redis.core.RedisHash (preferred), or consider extending one of the following types with your repository: org.springframework.data.keyvalue.repository.KeyValueRepository 
13:16:49.540 -------- [restartedMain] --- INFO  --- o.s.d.r.c.RepositoryConfigurationDelegate -------- Finished Spring Data repository scanning in 7 ms. Found 0 Redis repository interfaces. 
13:16:50.140 -------- [restartedMain] --- INFO  --- o.s.b.w.e.tomcat.TomcatWebServer -------- Tomcat initialized with port 8080 (http) 
13:16:50.153 -------- [restartedMain] --- INFO  --- o.a.coyote.http11.Http11NioProtocol -------- Initializing ProtocolHandler ["http-nio-8080"] 
13:16:50.156 -------- [restartedMain] --- INFO  --- o.a.catalina.core.StandardService -------- Starting service [Tomcat] 
13:16:50.156 -------- [restartedMain] --- INFO  --- o.a.catalina.core.StandardEngine -------- Starting Servlet engine: [Apache Tomcat/10.1.52] 
13:16:50.197 -------- [restartedMain] --- INFO  --- o.a.c.c.C.[Tomcat].[localhost].[/] -------- Initializing Spring embedded WebApplicationContext 
13:16:50.198 -------- [restartedMain] --- INFO  --- o.s.b.w.s.c.ServletWebServerApplicationContext -------- Root WebApplicationContext: initialization completed in 1611 ms 
13:16:50.521 -------- [cluster-ClusterId{value='69ba586aad4bbf2296934106', description='Cluster0'}-srv-cluster0.b7jb1jb.mongodb.net] --- INFO  --- org.mongodb.driver.cluster -------- Adding discovered server ac-jcz0paw-shard-00-00.b7jb1jb.mongodb.net:27017 to client view of cluster 
13:16:50.545 -------- [restartedMain] --- INFO  --- org.mongodb.driver.client -------- MongoClient with metadata {"application": {"name": "Cluster0"}, "driver": {"name": "mongo-java-driver|sync|spring-boot", "version": "5.5.2"}, "os": {"type": "Windows", "name": "Windows 11", "architecture": "amd64", "version": "10.0"}, "platform": "Java/Microsoft/17.0.18+8-LTS"} created with settings MongoClientSettings{readPreference=primary, writeConcern=WriteConcern{w=null, wTimeout=null ms, journal=null}, retryWrites=true, retryReads=true, readConcern=ReadConcern{level=null}, credential=MongoCredential{mechanism=null, userName='mailmerajansari_db_user', source='admin', password=<hidden>, mechanismProperties=<hidden>}, transportSettings=null, commandListeners=[], codecRegistry=ProvidersCodecRegistry{codecProviders=[ValueCodecProvider{}, BsonValueCodecProvider{}, DBRefCodecProvider{}, DBObjectCodecProvider{}, DocumentCodecProvider{}, CollectionCodecProvider{}, IterableCodecProvider{}, MapCodecProvider{}, GeoJsonCodecProvider{}, GridFSFileCodecProvider{}, Jsr310CodecProvider{}, JsonObjectCodecProvider{}, BsonCodecProvider{}, EnumCodecProvider{}, com.mongodb.client.model.mql.ExpressionCodecProvider@5e8203c3, com.mongodb.Jep395RecordCodecProvider@7193a4d4, com.mongodb.KotlinCodecProvider@1d7a6f33]}, loggerSettings=LoggerSettings{maxDocumentLength=1000}, clusterSettings={hosts=[127.0.0.1:27017], srvHost=cluster0.b7jb1jb.mongodb.net, srvServiceName=mongodb, mode=MULTIPLE, requiredClusterType=REPLICA_SET, requiredReplicaSetName='atlas-10vsg5-shard-0', serverSelector='null', clusterListeners='[]', serverSelectionTimeout='30000 ms', localThreshold='15 ms'}, socketSettings=SocketSettings{connectTimeoutMS=10000, readTimeoutMS=0, receiveBufferSize=0, proxySettings=ProxySettings{host=null, port=null, username=null, password=null}}, heartbeatSocketSettings=SocketSettings{connectTimeoutMS=10000, readTimeoutMS=10000, receiveBufferSize=0, proxySettings=ProxySettings{host=null, port=null, username=null, password=null}}, connectionPoolSettings=ConnectionPoolSettings{maxSize=100, minSize=0, maxWaitTimeMS=120000, maxConnectionLifeTimeMS=0, maxConnectionIdleTimeMS=0, maintenanceInitialDelayMS=0, maintenanceFrequencyMS=60000, connectionPoolListeners=[], maxConnecting=2}, serverSettings=ServerSettings{heartbeatFrequencyMS=10000, minHeartbeatFrequencyMS=500, serverMonitoringMode=AUTO, serverListeners='[]', serverMonitorListeners='[]'}, sslSettings=SslSettings{enabled=true, invalidHostNameAllowed=false, context=null}, applicationName='Cluster0', compressorList=[], uuidRepresentation=JAVA_LEGACY, serverApi=null, autoEncryptionSettings=null, dnsClient=null, inetAddressResolver=null, contextProvider=null, timeoutMS=null} 
13:16:50.554 -------- [cluster-ClusterId{value='69ba586aad4bbf2296934106', description='Cluster0'}-srv-cluster0.b7jb1jb.mongodb.net] --- INFO  --- org.mongodb.driver.cluster -------- Adding discovered server ac-jcz0paw-shard-00-01.b7jb1jb.mongodb.net:27017 to client view of cluster 
13:16:50.556 -------- [cluster-ClusterId{value='69ba586aad4bbf2296934106', description='Cluster0'}-srv-cluster0.b7jb1jb.mongodb.net] --- INFO  --- org.mongodb.driver.cluster -------- Adding discovered server ac-jcz0paw-shard-00-02.b7jb1jb.mongodb.net:27017 to client view of cluster 
13:16:50.767 -------- [restartedMain] --- INFO  --- o.s.b.d.a.OptionalLiveReloadServer -------- LiveReload server is running on port 35729 
13:16:50.947 -------- [restartedMain] --- INFO  --- org.mongodb.driver.cluster -------- Waiting for server to become available for operation with ID 5. Remaining time: 29992 ms. Selector: WritableServerSelector, topology description: {type=REPLICA_SET, servers=[{address=ac-jcz0paw-shard-00-01.b7jb1jb.mongodb.net:27017, type=UNKNOWN, state=CONNECTING}, {address=ac-jcz0paw-shard-00-02.b7jb1jb.mongodb.net:27017, type=UNKNOWN, state=CONNECTING}, {address=ac-jcz0paw-shard-00-00.b7jb1jb.mongodb.net:27017, type=UNKNOWN, state=CONNECTING}]. 
13:16:51.104 -------- [cluster-ClusterId{value='69ba586aad4bbf2296934106', description='Cluster0'}-ac-jcz0paw-shard-00-00.b7jb1jb.mongodb.net:27017] --- INFO  --- org.mongodb.driver.cluster -------- Monitor thread successfully connected to server with description ServerDescription{address=ac-jcz0paw-shard-00-00.b7jb1jb.mongodb.net:27017, type=REPLICA_SET_SECONDARY, cryptd=false, state=CONNECTED, ok=true, minWireVersion=0, maxWireVersion=25, maxDocumentSize=16777216, logicalSessionTimeoutMinutes=30, roundTripTimeNanos=283068700, minRoundTripTimeNanos=0, setName='atlas-10vsg5-shard-0', canonicalAddress=ac-jcz0paw-shard-00-00.b7jb1jb.mongodb.net:27017, hosts=[ac-jcz0paw-shard-00-01.b7jb1jb.mongodb.net:27017, ac-jcz0paw-shard-00-02.b7jb1jb.mongodb.net:27017, ac-jcz0paw-shard-00-00.b7jb1jb.mongodb.net:27017], passives=[], arbiters=[], primary='ac-jcz0paw-shard-00-02.b7jb1jb.mongodb.net:27017', tagSet=TagSet{[Tag{name='availabilityZone', value='aps1-az1'}, Tag{name='diskState', value='READY'}, Tag{name='nodeType', value='ELECTABLE'}, Tag{name='provider', value='AWS'}, Tag{name='region', value='AP_SOUTH_1'}, Tag{name='workloadType', value='OPERATIONAL'}]}, electionId=null, setVersion=57, topologyVersion=TopologyVersion{processId=69b30fd5ea006f2a16d8bf3e, counter=4}, lastWriteDate=Wed Mar 18 13:16:51 IST 2026, lastUpdateTimeNanos=1607807243398400} 
13:16:51.105 -------- [cluster-ClusterId{value='69ba586aad4bbf2296934106', description='Cluster0'}-ac-jcz0paw-shard-00-02.b7jb1jb.mongodb.net:27017] --- INFO  --- org.mongodb.driver.cluster -------- Monitor thread successfully connected to server with description ServerDescription{address=ac-jcz0paw-shard-00-02.b7jb1jb.mongodb.net:27017, type=REPLICA_SET_PRIMARY, cryptd=false, state=CONNECTED, ok=true, minWireVersion=0, maxWireVersion=25, maxDocumentSize=16777216, logicalSessionTimeoutMinutes=30, roundTripTimeNanos=283069500, minRoundTripTimeNanos=0, setName='atlas-10vsg5-shard-0', canonicalAddress=ac-jcz0paw-shard-00-02.b7jb1jb.mongodb.net:27017, hosts=[ac-jcz0paw-shard-00-01.b7jb1jb.mongodb.net:27017, ac-jcz0paw-shard-00-02.b7jb1jb.mongodb.net:27017, ac-jcz0paw-shard-00-00.b7jb1jb.mongodb.net:27017], passives=[], arbiters=[], primary='ac-jcz0paw-shard-00-02.b7jb1jb.mongodb.net:27017', tagSet=TagSet{[Tag{name='availabilityZone', value='aps1-az2'}, Tag{name='diskState', value='READY'}, Tag{name='nodeType', value='ELECTABLE'}, Tag{name='provider', value='AWS'}, Tag{name='region', value='AP_SOUTH_1'}, Tag{name='workloadType', value='OPERATIONAL'}]}, electionId=7fffffff00000000000000dc, setVersion=57, topologyVersion=TopologyVersion{processId=69b311ad332d80e6a3807b8e, counter=6}, lastWriteDate=Wed Mar 18 13:16:51 IST 2026, lastUpdateTimeNanos=1607807243398400} 
13:16:51.106 -------- [cluster-ClusterId{value='69ba586aad4bbf2296934106', description='Cluster0'}-ac-jcz0paw-shard-00-01.b7jb1jb.mongodb.net:27017] --- INFO  --- org.mongodb.driver.cluster -------- Monitor thread successfully connected to server with description ServerDescription{address=ac-jcz0paw-shard-00-01.b7jb1jb.mongodb.net:27017, type=REPLICA_SET_SECONDARY, cryptd=false, state=CONNECTED, ok=true, minWireVersion=0, maxWireVersion=25, maxDocumentSize=16777216, logicalSessionTimeoutMinutes=30, roundTripTimeNanos=283060700, minRoundTripTimeNanos=0, setName='atlas-10vsg5-shard-0', canonicalAddress=ac-jcz0paw-shard-00-01.b7jb1jb.mongodb.net:27017, hosts=[ac-jcz0paw-shard-00-01.b7jb1jb.mongodb.net:27017, ac-jcz0paw-shard-00-02.b7jb1jb.mongodb.net:27017, ac-jcz0paw-shard-00-00.b7jb1jb.mongodb.net:27017], passives=[], arbiters=[], primary='ac-jcz0paw-shard-00-02.b7jb1jb.mongodb.net:27017', tagSet=TagSet{[Tag{name='availabilityZone', value='aps1-az3'}, Tag{name='diskState', value='READY'}, Tag{name='nodeType', value='ELECTABLE'}, Tag{name='provider', value='AWS'}, Tag{name='region', value='AP_SOUTH_1'}, Tag{name='workloadType', value='OPERATIONAL'}]}, electionId=null, setVersion=57, topologyVersion=TopologyVersion{processId=69b3142d06876aecd9b70acd, counter=3}, lastWriteDate=Wed Mar 18 13:16:51 IST 2026, lastUpdateTimeNanos=1607807243398500} 
13:16:51.111 -------- [cluster-ClusterId{value='69ba586aad4bbf2296934106', description='Cluster0'}-ac-jcz0paw-shard-00-02.b7jb1jb.mongodb.net:27017] --- INFO  --- org.mongodb.driver.cluster -------- Discovered replica set primary ac-jcz0paw-shard-00-02.b7jb1jb.mongodb.net:27017 with max election id 7fffffff00000000000000dc and max set version 57 
13:16:52.181 -------- [restartedMain] --- INFO  --- o.s.s.c.a.a.c.InitializeAuthenticationProviderBeanManagerConfigurer$InitializeAuthenticationProviderManagerConfigurer -------- Global AuthenticationManager configured with AuthenticationProvider bean with name authenticationProvider 
13:16:52.182 -------- [restartedMain] --- WARN  --- o.s.s.c.a.a.c.InitializeUserDetailsBeanManagerConfigurer$InitializeUserDetailsManagerConfigurer -------- Global AuthenticationManager configured with an AuthenticationProvider bean. UserDetailsService beans will not be used by Spring Security for automatically configuring username/password login. Consider removing the AuthenticationProvider bean. Alternatively, consider using the UserDetailsService in a manually instantiated DaoAuthenticationProvider. If the current configuration is intentional, to turn off this warning, increase the logging level of 'org.springframework.security.config.annotation.authentication.configuration.InitializeUserDetailsBeanManagerConfigurer' to ERROR 
13:16:52.306 -------- [restartedMain] --- DEBUG --- o.s.s.web.DefaultSecurityFilterChain -------- Will secure any request with filters: DisableEncodeUrlFilter, WebAsyncManagerIntegrationFilter, SecurityContextHolderFilter, HeaderWriterFilter, LogoutFilter, BasicAuthenticationFilter, RequestCacheAwareFilter, SecurityContextHolderAwareRequestFilter, AnonymousAuthenticationFilter, ExceptionTranslationFilter, AuthorizationFilter 
13:16:52.577 -------- [restartedMain] --- INFO  --- o.a.coyote.http11.Http11NioProtocol -------- Starting ProtocolHandler ["http-nio-8080"] 
13:16:52.612 -------- [restartedMain] --- INFO  --- o.s.b.w.e.tomcat.TomcatWebServer -------- Tomcat started on port 8080 (http) with context path '/' 
13:16:52.625 -------- [restartedMain] --- INFO  --- c.app.journal.JournalAppApplication -------- Started JournalAppApplication in 4.532 seconds (process running for 5.153) 
13:17:06.207 -------- [http-nio-8080-exec-3] --- INFO  --- o.a.c.c.C.[Tomcat].[localhost].[/] -------- Initializing Spring DispatcherServlet 'dispatcherServlet' 
13:17:06.208 -------- [http-nio-8080-exec-3] --- INFO  --- o.s.web.servlet.DispatcherServlet -------- Initializing Servlet 'dispatcherServlet' 
13:17:06.209 -------- [http-nio-8080-exec-3] --- INFO  --- o.s.web.servlet.DispatcherServlet -------- Completed initialization in 1 ms 
13:17:06.233 -------- [http-nio-8080-exec-3] --- DEBUG --- o.s.security.web.FilterChainProxy -------- Securing GET /user/get-weather 
13:17:06.445 -------- [http-nio-8080-exec-3] --- DEBUG --- o.s.s.a.d.DaoAuthenticationProvider -------- Authenticated user 
13:17:06.446 -------- [http-nio-8080-exec-3] --- DEBUG --- o.s.s.w.a.w.BasicAuthenticationFilter -------- Set SecurityContextHolder to UsernamePasswordAuthenticationToken [Principal=org.springframework.security.core.userdetails.User [Username=david, Password=[PROTECTED], Enabled=true, AccountNonExpired=true, CredentialsNonExpired=true, AccountNonLocked=true, Granted Authorities=[ROLE_ADMIN, ROLE_USER]], Credentials=[PROTECTED], Authenticated=true, Details=WebAuthenticationDetails [RemoteIpAddress=0:0:0:0:0:0:0:1, SessionId=null], Granted Authorities=[ROLE_ADMIN, ROLE_USER]] 
13:17:06.450 -------- [http-nio-8080-exec-3] --- DEBUG --- o.s.security.web.FilterChainProxy -------- Secured GET /user/get-weather 
13:17:07.116 -------- [http-nio-8080-exec-3] --- ERROR --- c.app.journal.service.RedisService -------- error  
com.fasterxml.jackson.core.JsonParseException: Unrecognized token 'WeatherResponse': was expecting (JSON String, Number, Array, Object or token 'null', 'true' or 'false')
 at [Source: REDACTED (`StreamReadFeature.INCLUDE_SOURCE_IN_LOCATION` disabled); line: 1, column: 16]
	at com.fasterxml.jackson.core.JsonParser._constructError(JsonParser.java:2596)
	at com.fasterxml.jackson.core.JsonParser._constructReadException(JsonParser.java:2622)
	at com.fasterxml.jackson.core.JsonParser._constructReadException(JsonParser.java:2630)
	at com.fasterxml.jackson.core.base.ParserMinimalBase._reportError(ParserMinimalBase.java:830)
	at com.fasterxml.jackson.core.json.ReaderBasedJsonParser._reportInvalidToken(ReaderBasedJsonParser.java:3017)
	at com.fasterxml.jackson.core.json.ReaderBasedJsonParser._handleOddValue(ReaderBasedJsonParser.java:2051)
	at com.fasterxml.jackson.core.json.ReaderBasedJsonParser.nextToken(ReaderBasedJsonParser.java:780)
	at com.fasterxml.jackson.databind.ObjectMapper._initForReading(ObjectMapper.java:5066)
	at com.fasterxml.jackson.databind.ObjectMapper._readMapAndClose(ObjectMapper.java:4969)
	at com.fasterxml.jackson.databind.ObjectMapper.readValue(ObjectMapper.java:3895)
	at com.fasterxml.jackson.databind.ObjectMapper.readValue(ObjectMapper.java:3863)
	at com.app.journal.service.RedisService.get(RedisService.java:23)
	at com.app.journal.service.WeatherService.getWeather(WeatherService.java:32)
	at com.app.journal.controller.UserController.getweather(UserController.java:71)
	at java.base/jdk.internal.reflect.NativeMethodAccessorImpl.invoke0(Native Method)
	at java.base/jdk.internal.reflect.NativeMethodAccessorImpl.invoke(NativeMethodAccessorImpl.java:77)
	at java.base/jdk.internal.reflect.DelegatingMethodAccessorImpl.invoke(DelegatingMethodAccessorImpl.java:43)
	at java.base/java.lang.reflect.Method.invoke(Method.java:569)
	at org.springframework.web.method.support.InvocableHandlerMethod.doInvoke(InvocableHandlerMethod.java:258)
	at org.springframework.web.method.support.InvocableHandlerMethod.invokeForRequest(InvocableHandlerMethod.java:191)
	at org.springframework.web.servlet.mvc.method.annotation.ServletInvocableHandlerMethod.invokeAndHandle(ServletInvocableHandlerMethod.java:118)
	at org.springframework.web.servlet.mvc.method.annotation.RequestMappingHandlerAdapter.invokeHandlerMethod(RequestMappingHandlerAdapter.java:991)
	at org.springframework.web.servlet.mvc.method.annotation.RequestMappingHandlerAdapter.handleInternal(RequestMappingHandlerAdapter.java:896)
	at org.springframework.web.servlet.mvc.method.AbstractHandlerMethodAdapter.handle(AbstractHandlerMethodAdapter.java:87)
	at org.springframework.web.servlet.DispatcherServlet.doDispatch(DispatcherServlet.java:1089)
	at org.springframework.web.servlet.DispatcherServlet.doService(DispatcherServlet.java:979)
	at org.springframework.web.servlet.FrameworkServlet.processRequest(FrameworkServlet.java:1014)
	at org.springframework.web.servlet.FrameworkServlet.doGet(FrameworkServlet.java:903)
	at jakarta.servlet.http.HttpServlet.service(HttpServlet.java:564)
	at org.springframework.web.servlet.FrameworkServlet.service(FrameworkServlet.java:885)
	at jakarta.servlet.http.HttpServlet.service(HttpServlet.java:658)
	at org.apache.catalina.core.ApplicationFilterChain.internalDoFilter(ApplicationFilterChain.java:193)
	at org.apache.catalina.core.ApplicationFilterChain.doFilter(ApplicationFilterChain.java:138)
	at org.apache.tomcat.websocket.server.WsFilter.doFilter(WsFilter.java:51)
	at org.apache.catalina.core.ApplicationFilterChain.internalDoFilter(ApplicationFilterChain.java:162)
	at org.apache.catalina.core.ApplicationFilterChain.doFilter(ApplicationFilterChain.java:138)
	at org.springframework.web.filter.CompositeFilter$VirtualFilterChain.doFilter(CompositeFilter.java:108)
	at org.springframework.web.filter.CompositeFilter$VirtualFilterChain.doFilter(CompositeFilter.java:108)
	at org.springframework.security.web.FilterChainProxy.lambda$doFilterInternal$3(FilterChainProxy.java:231)
	at org.springframework.security.web.FilterChainProxy$VirtualFilterChain.doFilter(FilterChainProxy.java:365)
	at org.springframework.security.web.access.intercept.AuthorizationFilter.doFilter(AuthorizationFilter.java:101)
	at org.springframework.security.web.FilterChainProxy$VirtualFilterChain.doFilter(FilterChainProxy.java:374)
	at org.springframework.security.web.access.ExceptionTranslationFilter.doFilter(ExceptionTranslationFilter.java:125)
	at org.springframework.security.web.access.ExceptionTranslationFilter.doFilter(ExceptionTranslationFilter.java:119)
	at org.springframework.security.web.FilterChainProxy$VirtualFilterChain.doFilter(FilterChainProxy.java:374)
	at org.springframework.security.web.authentication.AnonymousAuthenticationFilter.doFilter(AnonymousAuthenticationFilter.java:100)
	at org.springframework.security.web.FilterChainProxy$VirtualFilterChain.doFilter(FilterChainProxy.java:374)
	at org.springframework.security.web.servletapi.SecurityContextHolderAwareRequestFilter.doFilter(SecurityContextHolderAwareRequestFilter.java:179)
	at org.springframework.security.web.FilterChainProxy$VirtualFilterChain.doFilter(FilterChainProxy.java:374)
	at org.springframework.security.web.savedrequest.RequestCacheAwareFilter.doFilter(RequestCacheAwareFilter.java:63)
	at org.springframework.security.web.FilterChainProxy$VirtualFilterChain.doFilter(FilterChainProxy.java:374)
	at org.springframework.security.web.authentication.www.BasicAuthenticationFilter.doFilterInternal(BasicAuthenticationFilter.java:213)
	at org.springframework.web.filter.OncePerRequestFilter.doFilter(OncePerRequestFilter.java:116)
	at org.springframework.security.web.FilterChainProxy$VirtualFilterChain.doFilter(FilterChainProxy.java:374)
	at org.springframework.security.web.authentication.logout.LogoutFilter.doFilter(LogoutFilter.java:107)
	at org.springframework.security.web.authentication.logout.LogoutFilter.doFilter(LogoutFilter.java:93)
	at org.springframework.security.web.FilterChainProxy$VirtualFilterChain.doFilter(FilterChainProxy.java:374)
	at org.springframework.security.web.header.HeaderWriterFilter.doHeadersAfter(HeaderWriterFilter.java:90)
	at org.springframework.security.web.header.HeaderWriterFilter.doFilterInternal(HeaderWriterFilter.java:75)
	at org.springframework.web.filter.OncePerRequestFilter.doFilter(OncePerRequestFilter.java:116)
	at org.springframework.security.web.FilterChainProxy$VirtualFilterChain.doFilter(FilterChainProxy.java:374)
	at org.springframework.security.web.context.SecurityContextHolderFilter.doFilter(SecurityContextHolderFilter.java:82)
	at org.springframework.security.web.context.SecurityContextHolderFilter.doFilter(SecurityContextHolderFilter.java:69)
	at org.springframework.security.web.FilterChainProxy$VirtualFilterChain.doFilter(FilterChainProxy.java:374)
	at org.springframework.security.web.context.request.async.WebAsyncManagerIntegrationFilter.doFilterInternal(WebAsyncManagerIntegrationFilter.java:62)
	at org.springframework.web.filter.OncePerRequestFilter.doFilter(OncePerRequestFilter.java:116)
	at org.springframework.security.web.FilterChainProxy$VirtualFilterChain.doFilter(FilterChainProxy.java:374)
	at org.springframework.security.web.session.DisableEncodeUrlFilter.doFilterInternal(DisableEncodeUrlFilter.java:42)
	at org.springframework.web.filter.OncePerRequestFilter.doFilter(OncePerRequestFilter.java:116)
	at org.springframework.security.web.FilterChainProxy$VirtualFilterChain.doFilter(FilterChainProxy.java:374)
	at org.springframework.security.web.FilterChainProxy.doFilterInternal(FilterChainProxy.java:233)
	at org.springframework.security.web.FilterChainProxy.doFilter(FilterChainProxy.java:191)
	at org.springframework.web.filter.CompositeFilter$VirtualFilterChain.doFilter(CompositeFilter.java:113)
	at org.springframework.web.filter.ServletRequestPathFilter.doFilter(ServletRequestPathFilter.java:52)
	at org.springframework.web.filter.CompositeFilter$VirtualFilterChain.doFilter(CompositeFilter.java:113)
	at org.springframework.web.filter.CompositeFilter.doFilter(CompositeFilter.java:74)
	at org.springframework.security.config.annotation.web.configuration.WebSecurityConfiguration$CompositeFilterChainProxy.doFilter(WebSecurityConfiguration.java:319)
	at org.springframework.web.filter.CompositeFilter$VirtualFilterChain.doFilter(CompositeFilter.java:113)
	at org.springframework.web.servlet.handler.HandlerMappingIntrospector.lambda$createCacheFilter$4(HandlerMappingIntrospector.java:267)
	at org.springframework.web.filter.CompositeFilter$VirtualFilterChain.doFilter(CompositeFilter.java:113)
	at org.springframework.web.filter.CompositeFilter.doFilter(CompositeFilter.java:74)
	at org.springframework.security.config.annotation.web.configuration.WebMvcSecurityConfiguration$CompositeFilterChainProxy.doFilter(WebMvcSecurityConfiguration.java:240)
	at org.springframework.web.filter.DelegatingFilterProxy.invokeDelegate(DelegatingFilterProxy.java:362)
	at org.springframework.web.filter.DelegatingFilterProxy.doFilter(DelegatingFilterProxy.java:278)
	at org.apache.catalina.core.ApplicationFilterChain.internalDoFilter(ApplicationFilterChain.java:162)
	at org.apache.catalina.core.ApplicationFilterChain.doFilter(ApplicationFilterChain.java:138)
	at org.springframework.web.filter.RequestContextFilter.doFilterInternal(RequestContextFilter.java:100)
	at org.springframework.web.filter.OncePerRequestFilter.doFilter(OncePerRequestFilter.java:116)
	at org.apache.catalina.core.ApplicationFilterChain.internalDoFilter(ApplicationFilterChain.java:162)
	at org.apache.catalina.core.ApplicationFilterChain.doFilter(ApplicationFilterChain.java:138)
	at org.springframework.web.filter.FormContentFilter.doFilterInternal(FormContentFilter.java:93)
	at org.springframework.web.filter.OncePerRequestFilter.doFilter(OncePerRequestFilter.java:116)
	at org.apache.catalina.core.ApplicationFilterChain.internalDoFilter(ApplicationFilterChain.java:162)
	at org.apache.catalina.core.ApplicationFilterChain.doFilter(ApplicationFilterChain.java:138)
	at org.springframework.web.filter.CharacterEncodingFilter.doFilterInternal(CharacterEncodingFilter.java:201)
	at org.springframework.web.filter.OncePerRequestFilter.doFilter(OncePerRequestFilter.java:116)
	at org.apache.catalina.core.ApplicationFilterChain.internalDoFilter(ApplicationFilterChain.java:162)
	at org.apache.catalina.core.ApplicationFilterChain.doFilter(ApplicationFilterChain.java:138)
	at org.apache.catalina.core.StandardWrapperValve.invoke(StandardWrapperValve.java:165)
	at org.apache.catalina.core.StandardContextValve.invoke(StandardContextValve.java:88)
	at org.apache.catalina.authenticator.AuthenticatorBase.invoke(AuthenticatorBase.java:492)
	at org.apache.catalina.core.StandardHostValve.invoke(StandardHostValve.java:113)
	at org.apache.catalina.valves.ErrorReportValve.invoke(ErrorReportValve.java:83)
	at org.apache.catalina.core.StandardEngineValve.invoke(StandardEngineValve.java:72)
	at org.apache.catalina.connector.CoyoteAdapter.service(CoyoteAdapter.java:342)
	at org.apache.coyote.http11.Http11Processor.service(Http11Processor.java:399)
	at org.apache.coyote.AbstractProcessorLight.process(AbstractProcessorLight.java:63)
	at org.apache.coyote.AbstractProtocol$ConnectionHandler.process(AbstractProtocol.java:903)
	at org.apache.tomcat.util.net.NioEndpoint$SocketProcessor.doRun(NioEndpoint.java:1775)
	at org.apache.tomcat.util.net.SocketProcessorBase.run(SocketProcessorBase.java:52)
	at org.apache.tomcat.util.threads.ThreadPoolExecutor.runWorker(ThreadPoolExecutor.java:973)
	at org.apache.tomcat.util.threads.ThreadPoolExecutor$Worker.run(ThreadPoolExecutor.java:491)
	at org.apache.tomcat.util.threads.TaskThread$WrappingRunnable.run(TaskThread.java:63)
	at java.base/java.lang.Thread.run(Thread.java:840)
13:19:03.812 -------- [SpringApplicationShutdownHook] --- INFO  --- o.s.b.w.e.tomcat.GracefulShutdown -------- Commencing graceful shutdown. Waiting for active requests to complete 
13:19:04.007 -------- [tomcat-shutdown] --- INFO  --- o.s.b.w.e.tomcat.GracefulShutdown -------- Graceful shutdown complete 
13:19:06.310 -------- [restartedMain] --- INFO  --- c.app.journal.JournalAppApplication -------- Starting JournalAppApplication using Java 17.0.18 with PID 20336 (C:\Users\hp\Desktop\Study\Java-programs\JournalApplication\journal\target\classes started by hp in C:\Users\hp\Desktop\Study\Java-programs\JournalApplication) 
13:19:06.312 -------- [restartedMain] --- DEBUG --- c.app.journal.JournalAppApplication -------- Running with Spring Boot v3.5.11, Spring v6.2.16 
13:19:06.312 -------- [restartedMain] --- INFO  --- c.app.journal.JournalAppApplication -------- No active profile set, falling back to 1 default profile: "default" 
13:19:06.383 -------- [restartedMain] --- INFO  --- o.s.b.d.e.DevToolsPropertyDefaultsPostProcessor -------- Devtools property defaults active! Set 'spring.devtools.add-properties' to 'false' to disable 
13:19:06.383 -------- [restartedMain] --- INFO  --- o.s.b.d.e.DevToolsPropertyDefaultsPostProcessor -------- For additional web related logging consider setting the 'logging.level.web' property to 'DEBUG' 
13:19:07.128 -------- [restartedMain] --- INFO  --- o.s.d.r.c.RepositoryConfigurationDelegate -------- Multiple Spring Data modules found, entering strict repository configuration mode 
13:19:07.129 -------- [restartedMain] --- INFO  --- o.s.d.r.c.RepositoryConfigurationDelegate -------- Bootstrapping Spring Data MongoDB repositories in DEFAULT mode. 
13:19:07.235 -------- [restartedMain] --- INFO  --- o.s.d.r.c.RepositoryConfigurationDelegate -------- Finished Spring Data repository scanning in 101 ms. Found 3 MongoDB repository interfaces. 
13:19:07.247 -------- [restartedMain] --- INFO  --- o.s.d.r.c.RepositoryConfigurationDelegate -------- Multiple Spring Data modules found, entering strict repository configuration mode 
13:19:07.248 -------- [restartedMain] --- INFO  --- o.s.d.r.c.RepositoryConfigurationDelegate -------- Bootstrapping Spring Data Redis repositories in DEFAULT mode. 
13:19:07.261 -------- [restartedMain] --- INFO  --- o.s.d.r.c.RepositoryConfigurationExtensionSupport -------- Spring Data Redis - Could not safely identify store assignment for repository candidate interface com.app.journal.repository.ConfigJournalAppRepository; If you want this repository to be a Redis repository, consider annotating your entities with one of these annotations: org.springframework.data.redis.core.RedisHash (preferred), or consider extending one of the following types with your repository: org.springframework.data.keyvalue.repository.KeyValueRepository 
13:19:07.261 -------- [restartedMain] --- INFO  --- o.s.d.r.c.RepositoryConfigurationExtensionSupport -------- Spring Data Redis - Could not safely identify store assignment for repository candidate interface com.app.journal.repository.JournalEntryRepository; If you want this repository to be a Redis repository, consider annotating your entities with one of these annotations: org.springframework.data.redis.core.RedisHash (preferred), or consider extending one of the following types with your repository: org.springframework.data.keyvalue.repository.KeyValueRepository 
13:19:07.261 -------- [restartedMain] --- INFO  --- o.s.d.r.c.RepositoryConfigurationExtensionSupport -------- Spring Data Redis - Could not safely identify store assignment for repository candidate interface com.app.journal.repository.UserRepository; If you want this repository to be a Redis repository, consider annotating your entities with one of these annotations: org.springframework.data.redis.core.RedisHash (preferred), or consider extending one of the following types with your repository: org.springframework.data.keyvalue.repository.KeyValueRepository 
13:19:07.263 -------- [restartedMain] --- INFO  --- o.s.d.r.c.RepositoryConfigurationDelegate -------- Finished Spring Data repository scanning in 5 ms. Found 0 Redis repository interfaces. 
13:19:07.862 -------- [restartedMain] --- INFO  --- o.s.b.w.e.tomcat.TomcatWebServer -------- Tomcat initialized with port 8080 (http) 
13:19:07.872 -------- [restartedMain] --- INFO  --- o.a.coyote.http11.Http11NioProtocol -------- Initializing ProtocolHandler ["http-nio-8080"] 
13:19:07.874 -------- [restartedMain] --- INFO  --- o.a.catalina.core.StandardService -------- Starting service [Tomcat] 
13:19:07.874 -------- [restartedMain] --- INFO  --- o.a.catalina.core.StandardEngine -------- Starting Servlet engine: [Apache Tomcat/10.1.52] 
13:19:07.917 -------- [restartedMain] --- INFO  --- o.a.c.c.C.[Tomcat].[localhost].[/] -------- Initializing Spring embedded WebApplicationContext 
13:19:07.918 -------- [restartedMain] --- INFO  --- o.s.b.w.s.c.ServletWebServerApplicationContext -------- Root WebApplicationContext: initialization completed in 1533 ms 
13:19:11.245 -------- [restartedMain] --- INFO  --- org.mongodb.driver.client -------- MongoClient with metadata {"application": {"name": "Cluster0"}, "driver": {"name": "mongo-java-driver|sync|spring-boot", "version": "5.5.2"}, "os": {"type": "Windows", "name": "Windows 11", "architecture": "amd64", "version": "10.0"}, "platform": "Java/Microsoft/17.0.18+8-LTS"} created with settings MongoClientSettings{readPreference=primary, writeConcern=WriteConcern{w=null, wTimeout=null ms, journal=null}, retryWrites=true, retryReads=true, readConcern=ReadConcern{level=null}, credential=MongoCredential{mechanism=null, userName='mailmerajansari_db_user', source='admin', password=<hidden>, mechanismProperties=<hidden>}, transportSettings=null, commandListeners=[], codecRegistry=ProvidersCodecRegistry{codecProviders=[ValueCodecProvider{}, BsonValueCodecProvider{}, DBRefCodecProvider{}, DBObjectCodecProvider{}, DocumentCodecProvider{}, CollectionCodecProvider{}, IterableCodecProvider{}, MapCodecProvider{}, GeoJsonCodecProvider{}, GridFSFileCodecProvider{}, Jsr310CodecProvider{}, JsonObjectCodecProvider{}, BsonCodecProvider{}, EnumCodecProvider{}, com.mongodb.client.model.mql.ExpressionCodecProvider@6df54c2f, com.mongodb.Jep395RecordCodecProvider@6d7b05ce, com.mongodb.KotlinCodecProvider@44dcf93]}, loggerSettings=LoggerSettings{maxDocumentLength=1000}, clusterSettings={hosts=[127.0.0.1:27017], srvHost=cluster0.b7jb1jb.mongodb.net, srvServiceName=mongodb, mode=MULTIPLE, requiredClusterType=REPLICA_SET, requiredReplicaSetName='atlas-10vsg5-shard-0', serverSelector='null', clusterListeners='[]', serverSelectionTimeout='30000 ms', localThreshold='15 ms'}, socketSettings=SocketSettings{connectTimeoutMS=10000, readTimeoutMS=0, receiveBufferSize=0, proxySettings=ProxySettings{host=null, port=null, username=null, password=null}}, heartbeatSocketSettings=SocketSettings{connectTimeoutMS=10000, readTimeoutMS=10000, receiveBufferSize=0, proxySettings=ProxySettings{host=null, port=null, username=null, password=null}}, connectionPoolSettings=ConnectionPoolSettings{maxSize=100, minSize=0, maxWaitTimeMS=120000, maxConnectionLifeTimeMS=0, maxConnectionIdleTimeMS=0, maintenanceInitialDelayMS=0, maintenanceFrequencyMS=60000, connectionPoolListeners=[], maxConnecting=2}, serverSettings=ServerSettings{heartbeatFrequencyMS=10000, minHeartbeatFrequencyMS=500, serverMonitoringMode=AUTO, serverListeners='[]', serverMonitorListeners='[]'}, sslSettings=SslSettings{enabled=true, invalidHostNameAllowed=false, context=null}, applicationName='Cluster0', compressorList=[], uuidRepresentation=JAVA_LEGACY, serverApi=null, autoEncryptionSettings=null, dnsClient=null, inetAddressResolver=null, contextProvider=null, timeoutMS=null} 
13:19:11.324 -------- [cluster-ClusterId{value='69ba58f736e3fcbeecd0992d', description='Cluster0'}-srv-cluster0.b7jb1jb.mongodb.net] --- INFO  --- org.mongodb.driver.cluster -------- Adding discovered server ac-jcz0paw-shard-00-00.b7jb1jb.mongodb.net:27017 to client view of cluster 
13:19:11.361 -------- [cluster-ClusterId{value='69ba58f736e3fcbeecd0992d', description='Cluster0'}-srv-cluster0.b7jb1jb.mongodb.net] --- INFO  --- org.mongodb.driver.cluster -------- Adding discovered server ac-jcz0paw-shard-00-01.b7jb1jb.mongodb.net:27017 to client view of cluster 
13:19:11.363 -------- [cluster-ClusterId{value='69ba58f736e3fcbeecd0992d', description='Cluster0'}-srv-cluster0.b7jb1jb.mongodb.net] --- INFO  --- org.mongodb.driver.cluster -------- Adding discovered server ac-jcz0paw-shard-00-02.b7jb1jb.mongodb.net:27017 to client view of cluster 
13:19:11.413 -------- [restartedMain] --- INFO  --- o.s.b.d.a.OptionalLiveReloadServer -------- LiveReload server is running on port 35729 
13:19:11.569 -------- [restartedMain] --- INFO  --- org.mongodb.driver.cluster -------- Waiting for server to become available for operation with ID 5. Remaining time: 29990 ms. Selector: WritableServerSelector, topology description: {type=REPLICA_SET, servers=[{address=ac-jcz0paw-shard-00-01.b7jb1jb.mongodb.net:27017, type=UNKNOWN, state=CONNECTING}, {address=ac-jcz0paw-shard-00-02.b7jb1jb.mongodb.net:27017, type=UNKNOWN, state=CONNECTING}, {address=ac-jcz0paw-shard-00-00.b7jb1jb.mongodb.net:27017, type=UNKNOWN, state=CONNECTING}]. 
13:19:11.755 -------- [cluster-ClusterId{value='69ba58f736e3fcbeecd0992d', description='Cluster0'}-ac-jcz0paw-shard-00-00.b7jb1jb.mongodb.net:27017] --- INFO  --- org.mongodb.driver.cluster -------- Monitor thread successfully connected to server with description ServerDescription{address=ac-jcz0paw-shard-00-00.b7jb1jb.mongodb.net:27017, type=REPLICA_SET_SECONDARY, cryptd=false, state=CONNECTED, ok=true, minWireVersion=0, maxWireVersion=25, maxDocumentSize=16777216, logicalSessionTimeoutMinutes=30, roundTripTimeNanos=210481300, minRoundTripTimeNanos=0, setName='atlas-10vsg5-shard-0', canonicalAddress=ac-jcz0paw-shard-00-00.b7jb1jb.mongodb.net:27017, hosts=[ac-jcz0paw-shard-00-01.b7jb1jb.mongodb.net:27017, ac-jcz0paw-shard-00-02.b7jb1jb.mongodb.net:27017, ac-jcz0paw-shard-00-00.b7jb1jb.mongodb.net:27017], passives=[], arbiters=[], primary='ac-jcz0paw-shard-00-02.b7jb1jb.mongodb.net:27017', tagSet=TagSet{[Tag{name='availabilityZone', value='aps1-az1'}, Tag{name='diskState', value='READY'}, Tag{name='nodeType', value='ELECTABLE'}, Tag{name='provider', value='AWS'}, Tag{name='region', value='AP_SOUTH_1'}, Tag{name='workloadType', value='OPERATIONAL'}]}, electionId=null, setVersion=57, topologyVersion=TopologyVersion{processId=69b30fd5ea006f2a16d8bf3e, counter=4}, lastWriteDate=Wed Mar 18 13:19:11 IST 2026, lastUpdateTimeNanos=1607947895143800} 
13:19:11.755 -------- [cluster-ClusterId{value='69ba58f736e3fcbeecd0992d', description='Cluster0'}-ac-jcz0paw-shard-00-02.b7jb1jb.mongodb.net:27017] --- INFO  --- org.mongodb.driver.cluster -------- Monitor thread successfully connected to server with description ServerDescription{address=ac-jcz0paw-shard-00-02.b7jb1jb.mongodb.net:27017, type=REPLICA_SET_PRIMARY, cryptd=false, state=CONNECTED, ok=true, minWireVersion=0, maxWireVersion=25, maxDocumentSize=16777216, logicalSessionTimeoutMinutes=30, roundTripTimeNanos=210474200, minRoundTripTimeNanos=0, setName='atlas-10vsg5-shard-0', canonicalAddress=ac-jcz0paw-shard-00-02.b7jb1jb.mongodb.net:27017, hosts=[ac-jcz0paw-shard-00-01.b7jb1jb.mongodb.net:27017, ac-jcz0paw-shard-00-02.b7jb1jb.mongodb.net:27017, ac-jcz0paw-shard-00-00.b7jb1jb.mongodb.net:27017], passives=[], arbiters=[], primary='ac-jcz0paw-shard-00-02.b7jb1jb.mongodb.net:27017', tagSet=TagSet{[Tag{name='availabilityZone', value='aps1-az2'}, Tag{name='diskState', value='READY'}, Tag{name='nodeType', value='ELECTABLE'}, Tag{name='provider', value='AWS'}, Tag{name='region', value='AP_SOUTH_1'}, Tag{name='workloadType', value='OPERATIONAL'}]}, electionId=7fffffff00000000000000dc, setVersion=57, topologyVersion=TopologyVersion{processId=69b311ad332d80e6a3807b8e, counter=6}, lastWriteDate=Wed Mar 18 13:19:11 IST 2026, lastUpdateTimeNanos=1607947895143800} 
13:19:11.755 -------- [cluster-ClusterId{value='69ba58f736e3fcbeecd0992d', description='Cluster0'}-ac-jcz0paw-shard-00-01.b7jb1jb.mongodb.net:27017] --- INFO  --- org.mongodb.driver.cluster -------- Monitor thread successfully connected to server with description ServerDescription{address=ac-jcz0paw-shard-00-01.b7jb1jb.mongodb.net:27017, type=REPLICA_SET_SECONDARY, cryptd=false, state=CONNECTED, ok=true, minWireVersion=0, maxWireVersion=25, maxDocumentSize=16777216, logicalSessionTimeoutMinutes=30, roundTripTimeNanos=210485000, minRoundTripTimeNanos=0, setName='atlas-10vsg5-shard-0', canonicalAddress=ac-jcz0paw-shard-00-01.b7jb1jb.mongodb.net:27017, hosts=[ac-jcz0paw-shard-00-01.b7jb1jb.mongodb.net:27017, ac-jcz0paw-shard-00-02.b7jb1jb.mongodb.net:27017, ac-jcz0paw-shard-00-00.b7jb1jb.mongodb.net:27017], passives=[], arbiters=[], primary='ac-jcz0paw-shard-00-02.b7jb1jb.mongodb.net:27017', tagSet=TagSet{[Tag{name='availabilityZone', value='aps1-az3'}, Tag{name='diskState', value='READY'}, Tag{name='nodeType', value='ELECTABLE'}, Tag{name='provider', value='AWS'}, Tag{name='region', value='AP_SOUTH_1'}, Tag{name='workloadType', value='OPERATIONAL'}]}, electionId=null, setVersion=57, topologyVersion=TopologyVersion{processId=69b3142d06876aecd9b70acd, counter=3}, lastWriteDate=Wed Mar 18 13:19:11 IST 2026, lastUpdateTimeNanos=1607947895143700} 
13:19:11.758 -------- [cluster-ClusterId{value='69ba58f736e3fcbeecd0992d', description='Cluster0'}-ac-jcz0paw-shard-00-02.b7jb1jb.mongodb.net:27017] --- INFO  --- org.mongodb.driver.cluster -------- Discovered replica set primary ac-jcz0paw-shard-00-02.b7jb1jb.mongodb.net:27017 with max election id 7fffffff00000000000000dc and max set version 57 
13:19:12.780 -------- [restartedMain] --- INFO  --- o.s.s.c.a.a.c.InitializeAuthenticationProviderBeanManagerConfigurer$InitializeAuthenticationProviderManagerConfigurer -------- Global AuthenticationManager configured with AuthenticationProvider bean with name authenticationProvider 
13:19:12.780 -------- [restartedMain] --- WARN  --- o.s.s.c.a.a.c.InitializeUserDetailsBeanManagerConfigurer$InitializeUserDetailsManagerConfigurer -------- Global AuthenticationManager configured with an AuthenticationProvider bean. UserDetailsService beans will not be used by Spring Security for automatically configuring username/password login. Consider removing the AuthenticationProvider bean. Alternatively, consider using the UserDetailsService in a manually instantiated DaoAuthenticationProvider. If the current configuration is intentional, to turn off this warning, increase the logging level of 'org.springframework.security.config.annotation.authentication.configuration.InitializeUserDetailsBeanManagerConfigurer' to ERROR 
13:19:12.885 -------- [restartedMain] --- DEBUG --- o.s.s.web.DefaultSecurityFilterChain -------- Will secure any request with filters: DisableEncodeUrlFilter, WebAsyncManagerIntegrationFilter, SecurityContextHolderFilter, HeaderWriterFilter, LogoutFilter, BasicAuthenticationFilter, RequestCacheAwareFilter, SecurityContextHolderAwareRequestFilter, AnonymousAuthenticationFilter, ExceptionTranslationFilter, AuthorizationFilter 
13:19:13.180 -------- [restartedMain] --- INFO  --- o.a.coyote.http11.Http11NioProtocol -------- Starting ProtocolHandler ["http-nio-8080"] 
13:19:13.207 -------- [restartedMain] --- INFO  --- o.s.b.w.e.tomcat.TomcatWebServer -------- Tomcat started on port 8080 (http) with context path '/' 
13:19:13.222 -------- [restartedMain] --- INFO  --- c.app.journal.JournalAppApplication -------- Started JournalAppApplication in 7.291 seconds (process running for 7.866) 
13:19:22.110 -------- [http-nio-8080-exec-2] --- INFO  --- o.a.c.c.C.[Tomcat].[localhost].[/] -------- Initializing Spring DispatcherServlet 'dispatcherServlet' 
13:19:22.111 -------- [http-nio-8080-exec-2] --- INFO  --- o.s.web.servlet.DispatcherServlet -------- Initializing Servlet 'dispatcherServlet' 
13:19:22.112 -------- [http-nio-8080-exec-2] --- INFO  --- o.s.web.servlet.DispatcherServlet -------- Completed initialization in 1 ms 
13:19:22.135 -------- [http-nio-8080-exec-2] --- DEBUG --- o.s.security.web.FilterChainProxy -------- Securing GET /user/get-weather 
13:19:22.340 -------- [http-nio-8080-exec-2] --- DEBUG --- o.s.s.a.d.DaoAuthenticationProvider -------- Authenticated user 
13:19:22.341 -------- [http-nio-8080-exec-2] --- DEBUG --- o.s.s.w.a.w.BasicAuthenticationFilter -------- Set SecurityContextHolder to UsernamePasswordAuthenticationToken [Principal=org.springframework.security.core.userdetails.User [Username=david, Password=[PROTECTED], Enabled=true, AccountNonExpired=true, CredentialsNonExpired=true, AccountNonLocked=true, Granted Authorities=[ROLE_ADMIN, ROLE_USER]], Credentials=[PROTECTED], Authenticated=true, Details=WebAuthenticationDetails [RemoteIpAddress=0:0:0:0:0:0:0:1, SessionId=null], Granted Authorities=[ROLE_ADMIN, ROLE_USER]] 
13:19:22.347 -------- [http-nio-8080-exec-2] --- DEBUG --- o.s.security.web.FilterChainProxy -------- Secured GET /user/get-weather 
13:19:22.973 -------- [http-nio-8080-exec-2] --- ERROR --- c.app.journal.service.RedisService -------- error  
com.fasterxml.jackson.core.JsonParseException: Unrecognized token 'WeatherResponse': was expecting (JSON String, Number, Array, Object or token 'null', 'true' or 'false')
 at [Source: REDACTED (`StreamReadFeature.INCLUDE_SOURCE_IN_LOCATION` disabled); line: 1, column: 16]
	at com.fasterxml.jackson.core.JsonParser._constructError(JsonParser.java:2596)
	at com.fasterxml.jackson.core.JsonParser._constructReadException(JsonParser.java:2622)
	at com.fasterxml.jackson.core.JsonParser._constructReadException(JsonParser.java:2630)
	at com.fasterxml.jackson.core.base.ParserMinimalBase._reportError(ParserMinimalBase.java:830)
	at com.fasterxml.jackson.core.json.ReaderBasedJsonParser._reportInvalidToken(ReaderBasedJsonParser.java:3017)
	at com.fasterxml.jackson.core.json.ReaderBasedJsonParser._handleOddValue(ReaderBasedJsonParser.java:2051)
	at com.fasterxml.jackson.core.json.ReaderBasedJsonParser.nextToken(ReaderBasedJsonParser.java:780)
	at com.fasterxml.jackson.databind.ObjectMapper._initForReading(ObjectMapper.java:5066)
	at com.fasterxml.jackson.databind.ObjectMapper._readMapAndClose(ObjectMapper.java:4969)
	at com.fasterxml.jackson.databind.ObjectMapper.readValue(ObjectMapper.java:3895)
	at com.fasterxml.jackson.databind.ObjectMapper.readValue(ObjectMapper.java:3863)
	at com.app.journal.service.RedisService.get(RedisService.java:23)
	at com.app.journal.service.WeatherService.getWeather(WeatherService.java:32)
	at com.app.journal.controller.UserController.getweather(UserController.java:71)
	at java.base/jdk.internal.reflect.NativeMethodAccessorImpl.invoke0(Native Method)
	at java.base/jdk.internal.reflect.NativeMethodAccessorImpl.invoke(NativeMethodAccessorImpl.java:77)
	at java.base/jdk.internal.reflect.DelegatingMethodAccessorImpl.invoke(DelegatingMethodAccessorImpl.java:43)
	at java.base/java.lang.reflect.Method.invoke(Method.java:569)
	at org.springframework.web.method.support.InvocableHandlerMethod.doInvoke(InvocableHandlerMethod.java:258)
	at org.springframework.web.method.support.InvocableHandlerMethod.invokeForRequest(InvocableHandlerMethod.java:191)
	at org.springframework.web.servlet.mvc.method.annotation.ServletInvocableHandlerMethod.invokeAndHandle(ServletInvocableHandlerMethod.java:118)
	at org.springframework.web.servlet.mvc.method.annotation.RequestMappingHandlerAdapter.invokeHandlerMethod(RequestMappingHandlerAdapter.java:991)
	at org.springframework.web.servlet.mvc.method.annotation.RequestMappingHandlerAdapter.handleInternal(RequestMappingHandlerAdapter.java:896)
	at org.springframework.web.servlet.mvc.method.AbstractHandlerMethodAdapter.handle(AbstractHandlerMethodAdapter.java:87)
	at org.springframework.web.servlet.DispatcherServlet.doDispatch(DispatcherServlet.java:1089)
	at org.springframework.web.servlet.DispatcherServlet.doService(DispatcherServlet.java:979)
	at org.springframework.web.servlet.FrameworkServlet.processRequest(FrameworkServlet.java:1014)
	at org.springframework.web.servlet.FrameworkServlet.doGet(FrameworkServlet.java:903)
	at jakarta.servlet.http.HttpServlet.service(HttpServlet.java:564)
	at org.springframework.web.servlet.FrameworkServlet.service(FrameworkServlet.java:885)
	at jakarta.servlet.http.HttpServlet.service(HttpServlet.java:658)
	at org.apache.catalina.core.ApplicationFilterChain.internalDoFilter(ApplicationFilterChain.java:193)
	at org.apache.catalina.core.ApplicationFilterChain.doFilter(ApplicationFilterChain.java:138)
	at org.apache.tomcat.websocket.server.WsFilter.doFilter(WsFilter.java:51)
	at org.apache.catalina.core.ApplicationFilterChain.internalDoFilter(ApplicationFilterChain.java:162)
	at org.apache.catalina.core.ApplicationFilterChain.doFilter(ApplicationFilterChain.java:138)
	at org.springframework.web.filter.CompositeFilter$VirtualFilterChain.doFilter(CompositeFilter.java:108)
	at org.springframework.web.filter.CompositeFilter$VirtualFilterChain.doFilter(CompositeFilter.java:108)
	at org.springframework.security.web.FilterChainProxy.lambda$doFilterInternal$3(FilterChainProxy.java:231)
	at org.springframework.security.web.FilterChainProxy$VirtualFilterChain.doFilter(FilterChainProxy.java:365)
	at org.springframework.security.web.access.intercept.AuthorizationFilter.doFilter(AuthorizationFilter.java:101)
	at org.springframework.security.web.FilterChainProxy$VirtualFilterChain.doFilter(FilterChainProxy.java:374)
	at org.springframework.security.web.access.ExceptionTranslationFilter.doFilter(ExceptionTranslationFilter.java:125)
	at org.springframework.security.web.access.ExceptionTranslationFilter.doFilter(ExceptionTranslationFilter.java:119)
	at org.springframework.security.web.FilterChainProxy$VirtualFilterChain.doFilter(FilterChainProxy.java:374)
	at org.springframework.security.web.authentication.AnonymousAuthenticationFilter.doFilter(AnonymousAuthenticationFilter.java:100)
	at org.springframework.security.web.FilterChainProxy$VirtualFilterChain.doFilter(FilterChainProxy.java:374)
	at org.springframework.security.web.servletapi.SecurityContextHolderAwareRequestFilter.doFilter(SecurityContextHolderAwareRequestFilter.java:179)
	at org.springframework.security.web.FilterChainProxy$VirtualFilterChain.doFilter(FilterChainProxy.java:374)
	at org.springframework.security.web.savedrequest.RequestCacheAwareFilter.doFilter(RequestCacheAwareFilter.java:63)
	at org.springframework.security.web.FilterChainProxy$VirtualFilterChain.doFilter(FilterChainProxy.java:374)
	at org.springframework.security.web.authentication.www.BasicAuthenticationFilter.doFilterInternal(BasicAuthenticationFilter.java:213)
	at org.springframework.web.filter.OncePerRequestFilter.doFilter(OncePerRequestFilter.java:116)
	at org.springframework.security.web.FilterChainProxy$VirtualFilterChain.doFilter(FilterChainProxy.java:374)
	at org.springframework.security.web.authentication.logout.LogoutFilter.doFilter(LogoutFilter.java:107)
	at org.springframework.security.web.authentication.logout.LogoutFilter.doFilter(LogoutFilter.java:93)
	at org.springframework.security.web.FilterChainProxy$VirtualFilterChain.doFilter(FilterChainProxy.java:374)
	at org.springframework.security.web.header.HeaderWriterFilter.doHeadersAfter(HeaderWriterFilter.java:90)
	at org.springframework.security.web.header.HeaderWriterFilter.doFilterInternal(HeaderWriterFilter.java:75)
	at org.springframework.web.filter.OncePerRequestFilter.doFilter(OncePerRequestFilter.java:116)
	at org.springframework.security.web.FilterChainProxy$VirtualFilterChain.doFilter(FilterChainProxy.java:374)
	at org.springframework.security.web.context.SecurityContextHolderFilter.doFilter(SecurityContextHolderFilter.java:82)
	at org.springframework.security.web.context.SecurityContextHolderFilter.doFilter(SecurityContextHolderFilter.java:69)
	at org.springframework.security.web.FilterChainProxy$VirtualFilterChain.doFilter(FilterChainProxy.java:374)
	at org.springframework.security.web.context.request.async.WebAsyncManagerIntegrationFilter.doFilterInternal(WebAsyncManagerIntegrationFilter.java:62)
	at org.springframework.web.filter.OncePerRequestFilter.doFilter(OncePerRequestFilter.java:116)
	at org.springframework.security.web.FilterChainProxy$VirtualFilterChain.doFilter(FilterChainProxy.java:374)
	at org.springframework.security.web.session.DisableEncodeUrlFilter.doFilterInternal(DisableEncodeUrlFilter.java:42)
	at org.springframework.web.filter.OncePerRequestFilter.doFilter(OncePerRequestFilter.java:116)
	at org.springframework.security.web.FilterChainProxy$VirtualFilterChain.doFilter(FilterChainProxy.java:374)
	at org.springframework.security.web.FilterChainProxy.doFilterInternal(FilterChainProxy.java:233)
	at org.springframework.security.web.FilterChainProxy.doFilter(FilterChainProxy.java:191)
	at org.springframework.web.filter.CompositeFilter$VirtualFilterChain.doFilter(CompositeFilter.java:113)
	at org.springframework.web.filter.ServletRequestPathFilter.doFilter(ServletRequestPathFilter.java:52)
	at org.springframework.web.filter.CompositeFilter$VirtualFilterChain.doFilter(CompositeFilter.java:113)
	at org.springframework.web.filter.CompositeFilter.doFilter(CompositeFilter.java:74)
	at org.springframework.security.config.annotation.web.configuration.WebSecurityConfiguration$CompositeFilterChainProxy.doFilter(WebSecurityConfiguration.java:319)
	at org.springframework.web.filter.CompositeFilter$VirtualFilterChain.doFilter(CompositeFilter.java:113)
	at org.springframework.web.servlet.handler.HandlerMappingIntrospector.lambda$createCacheFilter$4(HandlerMappingIntrospector.java:267)
	at org.springframework.web.filter.CompositeFilter$VirtualFilterChain.doFilter(CompositeFilter.java:113)
	at org.springframework.web.filter.CompositeFilter.doFilter(CompositeFilter.java:74)
	at org.springframework.security.config.annotation.web.configuration.WebMvcSecurityConfiguration$CompositeFilterChainProxy.doFilter(WebMvcSecurityConfiguration.java:240)
	at org.springframework.web.filter.DelegatingFilterProxy.invokeDelegate(DelegatingFilterProxy.java:362)
	at org.springframework.web.filter.DelegatingFilterProxy.doFilter(DelegatingFilterProxy.java:278)
	at org.apache.catalina.core.ApplicationFilterChain.internalDoFilter(ApplicationFilterChain.java:162)
	at org.apache.catalina.core.ApplicationFilterChain.doFilter(ApplicationFilterChain.java:138)
	at org.springframework.web.filter.RequestContextFilter.doFilterInternal(RequestContextFilter.java:100)
	at org.springframework.web.filter.OncePerRequestFilter.doFilter(OncePerRequestFilter.java:116)
	at org.apache.catalina.core.ApplicationFilterChain.internalDoFilter(ApplicationFilterChain.java:162)
	at org.apache.catalina.core.ApplicationFilterChain.doFilter(ApplicationFilterChain.java:138)
	at org.springframework.web.filter.FormContentFilter.doFilterInternal(FormContentFilter.java:93)
	at org.springframework.web.filter.OncePerRequestFilter.doFilter(OncePerRequestFilter.java:116)
	at org.apache.catalina.core.ApplicationFilterChain.internalDoFilter(ApplicationFilterChain.java:162)
	at org.apache.catalina.core.ApplicationFilterChain.doFilter(ApplicationFilterChain.java:138)
	at org.springframework.web.filter.CharacterEncodingFilter.doFilterInternal(CharacterEncodingFilter.java:201)
	at org.springframework.web.filter.OncePerRequestFilter.doFilter(OncePerRequestFilter.java:116)
	at org.apache.catalina.core.ApplicationFilterChain.internalDoFilter(ApplicationFilterChain.java:162)
	at org.apache.catalina.core.ApplicationFilterChain.doFilter(ApplicationFilterChain.java:138)
	at org.apache.catalina.core.StandardWrapperValve.invoke(StandardWrapperValve.java:165)
	at org.apache.catalina.core.StandardContextValve.invoke(StandardContextValve.java:88)
	at org.apache.catalina.authenticator.AuthenticatorBase.invoke(AuthenticatorBase.java:492)
	at org.apache.catalina.core.StandardHostValve.invoke(StandardHostValve.java:113)
	at org.apache.catalina.valves.ErrorReportValve.invoke(ErrorReportValve.java:83)
	at org.apache.catalina.core.StandardEngineValve.invoke(StandardEngineValve.java:72)
	at org.apache.catalina.connector.CoyoteAdapter.service(CoyoteAdapter.java:342)
	at org.apache.coyote.http11.Http11Processor.service(Http11Processor.java:399)
	at org.apache.coyote.AbstractProcessorLight.process(AbstractProcessorLight.java:63)
	at org.apache.coyote.AbstractProtocol$ConnectionHandler.process(AbstractProtocol.java:903)
	at org.apache.tomcat.util.net.NioEndpoint$SocketProcessor.doRun(NioEndpoint.java:1775)
	at org.apache.tomcat.util.net.SocketProcessorBase.run(SocketProcessorBase.java:52)
	at org.apache.tomcat.util.threads.ThreadPoolExecutor.runWorker(ThreadPoolExecutor.java:973)
	at org.apache.tomcat.util.threads.ThreadPoolExecutor$Worker.run(ThreadPoolExecutor.java:491)
	at org.apache.tomcat.util.threads.TaskThread$WrappingRunnable.run(TaskThread.java:63)
	at java.base/java.lang.Thread.run(Thread.java:840)
13:25:26.284 -------- [SpringApplicationShutdownHook] --- INFO  --- o.s.b.w.e.tomcat.GracefulShutdown -------- Commencing graceful shutdown. Waiting for active requests to complete 
13:25:26.491 -------- [tomcat-shutdown] --- INFO  --- o.s.b.w.e.tomcat.GracefulShutdown -------- Graceful shutdown complete 
13:25:31.171 -------- [restartedMain] --- INFO  --- c.app.journal.JournalAppApplication -------- Starting JournalAppApplication using Java 17.0.18 with PID 39684 (C:\Users\hp\Desktop\Study\Java-programs\JournalApplication\journal\target\classes started by hp in C:\Users\hp\Desktop\Study\Java-programs\JournalApplication) 
13:25:31.173 -------- [restartedMain] --- DEBUG --- c.app.journal.JournalAppApplication -------- Running with Spring Boot v3.5.11, Spring v6.2.16 
13:25:31.175 -------- [restartedMain] --- INFO  --- c.app.journal.JournalAppApplication -------- No active profile set, falling back to 1 default profile: "default" 
13:25:31.248 -------- [restartedMain] --- INFO  --- o.s.b.d.e.DevToolsPropertyDefaultsPostProcessor -------- Devtools property defaults active! Set 'spring.devtools.add-properties' to 'false' to disable 
13:25:31.248 -------- [restartedMain] --- INFO  --- o.s.b.d.e.DevToolsPropertyDefaultsPostProcessor -------- For additional web related logging consider setting the 'logging.level.web' property to 'DEBUG' 
13:25:32.073 -------- [restartedMain] --- INFO  --- o.s.d.r.c.RepositoryConfigurationDelegate -------- Multiple Spring Data modules found, entering strict repository configuration mode 
13:25:32.074 -------- [restartedMain] --- INFO  --- o.s.d.r.c.RepositoryConfigurationDelegate -------- Bootstrapping Spring Data MongoDB repositories in DEFAULT mode. 
13:25:32.184 -------- [restartedMain] --- INFO  --- o.s.d.r.c.RepositoryConfigurationDelegate -------- Finished Spring Data repository scanning in 103 ms. Found 3 MongoDB repository interfaces. 
13:25:32.202 -------- [restartedMain] --- INFO  --- o.s.d.r.c.RepositoryConfigurationDelegate -------- Multiple Spring Data modules found, entering strict repository configuration mode 
13:25:32.203 -------- [restartedMain] --- INFO  --- o.s.d.r.c.RepositoryConfigurationDelegate -------- Bootstrapping Spring Data Redis repositories in DEFAULT mode. 
13:25:32.218 -------- [restartedMain] --- INFO  --- o.s.d.r.c.RepositoryConfigurationExtensionSupport -------- Spring Data Redis - Could not safely identify store assignment for repository candidate interface com.app.journal.repository.ConfigJournalAppRepository; If you want this repository to be a Redis repository, consider annotating your entities with one of these annotations: org.springframework.data.redis.core.RedisHash (preferred), or consider extending one of the following types with your repository: org.springframework.data.keyvalue.repository.KeyValueRepository 
13:25:32.218 -------- [restartedMain] --- INFO  --- o.s.d.r.c.RepositoryConfigurationExtensionSupport -------- Spring Data Redis - Could not safely identify store assignment for repository candidate interface com.app.journal.repository.JournalEntryRepository; If you want this repository to be a Redis repository, consider annotating your entities with one of these annotations: org.springframework.data.redis.core.RedisHash (preferred), or consider extending one of the following types with your repository: org.springframework.data.keyvalue.repository.KeyValueRepository 
13:25:32.218 -------- [restartedMain] --- INFO  --- o.s.d.r.c.RepositoryConfigurationExtensionSupport -------- Spring Data Redis - Could not safely identify store assignment for repository candidate interface com.app.journal.repository.UserRepository; If you want this repository to be a Redis repository, consider annotating your entities with one of these annotations: org.springframework.data.redis.core.RedisHash (preferred), or consider extending one of the following types with your repository: org.springframework.data.keyvalue.repository.KeyValueRepository 
13:25:32.219 -------- [restartedMain] --- INFO  --- o.s.d.r.c.RepositoryConfigurationDelegate -------- Finished Spring Data repository scanning in 7 ms. Found 0 Redis repository interfaces. 
13:25:32.810 -------- [restartedMain] --- INFO  --- o.s.b.w.e.tomcat.TomcatWebServer -------- Tomcat initialized with port 8080 (http) 
13:25:32.823 -------- [restartedMain] --- INFO  --- o.a.coyote.http11.Http11NioProtocol -------- Initializing ProtocolHandler ["http-nio-8080"] 
13:25:32.825 -------- [restartedMain] --- INFO  --- o.a.catalina.core.StandardService -------- Starting service [Tomcat] 
13:25:32.826 -------- [restartedMain] --- INFO  --- o.a.catalina.core.StandardEngine -------- Starting Servlet engine: [Apache Tomcat/10.1.52] 
13:25:32.876 -------- [restartedMain] --- INFO  --- o.a.c.c.C.[Tomcat].[localhost].[/] -------- Initializing Spring embedded WebApplicationContext 
13:25:32.877 -------- [restartedMain] --- INFO  --- o.s.b.w.s.c.ServletWebServerApplicationContext -------- Root WebApplicationContext: initialization completed in 1628 ms 
13:25:33.216 -------- [cluster-ClusterId{value='69ba5a75f078d0f005bc524f', description='Cluster0'}-srv-cluster0.b7jb1jb.mongodb.net] --- INFO  --- org.mongodb.driver.cluster -------- Adding discovered server ac-jcz0paw-shard-00-00.b7jb1jb.mongodb.net:27017 to client view of cluster 
13:25:33.221 -------- [restartedMain] --- INFO  --- org.mongodb.driver.client -------- MongoClient with metadata {"application": {"name": "Cluster0"}, "driver": {"name": "mongo-java-driver|sync|spring-boot", "version": "5.5.2"}, "os": {"type": "Windows", "name": "Windows 11", "architecture": "amd64", "version": "10.0"}, "platform": "Java/Microsoft/17.0.18+8-LTS"} created with settings MongoClientSettings{readPreference=primary, writeConcern=WriteConcern{w=null, wTimeout=null ms, journal=null}, retryWrites=true, retryReads=true, readConcern=ReadConcern{level=null}, credential=MongoCredential{mechanism=null, userName='mailmerajansari_db_user', source='admin', password=<hidden>, mechanismProperties=<hidden>}, transportSettings=null, commandListeners=[], codecRegistry=ProvidersCodecRegistry{codecProviders=[ValueCodecProvider{}, BsonValueCodecProvider{}, DBRefCodecProvider{}, DBObjectCodecProvider{}, DocumentCodecProvider{}, CollectionCodecProvider{}, IterableCodecProvider{}, MapCodecProvider{}, GeoJsonCodecProvider{}, GridFSFileCodecProvider{}, Jsr310CodecProvider{}, JsonObjectCodecProvider{}, BsonCodecProvider{}, EnumCodecProvider{}, com.mongodb.client.model.mql.ExpressionCodecProvider@4451512a, com.mongodb.Jep395RecordCodecProvider@1a256759, com.mongodb.KotlinCodecProvider@bf42f27]}, loggerSettings=LoggerSettings{maxDocumentLength=1000}, clusterSettings={hosts=[127.0.0.1:27017], srvHost=cluster0.b7jb1jb.mongodb.net, srvServiceName=mongodb, mode=MULTIPLE, requiredClusterType=REPLICA_SET, requiredReplicaSetName='atlas-10vsg5-shard-0', serverSelector='null', clusterListeners='[]', serverSelectionTimeout='30000 ms', localThreshold='15 ms'}, socketSettings=SocketSettings{connectTimeoutMS=10000, readTimeoutMS=0, receiveBufferSize=0, proxySettings=ProxySettings{host=null, port=null, username=null, password=null}}, heartbeatSocketSettings=SocketSettings{connectTimeoutMS=10000, readTimeoutMS=10000, receiveBufferSize=0, proxySettings=ProxySettings{host=null, port=null, username=null, password=null}}, connectionPoolSettings=ConnectionPoolSettings{maxSize=100, minSize=0, maxWaitTimeMS=120000, maxConnectionLifeTimeMS=0, maxConnectionIdleTimeMS=0, maintenanceInitialDelayMS=0, maintenanceFrequencyMS=60000, connectionPoolListeners=[], maxConnecting=2}, serverSettings=ServerSettings{heartbeatFrequencyMS=10000, minHeartbeatFrequencyMS=500, serverMonitoringMode=AUTO, serverListeners='[]', serverMonitorListeners='[]'}, sslSettings=SslSettings{enabled=true, invalidHostNameAllowed=false, context=null}, applicationName='Cluster0', compressorList=[], uuidRepresentation=JAVA_LEGACY, serverApi=null, autoEncryptionSettings=null, dnsClient=null, inetAddressResolver=null, contextProvider=null, timeoutMS=null} 
13:25:33.243 -------- [cluster-ClusterId{value='69ba5a75f078d0f005bc524f', description='Cluster0'}-srv-cluster0.b7jb1jb.mongodb.net] --- INFO  --- org.mongodb.driver.cluster -------- Adding discovered server ac-jcz0paw-shard-00-01.b7jb1jb.mongodb.net:27017 to client view of cluster 
13:25:33.245 -------- [cluster-ClusterId{value='69ba5a75f078d0f005bc524f', description='Cluster0'}-srv-cluster0.b7jb1jb.mongodb.net] --- INFO  --- org.mongodb.driver.cluster -------- Adding discovered server ac-jcz0paw-shard-00-02.b7jb1jb.mongodb.net:27017 to client view of cluster 
13:25:33.418 -------- [restartedMain] --- INFO  --- o.s.b.d.a.OptionalLiveReloadServer -------- LiveReload server is running on port 35729 
13:25:33.564 -------- [restartedMain] --- INFO  --- org.mongodb.driver.cluster -------- Waiting for server to become available for operation with ID 5. Remaining time: 29992 ms. Selector: WritableServerSelector, topology description: {type=REPLICA_SET, servers=[{address=ac-jcz0paw-shard-00-01.b7jb1jb.mongodb.net:27017, type=UNKNOWN, state=CONNECTING}, {address=ac-jcz0paw-shard-00-02.b7jb1jb.mongodb.net:27017, type=UNKNOWN, state=CONNECTING}, {address=ac-jcz0paw-shard-00-00.b7jb1jb.mongodb.net:27017, type=UNKNOWN, state=CONNECTING}]. 
13:25:33.661 -------- [cluster-ClusterId{value='69ba5a75f078d0f005bc524f', description='Cluster0'}-ac-jcz0paw-shard-00-02.b7jb1jb.mongodb.net:27017] --- INFO  --- org.mongodb.driver.cluster -------- Monitor thread successfully connected to server with description ServerDescription{address=ac-jcz0paw-shard-00-02.b7jb1jb.mongodb.net:27017, type=REPLICA_SET_PRIMARY, cryptd=false, state=CONNECTED, ok=true, minWireVersion=0, maxWireVersion=25, maxDocumentSize=16777216, logicalSessionTimeoutMinutes=30, roundTripTimeNanos=237441700, minRoundTripTimeNanos=0, setName='atlas-10vsg5-shard-0', canonicalAddress=ac-jcz0paw-shard-00-02.b7jb1jb.mongodb.net:27017, hosts=[ac-jcz0paw-shard-00-01.b7jb1jb.mongodb.net:27017, ac-jcz0paw-shard-00-02.b7jb1jb.mongodb.net:27017, ac-jcz0paw-shard-00-00.b7jb1jb.mongodb.net:27017], passives=[], arbiters=[], primary='ac-jcz0paw-shard-00-02.b7jb1jb.mongodb.net:27017', tagSet=TagSet{[Tag{name='availabilityZone', value='aps1-az2'}, Tag{name='diskState', value='READY'}, Tag{name='nodeType', value='ELECTABLE'}, Tag{name='provider', value='AWS'}, Tag{name='region', value='AP_SOUTH_1'}, Tag{name='workloadType', value='OPERATIONAL'}]}, electionId=7fffffff00000000000000dc, setVersion=57, topologyVersion=TopologyVersion{processId=69b311ad332d80e6a3807b8e, counter=6}, lastWriteDate=Wed Mar 18 13:25:33 IST 2026, lastUpdateTimeNanos=1608329799141300} 
13:25:33.661 -------- [cluster-ClusterId{value='69ba5a75f078d0f005bc524f', description='Cluster0'}-ac-jcz0paw-shard-00-00.b7jb1jb.mongodb.net:27017] --- INFO  --- org.mongodb.driver.cluster -------- Monitor thread successfully connected to server with description ServerDescription{address=ac-jcz0paw-shard-00-00.b7jb1jb.mongodb.net:27017, type=REPLICA_SET_SECONDARY, cryptd=false, state=CONNECTED, ok=true, minWireVersion=0, maxWireVersion=25, maxDocumentSize=16777216, logicalSessionTimeoutMinutes=30, roundTripTimeNanos=237440100, minRoundTripTimeNanos=0, setName='atlas-10vsg5-shard-0', canonicalAddress=ac-jcz0paw-shard-00-00.b7jb1jb.mongodb.net:27017, hosts=[ac-jcz0paw-shard-00-01.b7jb1jb.mongodb.net:27017, ac-jcz0paw-shard-00-02.b7jb1jb.mongodb.net:27017, ac-jcz0paw-shard-00-00.b7jb1jb.mongodb.net:27017], passives=[], arbiters=[], primary='ac-jcz0paw-shard-00-02.b7jb1jb.mongodb.net:27017', tagSet=TagSet{[Tag{name='availabilityZone', value='aps1-az1'}, Tag{name='diskState', value='READY'}, Tag{name='nodeType', value='ELECTABLE'}, Tag{name='provider', value='AWS'}, Tag{name='region', value='AP_SOUTH_1'}, Tag{name='workloadType', value='OPERATIONAL'}]}, electionId=null, setVersion=57, topologyVersion=TopologyVersion{processId=69b30fd5ea006f2a16d8bf3e, counter=4}, lastWriteDate=Wed Mar 18 13:25:33 IST 2026, lastUpdateTimeNanos=1608329799141400} 
13:25:33.661 -------- [cluster-ClusterId{value='69ba5a75f078d0f005bc524f', description='Cluster0'}-ac-jcz0paw-shard-00-01.b7jb1jb.mongodb.net:27017] --- INFO  --- org.mongodb.driver.cluster -------- Monitor thread successfully connected to server with description ServerDescription{address=ac-jcz0paw-shard-00-01.b7jb1jb.mongodb.net:27017, type=REPLICA_SET_SECONDARY, cryptd=false, state=CONNECTED, ok=true, minWireVersion=0, maxWireVersion=25, maxDocumentSize=16777216, logicalSessionTimeoutMinutes=30, roundTripTimeNanos=234098600, minRoundTripTimeNanos=0, setName='atlas-10vsg5-shard-0', canonicalAddress=ac-jcz0paw-shard-00-01.b7jb1jb.mongodb.net:27017, hosts=[ac-jcz0paw-shard-00-01.b7jb1jb.mongodb.net:27017, ac-jcz0paw-shard-00-02.b7jb1jb.mongodb.net:27017, ac-jcz0paw-shard-00-00.b7jb1jb.mongodb.net:27017], passives=[], arbiters=[], primary='ac-jcz0paw-shard-00-02.b7jb1jb.mongodb.net:27017', tagSet=TagSet{[Tag{name='availabilityZone', value='aps1-az3'}, Tag{name='diskState', value='READY'}, Tag{name='nodeType', value='ELECTABLE'}, Tag{name='provider', value='AWS'}, Tag{name='region', value='AP_SOUTH_1'}, Tag{name='workloadType', value='OPERATIONAL'}]}, electionId=null, setVersion=57, topologyVersion=TopologyVersion{processId=69b3142d06876aecd9b70acd, counter=3}, lastWriteDate=Wed Mar 18 13:25:33 IST 2026, lastUpdateTimeNanos=1608329799141300} 
13:25:33.665 -------- [cluster-ClusterId{value='69ba5a75f078d0f005bc524f', description='Cluster0'}-ac-jcz0paw-shard-00-02.b7jb1jb.mongodb.net:27017] --- INFO  --- org.mongodb.driver.cluster -------- Discovered replica set primary ac-jcz0paw-shard-00-02.b7jb1jb.mongodb.net:27017 with max election id 7fffffff00000000000000dc and max set version 57 
13:25:34.735 -------- [restartedMain] --- INFO  --- o.s.s.c.a.a.c.InitializeAuthenticationProviderBeanManagerConfigurer$InitializeAuthenticationProviderManagerConfigurer -------- Global AuthenticationManager configured with AuthenticationProvider bean with name authenticationProvider 
13:25:34.736 -------- [restartedMain] --- WARN  --- o.s.s.c.a.a.c.InitializeUserDetailsBeanManagerConfigurer$InitializeUserDetailsManagerConfigurer -------- Global AuthenticationManager configured with an AuthenticationProvider bean. UserDetailsService beans will not be used by Spring Security for automatically configuring username/password login. Consider removing the AuthenticationProvider bean. Alternatively, consider using the UserDetailsService in a manually instantiated DaoAuthenticationProvider. If the current configuration is intentional, to turn off this warning, increase the logging level of 'org.springframework.security.config.annotation.authentication.configuration.InitializeUserDetailsBeanManagerConfigurer' to ERROR 
13:25:34.848 -------- [restartedMain] --- DEBUG --- o.s.s.web.DefaultSecurityFilterChain -------- Will secure any request with filters: DisableEncodeUrlFilter, WebAsyncManagerIntegrationFilter, SecurityContextHolderFilter, HeaderWriterFilter, LogoutFilter, BasicAuthenticationFilter, RequestCacheAwareFilter, SecurityContextHolderAwareRequestFilter, AnonymousAuthenticationFilter, ExceptionTranslationFilter, AuthorizationFilter 
13:25:35.138 -------- [restartedMain] --- INFO  --- o.a.coyote.http11.Http11NioProtocol -------- Starting ProtocolHandler ["http-nio-8080"] 
13:25:35.157 -------- [restartedMain] --- INFO  --- o.s.b.w.e.tomcat.TomcatWebServer -------- Tomcat started on port 8080 (http) with context path '/' 
13:25:35.172 -------- [restartedMain] --- INFO  --- c.app.journal.JournalAppApplication -------- Started JournalAppApplication in 4.394 seconds (process running for 4.989) 
13:25:47.303 -------- [http-nio-8080-exec-2] --- INFO  --- o.a.c.c.C.[Tomcat].[localhost].[/] -------- Initializing Spring DispatcherServlet 'dispatcherServlet' 
13:25:47.304 -------- [http-nio-8080-exec-2] --- INFO  --- o.s.web.servlet.DispatcherServlet -------- Initializing Servlet 'dispatcherServlet' 
13:25:47.307 -------- [http-nio-8080-exec-2] --- INFO  --- o.s.web.servlet.DispatcherServlet -------- Completed initialization in 3 ms 
13:25:47.342 -------- [http-nio-8080-exec-2] --- DEBUG --- o.s.security.web.FilterChainProxy -------- Securing GET /user/get-weather 
13:25:47.592 -------- [http-nio-8080-exec-2] --- DEBUG --- o.s.s.a.d.DaoAuthenticationProvider -------- Authenticated user 
13:25:47.593 -------- [http-nio-8080-exec-2] --- DEBUG --- o.s.s.w.a.w.BasicAuthenticationFilter -------- Set SecurityContextHolder to UsernamePasswordAuthenticationToken [Principal=org.springframework.security.core.userdetails.User [Username=david, Password=[PROTECTED], Enabled=true, AccountNonExpired=true, CredentialsNonExpired=true, AccountNonLocked=true, Granted Authorities=[ROLE_ADMIN, ROLE_USER]], Credentials=[PROTECTED], Authenticated=true, Details=WebAuthenticationDetails [RemoteIpAddress=0:0:0:0:0:0:0:1, SessionId=null], Granted Authorities=[ROLE_ADMIN, ROLE_USER]] 
13:25:47.596 -------- [http-nio-8080-exec-2] --- DEBUG --- o.s.security.web.FilterChainProxy -------- Secured GET /user/get-weather 
13:25:48.144 -------- [http-nio-8080-exec-2] --- ERROR --- c.app.journal.service.RedisService -------- error  
java.lang.NullPointerException: Cannot invoke "Object.toString()" because "o" is null
	at com.app.journal.service.RedisService.get(RedisService.java:23)
	at com.app.journal.service.WeatherService.getWeather(WeatherService.java:32)
	at com.app.journal.controller.UserController.getweather(UserController.java:71)
	at java.base/jdk.internal.reflect.NativeMethodAccessorImpl.invoke0(Native Method)
	at java.base/jdk.internal.reflect.NativeMethodAccessorImpl.invoke(NativeMethodAccessorImpl.java:77)
	at java.base/jdk.internal.reflect.DelegatingMethodAccessorImpl.invoke(DelegatingMethodAccessorImpl.java:43)
	at java.base/java.lang.reflect.Method.invoke(Method.java:569)
	at org.springframework.web.method.support.InvocableHandlerMethod.doInvoke(InvocableHandlerMethod.java:258)
	at org.springframework.web.method.support.InvocableHandlerMethod.invokeForRequest(InvocableHandlerMethod.java:191)
	at org.springframework.web.servlet.mvc.method.annotation.ServletInvocableHandlerMethod.invokeAndHandle(ServletInvocableHandlerMethod.java:118)
	at org.springframework.web.servlet.mvc.method.annotation.RequestMappingHandlerAdapter.invokeHandlerMethod(RequestMappingHandlerAdapter.java:991)
	at org.springframework.web.servlet.mvc.method.annotation.RequestMappingHandlerAdapter.handleInternal(RequestMappingHandlerAdapter.java:896)
	at org.springframework.web.servlet.mvc.method.AbstractHandlerMethodAdapter.handle(AbstractHandlerMethodAdapter.java:87)
	at org.springframework.web.servlet.DispatcherServlet.doDispatch(DispatcherServlet.java:1089)
	at org.springframework.web.servlet.DispatcherServlet.doService(DispatcherServlet.java:979)
	at org.springframework.web.servlet.FrameworkServlet.processRequest(FrameworkServlet.java:1014)
	at org.springframework.web.servlet.FrameworkServlet.doGet(FrameworkServlet.java:903)
	at jakarta.servlet.http.HttpServlet.service(HttpServlet.java:564)
	at org.springframework.web.servlet.FrameworkServlet.service(FrameworkServlet.java:885)
	at jakarta.servlet.http.HttpServlet.service(HttpServlet.java:658)
	at org.apache.catalina.core.ApplicationFilterChain.internalDoFilter(ApplicationFilterChain.java:193)
	at org.apache.catalina.core.ApplicationFilterChain.doFilter(ApplicationFilterChain.java:138)
	at org.apache.tomcat.websocket.server.WsFilter.doFilter(WsFilter.java:51)
	at org.apache.catalina.core.ApplicationFilterChain.internalDoFilter(ApplicationFilterChain.java:162)
	at org.apache.catalina.core.ApplicationFilterChain.doFilter(ApplicationFilterChain.java:138)
	at org.springframework.web.filter.CompositeFilter$VirtualFilterChain.doFilter(CompositeFilter.java:108)
	at org.springframework.web.filter.CompositeFilter$VirtualFilterChain.doFilter(CompositeFilter.java:108)
	at org.springframework.security.web.FilterChainProxy.lambda$doFilterInternal$3(FilterChainProxy.java:231)
	at org.springframework.security.web.FilterChainProxy$VirtualFilterChain.doFilter(FilterChainProxy.java:365)
	at org.springframework.security.web.access.intercept.AuthorizationFilter.doFilter(AuthorizationFilter.java:101)
	at org.springframework.security.web.FilterChainProxy$VirtualFilterChain.doFilter(FilterChainProxy.java:374)
	at org.springframework.security.web.access.ExceptionTranslationFilter.doFilter(ExceptionTranslationFilter.java:125)
	at org.springframework.security.web.access.ExceptionTranslationFilter.doFilter(ExceptionTranslationFilter.java:119)
	at org.springframework.security.web.FilterChainProxy$VirtualFilterChain.doFilter(FilterChainProxy.java:374)
	at org.springframework.security.web.authentication.AnonymousAuthenticationFilter.doFilter(AnonymousAuthenticationFilter.java:100)
	at org.springframework.security.web.FilterChainProxy$VirtualFilterChain.doFilter(FilterChainProxy.java:374)
	at org.springframework.security.web.servletapi.SecurityContextHolderAwareRequestFilter.doFilter(SecurityContextHolderAwareRequestFilter.java:179)
	at org.springframework.security.web.FilterChainProxy$VirtualFilterChain.doFilter(FilterChainProxy.java:374)
	at org.springframework.security.web.savedrequest.RequestCacheAwareFilter.doFilter(RequestCacheAwareFilter.java:63)
	at org.springframework.security.web.FilterChainProxy$VirtualFilterChain.doFilter(FilterChainProxy.java:374)
	at org.springframework.security.web.authentication.www.BasicAuthenticationFilter.doFilterInternal(BasicAuthenticationFilter.java:213)
	at org.springframework.web.filter.OncePerRequestFilter.doFilter(OncePerRequestFilter.java:116)
	at org.springframework.security.web.FilterChainProxy$VirtualFilterChain.doFilter(FilterChainProxy.java:374)
	at org.springframework.security.web.authentication.logout.LogoutFilter.doFilter(LogoutFilter.java:107)
	at org.springframework.security.web.authentication.logout.LogoutFilter.doFilter(LogoutFilter.java:93)
	at org.springframework.security.web.FilterChainProxy$VirtualFilterChain.doFilter(FilterChainProxy.java:374)
	at org.springframework.security.web.header.HeaderWriterFilter.doHeadersAfter(HeaderWriterFilter.java:90)
	at org.springframework.security.web.header.HeaderWriterFilter.doFilterInternal(HeaderWriterFilter.java:75)
	at org.springframework.web.filter.OncePerRequestFilter.doFilter(OncePerRequestFilter.java:116)
	at org.springframework.security.web.FilterChainProxy$VirtualFilterChain.doFilter(FilterChainProxy.java:374)
	at org.springframework.security.web.context.SecurityContextHolderFilter.doFilter(SecurityContextHolderFilter.java:82)
	at org.springframework.security.web.context.SecurityContextHolderFilter.doFilter(SecurityContextHolderFilter.java:69)
	at org.springframework.security.web.FilterChainProxy$VirtualFilterChain.doFilter(FilterChainProxy.java:374)
	at org.springframework.security.web.context.request.async.WebAsyncManagerIntegrationFilter.doFilterInternal(WebAsyncManagerIntegrationFilter.java:62)
	at org.springframework.web.filter.OncePerRequestFilter.doFilter(OncePerRequestFilter.java:116)
	at org.springframework.security.web.FilterChainProxy$VirtualFilterChain.doFilter(FilterChainProxy.java:374)
	at org.springframework.security.web.session.DisableEncodeUrlFilter.doFilterInternal(DisableEncodeUrlFilter.java:42)
	at org.springframework.web.filter.OncePerRequestFilter.doFilter(OncePerRequestFilter.java:116)
	at org.springframework.security.web.FilterChainProxy$VirtualFilterChain.doFilter(FilterChainProxy.java:374)
	at org.springframework.security.web.FilterChainProxy.doFilterInternal(FilterChainProxy.java:233)
	at org.springframework.security.web.FilterChainProxy.doFilter(FilterChainProxy.java:191)
	at org.springframework.web.filter.CompositeFilter$VirtualFilterChain.doFilter(CompositeFilter.java:113)
	at org.springframework.web.filter.ServletRequestPathFilter.doFilter(ServletRequestPathFilter.java:52)
	at org.springframework.web.filter.CompositeFilter$VirtualFilterChain.doFilter(CompositeFilter.java:113)
	at org.springframework.web.filter.CompositeFilter.doFilter(CompositeFilter.java:74)
	at org.springframework.security.config.annotation.web.configuration.WebSecurityConfiguration$CompositeFilterChainProxy.doFilter(WebSecurityConfiguration.java:319)
	at org.springframework.web.filter.CompositeFilter$VirtualFilterChain.doFilter(CompositeFilter.java:113)
	at org.springframework.web.servlet.handler.HandlerMappingIntrospector.lambda$createCacheFilter$4(HandlerMappingIntrospector.java:267)
	at org.springframework.web.filter.CompositeFilter$VirtualFilterChain.doFilter(CompositeFilter.java:113)
	at org.springframework.web.filter.CompositeFilter.doFilter(CompositeFilter.java:74)
	at org.springframework.security.config.annotation.web.configuration.WebMvcSecurityConfiguration$CompositeFilterChainProxy.doFilter(WebMvcSecurityConfiguration.java:240)
	at org.springframework.web.filter.DelegatingFilterProxy.invokeDelegate(DelegatingFilterProxy.java:362)
	at org.springframework.web.filter.DelegatingFilterProxy.doFilter(DelegatingFilterProxy.java:278)
	at org.apache.catalina.core.ApplicationFilterChain.internalDoFilter(ApplicationFilterChain.java:162)
	at org.apache.catalina.core.ApplicationFilterChain.doFilter(ApplicationFilterChain.java:138)
	at org.springframework.web.filter.RequestContextFilter.doFilterInternal(RequestContextFilter.java:100)
	at org.springframework.web.filter.OncePerRequestFilter.doFilter(OncePerRequestFilter.java:116)
	at org.apache.catalina.core.ApplicationFilterChain.internalDoFilter(ApplicationFilterChain.java:162)
	at org.apache.catalina.core.ApplicationFilterChain.doFilter(ApplicationFilterChain.java:138)
	at org.springframework.web.filter.FormContentFilter.doFilterInternal(FormContentFilter.java:93)
	at org.springframework.web.filter.OncePerRequestFilter.doFilter(OncePerRequestFilter.java:116)
	at org.apache.catalina.core.ApplicationFilterChain.internalDoFilter(ApplicationFilterChain.java:162)
	at org.apache.catalina.core.ApplicationFilterChain.doFilter(ApplicationFilterChain.java:138)
	at org.springframework.web.filter.CharacterEncodingFilter.doFilterInternal(CharacterEncodingFilter.java:201)
	at org.springframework.web.filter.OncePerRequestFilter.doFilter(OncePerRequestFilter.java:116)
	at org.apache.catalina.core.ApplicationFilterChain.internalDoFilter(ApplicationFilterChain.java:162)
	at org.apache.catalina.core.ApplicationFilterChain.doFilter(ApplicationFilterChain.java:138)
	at org.apache.catalina.core.StandardWrapperValve.invoke(StandardWrapperValve.java:165)
	at org.apache.catalina.core.StandardContextValve.invoke(StandardContextValve.java:88)
	at org.apache.catalina.authenticator.AuthenticatorBase.invoke(AuthenticatorBase.java:492)
	at org.apache.catalina.core.StandardHostValve.invoke(StandardHostValve.java:113)
	at org.apache.catalina.valves.ErrorReportValve.invoke(ErrorReportValve.java:83)
	at org.apache.catalina.core.StandardEngineValve.invoke(StandardEngineValve.java:72)
	at org.apache.catalina.connector.CoyoteAdapter.service(CoyoteAdapter.java:342)
	at org.apache.coyote.http11.Http11Processor.service(Http11Processor.java:399)
	at org.apache.coyote.AbstractProcessorLight.process(AbstractProcessorLight.java:63)
	at org.apache.coyote.AbstractProtocol$ConnectionHandler.process(AbstractProtocol.java:903)
	at org.apache.tomcat.util.net.NioEndpoint$SocketProcessor.doRun(NioEndpoint.java:1775)
	at org.apache.tomcat.util.net.SocketProcessorBase.run(SocketProcessorBase.java:52)
	at org.apache.tomcat.util.threads.ThreadPoolExecutor.runWorker(ThreadPoolExecutor.java:973)
	at org.apache.tomcat.util.threads.ThreadPoolExecutor$Worker.run(ThreadPoolExecutor.java:491)
	at org.apache.tomcat.util.threads.TaskThread$WrappingRunnable.run(TaskThread.java:63)
	at java.base/java.lang.Thread.run(Thread.java:840)
13:29:15.321 -------- [SpringApplicationShutdownHook] --- INFO  --- o.s.b.w.e.tomcat.GracefulShutdown -------- Commencing graceful shutdown. Waiting for active requests to complete 
13:29:15.522 -------- [tomcat-shutdown] --- INFO  --- o.s.b.w.e.tomcat.GracefulShutdown -------- Graceful shutdown complete 
13:29:19.941 -------- [restartedMain] --- INFO  --- c.app.journal.JournalAppApplication -------- Starting JournalAppApplication using Java 17.0.18 with PID 49972 (C:\Users\hp\Desktop\Study\Java-programs\JournalApplication\journal\target\classes started by hp in C:\Users\hp\Desktop\Study\Java-programs\JournalApplication) 
13:29:19.944 -------- [restartedMain] --- DEBUG --- c.app.journal.JournalAppApplication -------- Running with Spring Boot v3.5.11, Spring v6.2.16 
13:29:19.945 -------- [restartedMain] --- INFO  --- c.app.journal.JournalAppApplication -------- No active profile set, falling back to 1 default profile: "default" 
13:29:20.016 -------- [restartedMain] --- INFO  --- o.s.b.d.e.DevToolsPropertyDefaultsPostProcessor -------- Devtools property defaults active! Set 'spring.devtools.add-properties' to 'false' to disable 
13:29:20.017 -------- [restartedMain] --- INFO  --- o.s.b.d.e.DevToolsPropertyDefaultsPostProcessor -------- For additional web related logging consider setting the 'logging.level.web' property to 'DEBUG' 
13:29:20.785 -------- [restartedMain] --- INFO  --- o.s.d.r.c.RepositoryConfigurationDelegate -------- Multiple Spring Data modules found, entering strict repository configuration mode 
13:29:20.786 -------- [restartedMain] --- INFO  --- o.s.d.r.c.RepositoryConfigurationDelegate -------- Bootstrapping Spring Data MongoDB repositories in DEFAULT mode. 
13:29:20.896 -------- [restartedMain] --- INFO  --- o.s.d.r.c.RepositoryConfigurationDelegate -------- Finished Spring Data repository scanning in 104 ms. Found 3 MongoDB repository interfaces. 
13:29:20.912 -------- [restartedMain] --- INFO  --- o.s.d.r.c.RepositoryConfigurationDelegate -------- Multiple Spring Data modules found, entering strict repository configuration mode 
13:29:20.914 -------- [restartedMain] --- INFO  --- o.s.d.r.c.RepositoryConfigurationDelegate -------- Bootstrapping Spring Data Redis repositories in DEFAULT mode. 
13:29:20.934 -------- [restartedMain] --- INFO  --- o.s.d.r.c.RepositoryConfigurationExtensionSupport -------- Spring Data Redis - Could not safely identify store assignment for repository candidate interface com.app.journal.repository.ConfigJournalAppRepository; If you want this repository to be a Redis repository, consider annotating your entities with one of these annotations: org.springframework.data.redis.core.RedisHash (preferred), or consider extending one of the following types with your repository: org.springframework.data.keyvalue.repository.KeyValueRepository 
13:29:20.935 -------- [restartedMain] --- INFO  --- o.s.d.r.c.RepositoryConfigurationExtensionSupport -------- Spring Data Redis - Could not safely identify store assignment for repository candidate interface com.app.journal.repository.JournalEntryRepository; If you want this repository to be a Redis repository, consider annotating your entities with one of these annotations: org.springframework.data.redis.core.RedisHash (preferred), or consider extending one of the following types with your repository: org.springframework.data.keyvalue.repository.KeyValueRepository 
13:29:20.935 -------- [restartedMain] --- INFO  --- o.s.d.r.c.RepositoryConfigurationExtensionSupport -------- Spring Data Redis - Could not safely identify store assignment for repository candidate interface com.app.journal.repository.UserRepository; If you want this repository to be a Redis repository, consider annotating your entities with one of these annotations: org.springframework.data.redis.core.RedisHash (preferred), or consider extending one of the following types with your repository: org.springframework.data.keyvalue.repository.KeyValueRepository 
13:29:20.935 -------- [restartedMain] --- INFO  --- o.s.d.r.c.RepositoryConfigurationDelegate -------- Finished Spring Data repository scanning in 7 ms. Found 0 Redis repository interfaces. 
13:29:21.569 -------- [restartedMain] --- INFO  --- o.s.b.w.e.tomcat.TomcatWebServer -------- Tomcat initialized with port 8080 (http) 
13:29:21.583 -------- [restartedMain] --- INFO  --- o.a.coyote.http11.Http11NioProtocol -------- Initializing ProtocolHandler ["http-nio-8080"] 
13:29:21.585 -------- [restartedMain] --- INFO  --- o.a.catalina.core.StandardService -------- Starting service [Tomcat] 
13:29:21.585 -------- [restartedMain] --- INFO  --- o.a.catalina.core.StandardEngine -------- Starting Servlet engine: [Apache Tomcat/10.1.52] 
13:29:21.637 -------- [restartedMain] --- INFO  --- o.a.c.c.C.[Tomcat].[localhost].[/] -------- Initializing Spring embedded WebApplicationContext 
13:29:21.638 -------- [restartedMain] --- INFO  --- o.s.b.w.s.c.ServletWebServerApplicationContext -------- Root WebApplicationContext: initialization completed in 1620 ms 
13:29:21.990 -------- [cluster-ClusterId{value='69ba5b595de3b29313aaef39', description='Cluster0'}-srv-cluster0.b7jb1jb.mongodb.net] --- INFO  --- org.mongodb.driver.cluster -------- Adding discovered server ac-jcz0paw-shard-00-00.b7jb1jb.mongodb.net:27017 to client view of cluster 
13:29:22.000 -------- [restartedMain] --- INFO  --- org.mongodb.driver.client -------- MongoClient with metadata {"application": {"name": "Cluster0"}, "driver": {"name": "mongo-java-driver|sync|spring-boot", "version": "5.5.2"}, "os": {"type": "Windows", "name": "Windows 11", "architecture": "amd64", "version": "10.0"}, "platform": "Java/Microsoft/17.0.18+8-LTS"} created with settings MongoClientSettings{readPreference=primary, writeConcern=WriteConcern{w=null, wTimeout=null ms, journal=null}, retryWrites=true, retryReads=true, readConcern=ReadConcern{level=null}, credential=MongoCredential{mechanism=null, userName='mailmerajansari_db_user', source='admin', password=<hidden>, mechanismProperties=<hidden>}, transportSettings=null, commandListeners=[], codecRegistry=ProvidersCodecRegistry{codecProviders=[ValueCodecProvider{}, BsonValueCodecProvider{}, DBRefCodecProvider{}, DBObjectCodecProvider{}, DocumentCodecProvider{}, CollectionCodecProvider{}, IterableCodecProvider{}, MapCodecProvider{}, GeoJsonCodecProvider{}, GridFSFileCodecProvider{}, Jsr310CodecProvider{}, JsonObjectCodecProvider{}, BsonCodecProvider{}, EnumCodecProvider{}, com.mongodb.client.model.mql.ExpressionCodecProvider@6d9b5639, com.mongodb.Jep395RecordCodecProvider@2f644ceb, com.mongodb.KotlinCodecProvider@40e80720]}, loggerSettings=LoggerSettings{maxDocumentLength=1000}, clusterSettings={hosts=[127.0.0.1:27017], srvHost=cluster0.b7jb1jb.mongodb.net, srvServiceName=mongodb, mode=MULTIPLE, requiredClusterType=REPLICA_SET, requiredReplicaSetName='atlas-10vsg5-shard-0', serverSelector='null', clusterListeners='[]', serverSelectionTimeout='30000 ms', localThreshold='15 ms'}, socketSettings=SocketSettings{connectTimeoutMS=10000, readTimeoutMS=0, receiveBufferSize=0, proxySettings=ProxySettings{host=null, port=null, username=null, password=null}}, heartbeatSocketSettings=SocketSettings{connectTimeoutMS=10000, readTimeoutMS=10000, receiveBufferSize=0, proxySettings=ProxySettings{host=null, port=null, username=null, password=null}}, connectionPoolSettings=ConnectionPoolSettings{maxSize=100, minSize=0, maxWaitTimeMS=120000, maxConnectionLifeTimeMS=0, maxConnectionIdleTimeMS=0, maintenanceInitialDelayMS=0, maintenanceFrequencyMS=60000, connectionPoolListeners=[], maxConnecting=2}, serverSettings=ServerSettings{heartbeatFrequencyMS=10000, minHeartbeatFrequencyMS=500, serverMonitoringMode=AUTO, serverListeners='[]', serverMonitorListeners='[]'}, sslSettings=SslSettings{enabled=true, invalidHostNameAllowed=false, context=null}, applicationName='Cluster0', compressorList=[], uuidRepresentation=JAVA_LEGACY, serverApi=null, autoEncryptionSettings=null, dnsClient=null, inetAddressResolver=null, contextProvider=null, timeoutMS=null} 
13:29:22.026 -------- [cluster-ClusterId{value='69ba5b595de3b29313aaef39', description='Cluster0'}-srv-cluster0.b7jb1jb.mongodb.net] --- INFO  --- org.mongodb.driver.cluster -------- Adding discovered server ac-jcz0paw-shard-00-01.b7jb1jb.mongodb.net:27017 to client view of cluster 
13:29:22.030 -------- [cluster-ClusterId{value='69ba5b595de3b29313aaef39', description='Cluster0'}-srv-cluster0.b7jb1jb.mongodb.net] --- INFO  --- org.mongodb.driver.cluster -------- Adding discovered server ac-jcz0paw-shard-00-02.b7jb1jb.mongodb.net:27017 to client view of cluster 
13:29:22.250 -------- [restartedMain] --- INFO  --- o.s.b.d.a.OptionalLiveReloadServer -------- LiveReload server is running on port 35729 
13:29:22.426 -------- [restartedMain] --- INFO  --- org.mongodb.driver.cluster -------- Waiting for server to become available for operation with ID 5. Remaining time: 29990 ms. Selector: WritableServerSelector, topology description: {type=REPLICA_SET, servers=[{address=ac-jcz0paw-shard-00-01.b7jb1jb.mongodb.net:27017, type=UNKNOWN, state=CONNECTING}, {address=ac-jcz0paw-shard-00-02.b7jb1jb.mongodb.net:27017, type=UNKNOWN, state=CONNECTING}, {address=ac-jcz0paw-shard-00-00.b7jb1jb.mongodb.net:27017, type=UNKNOWN, state=CONNECTING}]. 
13:29:22.486 -------- [cluster-ClusterId{value='69ba5b595de3b29313aaef39', description='Cluster0'}-ac-jcz0paw-shard-00-00.b7jb1jb.mongodb.net:27017] --- INFO  --- org.mongodb.driver.cluster -------- Monitor thread successfully connected to server with description ServerDescription{address=ac-jcz0paw-shard-00-00.b7jb1jb.mongodb.net:27017, type=REPLICA_SET_SECONDARY, cryptd=false, state=CONNECTED, ok=true, minWireVersion=0, maxWireVersion=25, maxDocumentSize=16777216, logicalSessionTimeoutMinutes=30, roundTripTimeNanos=239400800, minRoundTripTimeNanos=0, setName='atlas-10vsg5-shard-0', canonicalAddress=ac-jcz0paw-shard-00-00.b7jb1jb.mongodb.net:27017, hosts=[ac-jcz0paw-shard-00-01.b7jb1jb.mongodb.net:27017, ac-jcz0paw-shard-00-02.b7jb1jb.mongodb.net:27017, ac-jcz0paw-shard-00-00.b7jb1jb.mongodb.net:27017], passives=[], arbiters=[], primary='ac-jcz0paw-shard-00-02.b7jb1jb.mongodb.net:27017', tagSet=TagSet{[Tag{name='availabilityZone', value='aps1-az1'}, Tag{name='diskState', value='READY'}, Tag{name='nodeType', value='ELECTABLE'}, Tag{name='provider', value='AWS'}, Tag{name='region', value='AP_SOUTH_1'}, Tag{name='workloadType', value='OPERATIONAL'}]}, electionId=null, setVersion=57, topologyVersion=TopologyVersion{processId=69b30fd5ea006f2a16d8bf3e, counter=4}, lastWriteDate=Wed Mar 18 13:29:22 IST 2026, lastUpdateTimeNanos=1608558621606500} 
13:29:22.486 -------- [cluster-ClusterId{value='69ba5b595de3b29313aaef39', description='Cluster0'}-ac-jcz0paw-shard-00-02.b7jb1jb.mongodb.net:27017] --- INFO  --- org.mongodb.driver.cluster -------- Monitor thread successfully connected to server with description ServerDescription{address=ac-jcz0paw-shard-00-02.b7jb1jb.mongodb.net:27017, type=REPLICA_SET_PRIMARY, cryptd=false, state=CONNECTED, ok=true, minWireVersion=0, maxWireVersion=25, maxDocumentSize=16777216, logicalSessionTimeoutMinutes=30, roundTripTimeNanos=243044400, minRoundTripTimeNanos=0, setName='atlas-10vsg5-shard-0', canonicalAddress=ac-jcz0paw-shard-00-02.b7jb1jb.mongodb.net:27017, hosts=[ac-jcz0paw-shard-00-01.b7jb1jb.mongodb.net:27017, ac-jcz0paw-shard-00-02.b7jb1jb.mongodb.net:27017, ac-jcz0paw-shard-00-00.b7jb1jb.mongodb.net:27017], passives=[], arbiters=[], primary='ac-jcz0paw-shard-00-02.b7jb1jb.mongodb.net:27017', tagSet=TagSet{[Tag{name='availabilityZone', value='aps1-az2'}, Tag{name='diskState', value='READY'}, Tag{name='nodeType', value='ELECTABLE'}, Tag{name='provider', value='AWS'}, Tag{name='region', value='AP_SOUTH_1'}, Tag{name='workloadType', value='OPERATIONAL'}]}, electionId=7fffffff00000000000000dc, setVersion=57, topologyVersion=TopologyVersion{processId=69b311ad332d80e6a3807b8e, counter=6}, lastWriteDate=Wed Mar 18 13:29:22 IST 2026, lastUpdateTimeNanos=1608558621606600} 
13:29:22.487 -------- [cluster-ClusterId{value='69ba5b595de3b29313aaef39', description='Cluster0'}-ac-jcz0paw-shard-00-01.b7jb1jb.mongodb.net:27017] --- INFO  --- org.mongodb.driver.cluster -------- Monitor thread successfully connected to server with description ServerDescription{address=ac-jcz0paw-shard-00-01.b7jb1jb.mongodb.net:27017, type=REPLICA_SET_SECONDARY, cryptd=false, state=CONNECTED, ok=true, minWireVersion=0, maxWireVersion=25, maxDocumentSize=16777216, logicalSessionTimeoutMinutes=30, roundTripTimeNanos=250820300, minRoundTripTimeNanos=0, setName='atlas-10vsg5-shard-0', canonicalAddress=ac-jcz0paw-shard-00-01.b7jb1jb.mongodb.net:27017, hosts=[ac-jcz0paw-shard-00-01.b7jb1jb.mongodb.net:27017, ac-jcz0paw-shard-00-02.b7jb1jb.mongodb.net:27017, ac-jcz0paw-shard-00-00.b7jb1jb.mongodb.net:27017], passives=[], arbiters=[], primary='ac-jcz0paw-shard-00-02.b7jb1jb.mongodb.net:27017', tagSet=TagSet{[Tag{name='availabilityZone', value='aps1-az3'}, Tag{name='diskState', value='READY'}, Tag{name='nodeType', value='ELECTABLE'}, Tag{name='provider', value='AWS'}, Tag{name='region', value='AP_SOUTH_1'}, Tag{name='workloadType', value='OPERATIONAL'}]}, electionId=null, setVersion=57, topologyVersion=TopologyVersion{processId=69b3142d06876aecd9b70acd, counter=3}, lastWriteDate=Wed Mar 18 13:29:22 IST 2026, lastUpdateTimeNanos=1608558629381600} 
13:29:22.490 -------- [cluster-ClusterId{value='69ba5b595de3b29313aaef39', description='Cluster0'}-ac-jcz0paw-shard-00-02.b7jb1jb.mongodb.net:27017] --- INFO  --- org.mongodb.driver.cluster -------- Discovered replica set primary ac-jcz0paw-shard-00-02.b7jb1jb.mongodb.net:27017 with max election id 7fffffff00000000000000dc and max set version 57 
13:29:23.539 -------- [restartedMain] --- INFO  --- o.s.s.c.a.a.c.InitializeAuthenticationProviderBeanManagerConfigurer$InitializeAuthenticationProviderManagerConfigurer -------- Global AuthenticationManager configured with AuthenticationProvider bean with name authenticationProvider 
13:29:23.539 -------- [restartedMain] --- WARN  --- o.s.s.c.a.a.c.InitializeUserDetailsBeanManagerConfigurer$InitializeUserDetailsManagerConfigurer -------- Global AuthenticationManager configured with an AuthenticationProvider bean. UserDetailsService beans will not be used by Spring Security for automatically configuring username/password login. Consider removing the AuthenticationProvider bean. Alternatively, consider using the UserDetailsService in a manually instantiated DaoAuthenticationProvider. If the current configuration is intentional, to turn off this warning, increase the logging level of 'org.springframework.security.config.annotation.authentication.configuration.InitializeUserDetailsBeanManagerConfigurer' to ERROR 
13:29:23.645 -------- [restartedMain] --- DEBUG --- o.s.s.web.DefaultSecurityFilterChain -------- Will secure any request with filters: DisableEncodeUrlFilter, WebAsyncManagerIntegrationFilter, SecurityContextHolderFilter, HeaderWriterFilter, LogoutFilter, BasicAuthenticationFilter, RequestCacheAwareFilter, SecurityContextHolderAwareRequestFilter, AnonymousAuthenticationFilter, ExceptionTranslationFilter, AuthorizationFilter 
13:29:23.930 -------- [restartedMain] --- INFO  --- o.a.coyote.http11.Http11NioProtocol -------- Starting ProtocolHandler ["http-nio-8080"] 
13:29:23.966 -------- [restartedMain] --- INFO  --- o.s.b.w.e.tomcat.TomcatWebServer -------- Tomcat started on port 8080 (http) with context path '/' 
13:29:23.980 -------- [restartedMain] --- INFO  --- c.app.journal.JournalAppApplication -------- Started JournalAppApplication in 4.407 seconds (process running for 5.053) 
13:29:31.059 -------- [http-nio-8080-exec-1] --- INFO  --- o.a.c.c.C.[Tomcat].[localhost].[/] -------- Initializing Spring DispatcherServlet 'dispatcherServlet' 
13:29:31.059 -------- [http-nio-8080-exec-1] --- INFO  --- o.s.web.servlet.DispatcherServlet -------- Initializing Servlet 'dispatcherServlet' 
13:29:31.060 -------- [http-nio-8080-exec-1] --- INFO  --- o.s.web.servlet.DispatcherServlet -------- Completed initialization in 1 ms 
13:29:31.079 -------- [http-nio-8080-exec-1] --- DEBUG --- o.s.security.web.FilterChainProxy -------- Securing GET /user/get-weather 
13:29:31.294 -------- [http-nio-8080-exec-1] --- DEBUG --- o.s.s.a.d.DaoAuthenticationProvider -------- Authenticated user 
13:29:31.295 -------- [http-nio-8080-exec-1] --- DEBUG --- o.s.s.w.a.w.BasicAuthenticationFilter -------- Set SecurityContextHolder to UsernamePasswordAuthenticationToken [Principal=org.springframework.security.core.userdetails.User [Username=david, Password=[PROTECTED], Enabled=true, AccountNonExpired=true, CredentialsNonExpired=true, AccountNonLocked=true, Granted Authorities=[ROLE_ADMIN, ROLE_USER]], Credentials=[PROTECTED], Authenticated=true, Details=WebAuthenticationDetails [RemoteIpAddress=0:0:0:0:0:0:0:1, SessionId=null], Granted Authorities=[ROLE_ADMIN, ROLE_USER]] 
13:29:31.301 -------- [http-nio-8080-exec-1] --- DEBUG --- o.s.security.web.FilterChainProxy -------- Secured GET /user/get-weather 
13:29:31.937 -------- [http-nio-8080-exec-1] --- ERROR --- c.app.journal.service.RedisService -------- error  
com.fasterxml.jackson.core.JsonParseException: Unrecognized token 'WeatherResponse': was expecting (JSON String, Number, Array, Object or token 'null', 'true' or 'false')
 at [Source: REDACTED (`StreamReadFeature.INCLUDE_SOURCE_IN_LOCATION` disabled); line: 1, column: 16]
	at com.fasterxml.jackson.core.JsonParser._constructError(JsonParser.java:2596)
	at com.fasterxml.jackson.core.JsonParser._constructReadException(JsonParser.java:2622)
	at com.fasterxml.jackson.core.JsonParser._constructReadException(JsonParser.java:2630)
	at com.fasterxml.jackson.core.base.ParserMinimalBase._reportError(ParserMinimalBase.java:830)
	at com.fasterxml.jackson.core.json.ReaderBasedJsonParser._reportInvalidToken(ReaderBasedJsonParser.java:3017)
	at com.fasterxml.jackson.core.json.ReaderBasedJsonParser._handleOddValue(ReaderBasedJsonParser.java:2051)
	at com.fasterxml.jackson.core.json.ReaderBasedJsonParser.nextToken(ReaderBasedJsonParser.java:780)
	at com.fasterxml.jackson.databind.ObjectMapper._initForReading(ObjectMapper.java:5066)
	at com.fasterxml.jackson.databind.ObjectMapper._readMapAndClose(ObjectMapper.java:4969)
	at com.fasterxml.jackson.databind.ObjectMapper.readValue(ObjectMapper.java:3895)
	at com.fasterxml.jackson.databind.ObjectMapper.readValue(ObjectMapper.java:3863)
	at com.app.journal.service.RedisService.get(RedisService.java:28)
	at com.app.journal.service.WeatherService.getWeather(WeatherService.java:32)
	at com.app.journal.controller.UserController.getweather(UserController.java:71)
	at java.base/jdk.internal.reflect.NativeMethodAccessorImpl.invoke0(Native Method)
	at java.base/jdk.internal.reflect.NativeMethodAccessorImpl.invoke(NativeMethodAccessorImpl.java:77)
	at java.base/jdk.internal.reflect.DelegatingMethodAccessorImpl.invoke(DelegatingMethodAccessorImpl.java:43)
	at java.base/java.lang.reflect.Method.invoke(Method.java:569)
	at org.springframework.web.method.support.InvocableHandlerMethod.doInvoke(InvocableHandlerMethod.java:258)
	at org.springframework.web.method.support.InvocableHandlerMethod.invokeForRequest(InvocableHandlerMethod.java:191)
	at org.springframework.web.servlet.mvc.method.annotation.ServletInvocableHandlerMethod.invokeAndHandle(ServletInvocableHandlerMethod.java:118)
	at org.springframework.web.servlet.mvc.method.annotation.RequestMappingHandlerAdapter.invokeHandlerMethod(RequestMappingHandlerAdapter.java:991)
	at org.springframework.web.servlet.mvc.method.annotation.RequestMappingHandlerAdapter.handleInternal(RequestMappingHandlerAdapter.java:896)
	at org.springframework.web.servlet.mvc.method.AbstractHandlerMethodAdapter.handle(AbstractHandlerMethodAdapter.java:87)
	at org.springframework.web.servlet.DispatcherServlet.doDispatch(DispatcherServlet.java:1089)
	at org.springframework.web.servlet.DispatcherServlet.doService(DispatcherServlet.java:979)
	at org.springframework.web.servlet.FrameworkServlet.processRequest(FrameworkServlet.java:1014)
	at org.springframework.web.servlet.FrameworkServlet.doGet(FrameworkServlet.java:903)
	at jakarta.servlet.http.HttpServlet.service(HttpServlet.java:564)
	at org.springframework.web.servlet.FrameworkServlet.service(FrameworkServlet.java:885)
	at jakarta.servlet.http.HttpServlet.service(HttpServlet.java:658)
	at org.apache.catalina.core.ApplicationFilterChain.internalDoFilter(ApplicationFilterChain.java:193)
	at org.apache.catalina.core.ApplicationFilterChain.doFilter(ApplicationFilterChain.java:138)
	at org.apache.tomcat.websocket.server.WsFilter.doFilter(WsFilter.java:51)
	at org.apache.catalina.core.ApplicationFilterChain.internalDoFilter(ApplicationFilterChain.java:162)
	at org.apache.catalina.core.ApplicationFilterChain.doFilter(ApplicationFilterChain.java:138)
	at org.springframework.web.filter.CompositeFilter$VirtualFilterChain.doFilter(CompositeFilter.java:108)
	at org.springframework.web.filter.CompositeFilter$VirtualFilterChain.doFilter(CompositeFilter.java:108)
	at org.springframework.security.web.FilterChainProxy.lambda$doFilterInternal$3(FilterChainProxy.java:231)
	at org.springframework.security.web.FilterChainProxy$VirtualFilterChain.doFilter(FilterChainProxy.java:365)
	at org.springframework.security.web.access.intercept.AuthorizationFilter.doFilter(AuthorizationFilter.java:101)
	at org.springframework.security.web.FilterChainProxy$VirtualFilterChain.doFilter(FilterChainProxy.java:374)
	at org.springframework.security.web.access.ExceptionTranslationFilter.doFilter(ExceptionTranslationFilter.java:125)
	at org.springframework.security.web.access.ExceptionTranslationFilter.doFilter(ExceptionTranslationFilter.java:119)
	at org.springframework.security.web.FilterChainProxy$VirtualFilterChain.doFilter(FilterChainProxy.java:374)
	at org.springframework.security.web.authentication.AnonymousAuthenticationFilter.doFilter(AnonymousAuthenticationFilter.java:100)
	at org.springframework.security.web.FilterChainProxy$VirtualFilterChain.doFilter(FilterChainProxy.java:374)
	at org.springframework.security.web.servletapi.SecurityContextHolderAwareRequestFilter.doFilter(SecurityContextHolderAwareRequestFilter.java:179)
	at org.springframework.security.web.FilterChainProxy$VirtualFilterChain.doFilter(FilterChainProxy.java:374)
	at org.springframework.security.web.savedrequest.RequestCacheAwareFilter.doFilter(RequestCacheAwareFilter.java:63)
	at org.springframework.security.web.FilterChainProxy$VirtualFilterChain.doFilter(FilterChainProxy.java:374)
	at org.springframework.security.web.authentication.www.BasicAuthenticationFilter.doFilterInternal(BasicAuthenticationFilter.java:213)
	at org.springframework.web.filter.OncePerRequestFilter.doFilter(OncePerRequestFilter.java:116)
	at org.springframework.security.web.FilterChainProxy$VirtualFilterChain.doFilter(FilterChainProxy.java:374)
	at org.springframework.security.web.authentication.logout.LogoutFilter.doFilter(LogoutFilter.java:107)
	at org.springframework.security.web.authentication.logout.LogoutFilter.doFilter(LogoutFilter.java:93)
	at org.springframework.security.web.FilterChainProxy$VirtualFilterChain.doFilter(FilterChainProxy.java:374)
	at org.springframework.security.web.header.HeaderWriterFilter.doHeadersAfter(HeaderWriterFilter.java:90)
	at org.springframework.security.web.header.HeaderWriterFilter.doFilterInternal(HeaderWriterFilter.java:75)
	at org.springframework.web.filter.OncePerRequestFilter.doFilter(OncePerRequestFilter.java:116)
	at org.springframework.security.web.FilterChainProxy$VirtualFilterChain.doFilter(FilterChainProxy.java:374)
	at org.springframework.security.web.context.SecurityContextHolderFilter.doFilter(SecurityContextHolderFilter.java:82)
	at org.springframework.security.web.context.SecurityContextHolderFilter.doFilter(SecurityContextHolderFilter.java:69)
	at org.springframework.security.web.FilterChainProxy$VirtualFilterChain.doFilter(FilterChainProxy.java:374)
	at org.springframework.security.web.context.request.async.WebAsyncManagerIntegrationFilter.doFilterInternal(WebAsyncManagerIntegrationFilter.java:62)
	at org.springframework.web.filter.OncePerRequestFilter.doFilter(OncePerRequestFilter.java:116)
	at org.springframework.security.web.FilterChainProxy$VirtualFilterChain.doFilter(FilterChainProxy.java:374)
	at org.springframework.security.web.session.DisableEncodeUrlFilter.doFilterInternal(DisableEncodeUrlFilter.java:42)
	at org.springframework.web.filter.OncePerRequestFilter.doFilter(OncePerRequestFilter.java:116)
	at org.springframework.security.web.FilterChainProxy$VirtualFilterChain.doFilter(FilterChainProxy.java:374)
	at org.springframework.security.web.FilterChainProxy.doFilterInternal(FilterChainProxy.java:233)
	at org.springframework.security.web.FilterChainProxy.doFilter(FilterChainProxy.java:191)
	at org.springframework.web.filter.CompositeFilter$VirtualFilterChain.doFilter(CompositeFilter.java:113)
	at org.springframework.web.filter.ServletRequestPathFilter.doFilter(ServletRequestPathFilter.java:52)
	at org.springframework.web.filter.CompositeFilter$VirtualFilterChain.doFilter(CompositeFilter.java:113)
	at org.springframework.web.filter.CompositeFilter.doFilter(CompositeFilter.java:74)
	at org.springframework.security.config.annotation.web.configuration.WebSecurityConfiguration$CompositeFilterChainProxy.doFilter(WebSecurityConfiguration.java:319)
	at org.springframework.web.filter.CompositeFilter$VirtualFilterChain.doFilter(CompositeFilter.java:113)
	at org.springframework.web.servlet.handler.HandlerMappingIntrospector.lambda$createCacheFilter$4(HandlerMappingIntrospector.java:267)
	at org.springframework.web.filter.CompositeFilter$VirtualFilterChain.doFilter(CompositeFilter.java:113)
	at org.springframework.web.filter.CompositeFilter.doFilter(CompositeFilter.java:74)
	at org.springframework.security.config.annotation.web.configuration.WebMvcSecurityConfiguration$CompositeFilterChainProxy.doFilter(WebMvcSecurityConfiguration.java:240)
	at org.springframework.web.filter.DelegatingFilterProxy.invokeDelegate(DelegatingFilterProxy.java:362)
	at org.springframework.web.filter.DelegatingFilterProxy.doFilter(DelegatingFilterProxy.java:278)
	at org.apache.catalina.core.ApplicationFilterChain.internalDoFilter(ApplicationFilterChain.java:162)
	at org.apache.catalina.core.ApplicationFilterChain.doFilter(ApplicationFilterChain.java:138)
	at org.springframework.web.filter.RequestContextFilter.doFilterInternal(RequestContextFilter.java:100)
	at org.springframework.web.filter.OncePerRequestFilter.doFilter(OncePerRequestFilter.java:116)
	at org.apache.catalina.core.ApplicationFilterChain.internalDoFilter(ApplicationFilterChain.java:162)
	at org.apache.catalina.core.ApplicationFilterChain.doFilter(ApplicationFilterChain.java:138)
	at org.springframework.web.filter.FormContentFilter.doFilterInternal(FormContentFilter.java:93)
	at org.springframework.web.filter.OncePerRequestFilter.doFilter(OncePerRequestFilter.java:116)
	at org.apache.catalina.core.ApplicationFilterChain.internalDoFilter(ApplicationFilterChain.java:162)
	at org.apache.catalina.core.ApplicationFilterChain.doFilter(ApplicationFilterChain.java:138)
	at org.springframework.web.filter.CharacterEncodingFilter.doFilterInternal(CharacterEncodingFilter.java:201)
	at org.springframework.web.filter.OncePerRequestFilter.doFilter(OncePerRequestFilter.java:116)
	at org.apache.catalina.core.ApplicationFilterChain.internalDoFilter(ApplicationFilterChain.java:162)
	at org.apache.catalina.core.ApplicationFilterChain.doFilter(ApplicationFilterChain.java:138)
	at org.apache.catalina.core.StandardWrapperValve.invoke(StandardWrapperValve.java:165)
	at org.apache.catalina.core.StandardContextValve.invoke(StandardContextValve.java:88)
	at org.apache.catalina.authenticator.AuthenticatorBase.invoke(AuthenticatorBase.java:492)
	at org.apache.catalina.core.StandardHostValve.invoke(StandardHostValve.java:113)
	at org.apache.catalina.valves.ErrorReportValve.invoke(ErrorReportValve.java:83)
	at org.apache.catalina.core.StandardEngineValve.invoke(StandardEngineValve.java:72)
	at org.apache.catalina.connector.CoyoteAdapter.service(CoyoteAdapter.java:342)
	at org.apache.coyote.http11.Http11Processor.service(Http11Processor.java:399)
	at org.apache.coyote.AbstractProcessorLight.process(AbstractProcessorLight.java:63)
	at org.apache.coyote.AbstractProtocol$ConnectionHandler.process(AbstractProtocol.java:903)
	at org.apache.tomcat.util.net.NioEndpoint$SocketProcessor.doRun(NioEndpoint.java:1775)
	at org.apache.tomcat.util.net.SocketProcessorBase.run(SocketProcessorBase.java:52)
	at org.apache.tomcat.util.threads.ThreadPoolExecutor.runWorker(ThreadPoolExecutor.java:973)
	at org.apache.tomcat.util.threads.ThreadPoolExecutor$Worker.run(ThreadPoolExecutor.java:491)
	at org.apache.tomcat.util.threads.TaskThread$WrappingRunnable.run(TaskThread.java:63)
	at java.base/java.lang.Thread.run(Thread.java:840)
13:33:46.338 -------- [SpringApplicationShutdownHook] --- INFO  --- o.s.b.w.e.tomcat.GracefulShutdown -------- Commencing graceful shutdown. Waiting for active requests to complete 
13:33:46.566 -------- [tomcat-shutdown] --- INFO  --- o.s.b.w.e.tomcat.GracefulShutdown -------- Graceful shutdown complete 
13:33:51.325 -------- [restartedMain] --- INFO  --- c.app.journal.JournalAppApplication -------- Starting JournalAppApplication using Java 17.0.18 with PID 13772 (C:\Users\hp\Desktop\Study\Java-programs\JournalApplication\journal\target\classes started by hp in C:\Users\hp\Desktop\Study\Java-programs\JournalApplication) 
13:33:51.327 -------- [restartedMain] --- DEBUG --- c.app.journal.JournalAppApplication -------- Running with Spring Boot v3.5.11, Spring v6.2.16 
13:33:51.329 -------- [restartedMain] --- INFO  --- c.app.journal.JournalAppApplication -------- No active profile set, falling back to 1 default profile: "default" 
13:33:51.389 -------- [restartedMain] --- INFO  --- o.s.b.d.e.DevToolsPropertyDefaultsPostProcessor -------- Devtools property defaults active! Set 'spring.devtools.add-properties' to 'false' to disable 
13:33:51.389 -------- [restartedMain] --- INFO  --- o.s.b.d.e.DevToolsPropertyDefaultsPostProcessor -------- For additional web related logging consider setting the 'logging.level.web' property to 'DEBUG' 
13:33:52.164 -------- [restartedMain] --- INFO  --- o.s.d.r.c.RepositoryConfigurationDelegate -------- Multiple Spring Data modules found, entering strict repository configuration mode 
13:33:52.165 -------- [restartedMain] --- INFO  --- o.s.d.r.c.RepositoryConfigurationDelegate -------- Bootstrapping Spring Data MongoDB repositories in DEFAULT mode. 
13:33:52.272 -------- [restartedMain] --- INFO  --- o.s.d.r.c.RepositoryConfigurationDelegate -------- Finished Spring Data repository scanning in 102 ms. Found 3 MongoDB repository interfaces. 
13:33:52.287 -------- [restartedMain] --- INFO  --- o.s.d.r.c.RepositoryConfigurationDelegate -------- Multiple Spring Data modules found, entering strict repository configuration mode 
13:33:52.288 -------- [restartedMain] --- INFO  --- o.s.d.r.c.RepositoryConfigurationDelegate -------- Bootstrapping Spring Data Redis repositories in DEFAULT mode. 
13:33:52.300 -------- [restartedMain] --- INFO  --- o.s.d.r.c.RepositoryConfigurationExtensionSupport -------- Spring Data Redis - Could not safely identify store assignment for repository candidate interface com.app.journal.repository.ConfigJournalAppRepository; If you want this repository to be a Redis repository, consider annotating your entities with one of these annotations: org.springframework.data.redis.core.RedisHash (preferred), or consider extending one of the following types with your repository: org.springframework.data.keyvalue.repository.KeyValueRepository 
13:33:52.301 -------- [restartedMain] --- INFO  --- o.s.d.r.c.RepositoryConfigurationExtensionSupport -------- Spring Data Redis - Could not safely identify store assignment for repository candidate interface com.app.journal.repository.JournalEntryRepository; If you want this repository to be a Redis repository, consider annotating your entities with one of these annotations: org.springframework.data.redis.core.RedisHash (preferred), or consider extending one of the following types with your repository: org.springframework.data.keyvalue.repository.KeyValueRepository 
13:33:52.301 -------- [restartedMain] --- INFO  --- o.s.d.r.c.RepositoryConfigurationExtensionSupport -------- Spring Data Redis - Could not safely identify store assignment for repository candidate interface com.app.journal.repository.UserRepository; If you want this repository to be a Redis repository, consider annotating your entities with one of these annotations: org.springframework.data.redis.core.RedisHash (preferred), or consider extending one of the following types with your repository: org.springframework.data.keyvalue.repository.KeyValueRepository 
13:33:52.301 -------- [restartedMain] --- INFO  --- o.s.d.r.c.RepositoryConfigurationDelegate -------- Finished Spring Data repository scanning in 6 ms. Found 0 Redis repository interfaces. 
13:33:52.899 -------- [restartedMain] --- INFO  --- o.s.b.w.e.tomcat.TomcatWebServer -------- Tomcat initialized with port 8080 (http) 
13:33:52.912 -------- [restartedMain] --- INFO  --- o.a.coyote.http11.Http11NioProtocol -------- Initializing ProtocolHandler ["http-nio-8080"] 
13:33:52.914 -------- [restartedMain] --- INFO  --- o.a.catalina.core.StandardService -------- Starting service [Tomcat] 
13:33:52.915 -------- [restartedMain] --- INFO  --- o.a.catalina.core.StandardEngine -------- Starting Servlet engine: [Apache Tomcat/10.1.52] 
13:33:52.966 -------- [restartedMain] --- INFO  --- o.a.c.c.C.[Tomcat].[localhost].[/] -------- Initializing Spring embedded WebApplicationContext 
13:33:52.967 -------- [restartedMain] --- INFO  --- o.s.b.w.s.c.ServletWebServerApplicationContext -------- Root WebApplicationContext: initialization completed in 1576 ms 
13:33:53.280 -------- [restartedMain] --- INFO  --- org.mongodb.driver.client -------- MongoClient with metadata {"application": {"name": "Cluster0"}, "driver": {"name": "mongo-java-driver|sync|spring-boot", "version": "5.5.2"}, "os": {"type": "Windows", "name": "Windows 11", "architecture": "amd64", "version": "10.0"}, "platform": "Java/Microsoft/17.0.18+8-LTS"} created with settings MongoClientSettings{readPreference=primary, writeConcern=WriteConcern{w=null, wTimeout=null ms, journal=null}, retryWrites=true, retryReads=true, readConcern=ReadConcern{level=null}, credential=MongoCredential{mechanism=null, userName='mailmerajansari_db_user', source='admin', password=<hidden>, mechanismProperties=<hidden>}, transportSettings=null, commandListeners=[], codecRegistry=ProvidersCodecRegistry{codecProviders=[ValueCodecProvider{}, BsonValueCodecProvider{}, DBRefCodecProvider{}, DBObjectCodecProvider{}, DocumentCodecProvider{}, CollectionCodecProvider{}, IterableCodecProvider{}, MapCodecProvider{}, GeoJsonCodecProvider{}, GridFSFileCodecProvider{}, Jsr310CodecProvider{}, JsonObjectCodecProvider{}, BsonCodecProvider{}, EnumCodecProvider{}, com.mongodb.client.model.mql.ExpressionCodecProvider@27d11cab, com.mongodb.Jep395RecordCodecProvider@6f352f5b, com.mongodb.KotlinCodecProvider@67b73273]}, loggerSettings=LoggerSettings{maxDocumentLength=1000}, clusterSettings={hosts=[127.0.0.1:27017], srvHost=cluster0.b7jb1jb.mongodb.net, srvServiceName=mongodb, mode=MULTIPLE, requiredClusterType=REPLICA_SET, requiredReplicaSetName='atlas-10vsg5-shard-0', serverSelector='null', clusterListeners='[]', serverSelectionTimeout='30000 ms', localThreshold='15 ms'}, socketSettings=SocketSettings{connectTimeoutMS=10000, readTimeoutMS=0, receiveBufferSize=0, proxySettings=ProxySettings{host=null, port=null, username=null, password=null}}, heartbeatSocketSettings=SocketSettings{connectTimeoutMS=10000, readTimeoutMS=10000, receiveBufferSize=0, proxySettings=ProxySettings{host=null, port=null, username=null, password=null}}, connectionPoolSettings=ConnectionPoolSettings{maxSize=100, minSize=0, maxWaitTimeMS=120000, maxConnectionLifeTimeMS=0, maxConnectionIdleTimeMS=0, maintenanceInitialDelayMS=0, maintenanceFrequencyMS=60000, connectionPoolListeners=[], maxConnecting=2}, serverSettings=ServerSettings{heartbeatFrequencyMS=10000, minHeartbeatFrequencyMS=500, serverMonitoringMode=AUTO, serverListeners='[]', serverMonitorListeners='[]'}, sslSettings=SslSettings{enabled=true, invalidHostNameAllowed=false, context=null}, applicationName='Cluster0', compressorList=[], uuidRepresentation=JAVA_LEGACY, serverApi=null, autoEncryptionSettings=null, dnsClient=null, inetAddressResolver=null, contextProvider=null, timeoutMS=null} 
13:33:53.437 -------- [restartedMain] --- INFO  --- o.s.b.d.a.OptionalLiveReloadServer -------- LiveReload server is running on port 35729 
13:33:53.563 -------- [restartedMain] --- INFO  --- org.mongodb.driver.cluster -------- Waiting for server to become available for operation with ID 2. Remaining time: 29991 ms. Selector: WritableServerSelector, topology description: {type=UNKNOWN, servers=[]. 
13:33:56.302 -------- [cluster-ClusterId{value='69ba5c692824f9051fe216c2', description='Cluster0'}-srv-cluster0.b7jb1jb.mongodb.net] --- INFO  --- org.mongodb.driver.cluster -------- Adding discovered server ac-jcz0paw-shard-00-00.b7jb1jb.mongodb.net:27017 to client view of cluster 
13:33:56.320 -------- [cluster-ClusterId{value='69ba5c692824f9051fe216c2', description='Cluster0'}-srv-cluster0.b7jb1jb.mongodb.net] --- INFO  --- org.mongodb.driver.cluster -------- Adding discovered server ac-jcz0paw-shard-00-01.b7jb1jb.mongodb.net:27017 to client view of cluster 
13:33:56.326 -------- [cluster-ClusterId{value='69ba5c692824f9051fe216c2', description='Cluster0'}-srv-cluster0.b7jb1jb.mongodb.net] --- INFO  --- org.mongodb.driver.cluster -------- Adding discovered server ac-jcz0paw-shard-00-02.b7jb1jb.mongodb.net:27017 to client view of cluster 
13:33:56.652 -------- [cluster-ClusterId{value='69ba5c692824f9051fe216c2', description='Cluster0'}-ac-jcz0paw-shard-00-02.b7jb1jb.mongodb.net:27017] --- INFO  --- org.mongodb.driver.cluster -------- Monitor thread successfully connected to server with description ServerDescription{address=ac-jcz0paw-shard-00-02.b7jb1jb.mongodb.net:27017, type=REPLICA_SET_PRIMARY, cryptd=false, state=CONNECTED, ok=true, minWireVersion=0, maxWireVersion=25, maxDocumentSize=16777216, logicalSessionTimeoutMinutes=30, roundTripTimeNanos=208908100, minRoundTripTimeNanos=0, setName='atlas-10vsg5-shard-0', canonicalAddress=ac-jcz0paw-shard-00-02.b7jb1jb.mongodb.net:27017, hosts=[ac-jcz0paw-shard-00-01.b7jb1jb.mongodb.net:27017, ac-jcz0paw-shard-00-02.b7jb1jb.mongodb.net:27017, ac-jcz0paw-shard-00-00.b7jb1jb.mongodb.net:27017], passives=[], arbiters=[], primary='ac-jcz0paw-shard-00-02.b7jb1jb.mongodb.net:27017', tagSet=TagSet{[Tag{name='availabilityZone', value='aps1-az2'}, Tag{name='diskState', value='READY'}, Tag{name='nodeType', value='ELECTABLE'}, Tag{name='provider', value='AWS'}, Tag{name='region', value='AP_SOUTH_1'}, Tag{name='workloadType', value='OPERATIONAL'}]}, electionId=7fffffff00000000000000dc, setVersion=57, topologyVersion=TopologyVersion{processId=69b311ad332d80e6a3807b8e, counter=6}, lastWriteDate=Wed Mar 18 13:33:56 IST 2026, lastUpdateTimeNanos=1608832791023800} 
13:33:56.652 -------- [cluster-ClusterId{value='69ba5c692824f9051fe216c2', description='Cluster0'}-ac-jcz0paw-shard-00-01.b7jb1jb.mongodb.net:27017] --- INFO  --- org.mongodb.driver.cluster -------- Monitor thread successfully connected to server with description ServerDescription{address=ac-jcz0paw-shard-00-01.b7jb1jb.mongodb.net:27017, type=REPLICA_SET_SECONDARY, cryptd=false, state=CONNECTED, ok=true, minWireVersion=0, maxWireVersion=25, maxDocumentSize=16777216, logicalSessionTimeoutMinutes=30, roundTripTimeNanos=208831200, minRoundTripTimeNanos=0, setName='atlas-10vsg5-shard-0', canonicalAddress=ac-jcz0paw-shard-00-01.b7jb1jb.mongodb.net:27017, hosts=[ac-jcz0paw-shard-00-01.b7jb1jb.mongodb.net:27017, ac-jcz0paw-shard-00-02.b7jb1jb.mongodb.net:27017, ac-jcz0paw-shard-00-00.b7jb1jb.mongodb.net:27017], passives=[], arbiters=[], primary='ac-jcz0paw-shard-00-02.b7jb1jb.mongodb.net:27017', tagSet=TagSet{[Tag{name='availabilityZone', value='aps1-az3'}, Tag{name='diskState', value='READY'}, Tag{name='nodeType', value='ELECTABLE'}, Tag{name='provider', value='AWS'}, Tag{name='region', value='AP_SOUTH_1'}, Tag{name='workloadType', value='OPERATIONAL'}]}, electionId=null, setVersion=57, topologyVersion=TopologyVersion{processId=69b3142d06876aecd9b70acd, counter=3}, lastWriteDate=Wed Mar 18 13:33:56 IST 2026, lastUpdateTimeNanos=1608832791065300} 
13:33:56.652 -------- [cluster-ClusterId{value='69ba5c692824f9051fe216c2', description='Cluster0'}-ac-jcz0paw-shard-00-00.b7jb1jb.mongodb.net:27017] --- INFO  --- org.mongodb.driver.cluster -------- Monitor thread successfully connected to server with description ServerDescription{address=ac-jcz0paw-shard-00-00.b7jb1jb.mongodb.net:27017, type=REPLICA_SET_SECONDARY, cryptd=false, state=CONNECTED, ok=true, minWireVersion=0, maxWireVersion=25, maxDocumentSize=16777216, logicalSessionTimeoutMinutes=30, roundTripTimeNanos=210402500, minRoundTripTimeNanos=0, setName='atlas-10vsg5-shard-0', canonicalAddress=ac-jcz0paw-shard-00-00.b7jb1jb.mongodb.net:27017, hosts=[ac-jcz0paw-shard-00-01.b7jb1jb.mongodb.net:27017, ac-jcz0paw-shard-00-02.b7jb1jb.mongodb.net:27017, ac-jcz0paw-shard-00-00.b7jb1jb.mongodb.net:27017], passives=[], arbiters=[], primary='ac-jcz0paw-shard-00-02.b7jb1jb.mongodb.net:27017', tagSet=TagSet{[Tag{name='availabilityZone', value='aps1-az1'}, Tag{name='diskState', value='READY'}, Tag{name='nodeType', value='ELECTABLE'}, Tag{name='provider', value='AWS'}, Tag{name='region', value='AP_SOUTH_1'}, Tag{name='workloadType', value='OPERATIONAL'}]}, electionId=null, setVersion=57, topologyVersion=TopologyVersion{processId=69b30fd5ea006f2a16d8bf3e, counter=4}, lastWriteDate=Wed Mar 18 13:33:56 IST 2026, lastUpdateTimeNanos=1608832791065300} 
13:33:56.655 -------- [cluster-ClusterId{value='69ba5c692824f9051fe216c2', description='Cluster0'}-ac-jcz0paw-shard-00-02.b7jb1jb.mongodb.net:27017] --- INFO  --- org.mongodb.driver.cluster -------- Discovered replica set primary ac-jcz0paw-shard-00-02.b7jb1jb.mongodb.net:27017 with max election id 7fffffff00000000000000dc and max set version 57 
13:33:57.721 -------- [restartedMain] --- INFO  --- o.s.s.c.a.a.c.InitializeAuthenticationProviderBeanManagerConfigurer$InitializeAuthenticationProviderManagerConfigurer -------- Global AuthenticationManager configured with AuthenticationProvider bean with name authenticationProvider 
13:33:57.722 -------- [restartedMain] --- WARN  --- o.s.s.c.a.a.c.InitializeUserDetailsBeanManagerConfigurer$InitializeUserDetailsManagerConfigurer -------- Global AuthenticationManager configured with an AuthenticationProvider bean. UserDetailsService beans will not be used by Spring Security for automatically configuring username/password login. Consider removing the AuthenticationProvider bean. Alternatively, consider using the UserDetailsService in a manually instantiated DaoAuthenticationProvider. If the current configuration is intentional, to turn off this warning, increase the logging level of 'org.springframework.security.config.annotation.authentication.configuration.InitializeUserDetailsBeanManagerConfigurer' to ERROR 
13:33:57.826 -------- [restartedMain] --- DEBUG --- o.s.s.web.DefaultSecurityFilterChain -------- Will secure any request with filters: DisableEncodeUrlFilter, WebAsyncManagerIntegrationFilter, SecurityContextHolderFilter, HeaderWriterFilter, LogoutFilter, BasicAuthenticationFilter, RequestCacheAwareFilter, SecurityContextHolderAwareRequestFilter, AnonymousAuthenticationFilter, ExceptionTranslationFilter, AuthorizationFilter 
13:33:58.110 -------- [restartedMain] --- INFO  --- o.a.coyote.http11.Http11NioProtocol -------- Starting ProtocolHandler ["http-nio-8080"] 
13:33:58.137 -------- [restartedMain] --- INFO  --- o.s.b.w.e.tomcat.TomcatWebServer -------- Tomcat started on port 8080 (http) with context path '/' 
13:33:58.151 -------- [restartedMain] --- INFO  --- c.app.journal.JournalAppApplication -------- Started JournalAppApplication in 7.18 seconds (process running for 7.765) 
13:34:19.241 -------- [SpringApplicationShutdownHook] --- INFO  --- o.s.b.w.e.tomcat.GracefulShutdown -------- Commencing graceful shutdown. Waiting for active requests to complete 
13:34:19.461 -------- [tomcat-shutdown] --- INFO  --- o.s.b.w.e.tomcat.GracefulShutdown -------- Graceful shutdown complete 
13:34:23.327 -------- [restartedMain] --- INFO  --- c.app.journal.JournalAppApplication -------- Starting JournalAppApplication using Java 17.0.18 with PID 28912 (C:\Users\hp\Desktop\Study\Java-programs\JournalApplication\journal\target\classes started by hp in C:\Users\hp\Desktop\Study\Java-programs\JournalApplication) 
13:34:23.329 -------- [restartedMain] --- DEBUG --- c.app.journal.JournalAppApplication -------- Running with Spring Boot v3.5.11, Spring v6.2.16 
13:34:23.331 -------- [restartedMain] --- INFO  --- c.app.journal.JournalAppApplication -------- No active profile set, falling back to 1 default profile: "default" 
13:34:23.403 -------- [restartedMain] --- INFO  --- o.s.b.d.e.DevToolsPropertyDefaultsPostProcessor -------- Devtools property defaults active! Set 'spring.devtools.add-properties' to 'false' to disable 
13:34:23.403 -------- [restartedMain] --- INFO  --- o.s.b.d.e.DevToolsPropertyDefaultsPostProcessor -------- For additional web related logging consider setting the 'logging.level.web' property to 'DEBUG' 
13:34:24.166 -------- [restartedMain] --- INFO  --- o.s.d.r.c.RepositoryConfigurationDelegate -------- Multiple Spring Data modules found, entering strict repository configuration mode 
13:34:24.167 -------- [restartedMain] --- INFO  --- o.s.d.r.c.RepositoryConfigurationDelegate -------- Bootstrapping Spring Data MongoDB repositories in DEFAULT mode. 
13:34:24.299 -------- [restartedMain] --- INFO  --- o.s.d.r.c.RepositoryConfigurationDelegate -------- Finished Spring Data repository scanning in 121 ms. Found 3 MongoDB repository interfaces. 
13:34:24.316 -------- [restartedMain] --- INFO  --- o.s.d.r.c.RepositoryConfigurationDelegate -------- Multiple Spring Data modules found, entering strict repository configuration mode 
13:34:24.317 -------- [restartedMain] --- INFO  --- o.s.d.r.c.RepositoryConfigurationDelegate -------- Bootstrapping Spring Data Redis repositories in DEFAULT mode. 
13:34:24.331 -------- [restartedMain] --- INFO  --- o.s.d.r.c.RepositoryConfigurationExtensionSupport -------- Spring Data Redis - Could not safely identify store assignment for repository candidate interface com.app.journal.repository.ConfigJournalAppRepository; If you want this repository to be a Redis repository, consider annotating your entities with one of these annotations: org.springframework.data.redis.core.RedisHash (preferred), or consider extending one of the following types with your repository: org.springframework.data.keyvalue.repository.KeyValueRepository 
13:34:24.331 -------- [restartedMain] --- INFO  --- o.s.d.r.c.RepositoryConfigurationExtensionSupport -------- Spring Data Redis - Could not safely identify store assignment for repository candidate interface com.app.journal.repository.JournalEntryRepository; If you want this repository to be a Redis repository, consider annotating your entities with one of these annotations: org.springframework.data.redis.core.RedisHash (preferred), or consider extending one of the following types with your repository: org.springframework.data.keyvalue.repository.KeyValueRepository 
13:34:24.331 -------- [restartedMain] --- INFO  --- o.s.d.r.c.RepositoryConfigurationExtensionSupport -------- Spring Data Redis - Could not safely identify store assignment for repository candidate interface com.app.journal.repository.UserRepository; If you want this repository to be a Redis repository, consider annotating your entities with one of these annotations: org.springframework.data.redis.core.RedisHash (preferred), or consider extending one of the following types with your repository: org.springframework.data.keyvalue.repository.KeyValueRepository 
13:34:24.332 -------- [restartedMain] --- INFO  --- o.s.d.r.c.RepositoryConfigurationDelegate -------- Finished Spring Data repository scanning in 7 ms. Found 0 Redis repository interfaces. 
13:34:24.928 -------- [restartedMain] --- INFO  --- o.s.b.w.e.tomcat.TomcatWebServer -------- Tomcat initialized with port 8080 (http) 
13:34:24.944 -------- [restartedMain] --- INFO  --- o.a.coyote.http11.Http11NioProtocol -------- Initializing ProtocolHandler ["http-nio-8080"] 
13:34:24.947 -------- [restartedMain] --- INFO  --- o.a.catalina.core.StandardService -------- Starting service [Tomcat] 
13:34:24.947 -------- [restartedMain] --- INFO  --- o.a.catalina.core.StandardEngine -------- Starting Servlet engine: [Apache Tomcat/10.1.52] 
13:34:24.993 -------- [restartedMain] --- INFO  --- o.a.c.c.C.[Tomcat].[localhost].[/] -------- Initializing Spring embedded WebApplicationContext 
13:34:24.994 -------- [restartedMain] --- INFO  --- o.s.b.w.s.c.ServletWebServerApplicationContext -------- Root WebApplicationContext: initialization completed in 1589 ms 
13:34:28.305 -------- [cluster-ClusterId{value='69ba5c8c6af399e51b0b65e7', description='Cluster0'}-srv-cluster0.b7jb1jb.mongodb.net] --- INFO  --- org.mongodb.driver.cluster -------- Adding discovered server ac-jcz0paw-shard-00-00.b7jb1jb.mongodb.net:27017 to client view of cluster 
13:34:28.315 -------- [restartedMain] --- INFO  --- org.mongodb.driver.client -------- MongoClient with metadata {"application": {"name": "Cluster0"}, "driver": {"name": "mongo-java-driver|sync|spring-boot", "version": "5.5.2"}, "os": {"type": "Windows", "name": "Windows 11", "architecture": "amd64", "version": "10.0"}, "platform": "Java/Microsoft/17.0.18+8-LTS"} created with settings MongoClientSettings{readPreference=primary, writeConcern=WriteConcern{w=null, wTimeout=null ms, journal=null}, retryWrites=true, retryReads=true, readConcern=ReadConcern{level=null}, credential=MongoCredential{mechanism=null, userName='mailmerajansari_db_user', source='admin', password=<hidden>, mechanismProperties=<hidden>}, transportSettings=null, commandListeners=[], codecRegistry=ProvidersCodecRegistry{codecProviders=[ValueCodecProvider{}, BsonValueCodecProvider{}, DBRefCodecProvider{}, DBObjectCodecProvider{}, DocumentCodecProvider{}, CollectionCodecProvider{}, IterableCodecProvider{}, MapCodecProvider{}, GeoJsonCodecProvider{}, GridFSFileCodecProvider{}, Jsr310CodecProvider{}, JsonObjectCodecProvider{}, BsonCodecProvider{}, EnumCodecProvider{}, com.mongodb.client.model.mql.ExpressionCodecProvider@1a256759, com.mongodb.Jep395RecordCodecProvider@bf42f27, com.mongodb.KotlinCodecProvider@5a54063b]}, loggerSettings=LoggerSettings{maxDocumentLength=1000}, clusterSettings={hosts=[127.0.0.1:27017], srvHost=cluster0.b7jb1jb.mongodb.net, srvServiceName=mongodb, mode=MULTIPLE, requiredClusterType=REPLICA_SET, requiredReplicaSetName='atlas-10vsg5-shard-0', serverSelector='null', clusterListeners='[]', serverSelectionTimeout='30000 ms', localThreshold='15 ms'}, socketSettings=SocketSettings{connectTimeoutMS=10000, readTimeoutMS=0, receiveBufferSize=0, proxySettings=ProxySettings{host=null, port=null, username=null, password=null}}, heartbeatSocketSettings=SocketSettings{connectTimeoutMS=10000, readTimeoutMS=10000, receiveBufferSize=0, proxySettings=ProxySettings{host=null, port=null, username=null, password=null}}, connectionPoolSettings=ConnectionPoolSettings{maxSize=100, minSize=0, maxWaitTimeMS=120000, maxConnectionLifeTimeMS=0, maxConnectionIdleTimeMS=0, maintenanceInitialDelayMS=0, maintenanceFrequencyMS=60000, connectionPoolListeners=[], maxConnecting=2}, serverSettings=ServerSettings{heartbeatFrequencyMS=10000, minHeartbeatFrequencyMS=500, serverMonitoringMode=AUTO, serverListeners='[]', serverMonitorListeners='[]'}, sslSettings=SslSettings{enabled=true, invalidHostNameAllowed=false, context=null}, applicationName='Cluster0', compressorList=[], uuidRepresentation=JAVA_LEGACY, serverApi=null, autoEncryptionSettings=null, dnsClient=null, inetAddressResolver=null, contextProvider=null, timeoutMS=null} 
13:34:28.330 -------- [cluster-ClusterId{value='69ba5c8c6af399e51b0b65e7', description='Cluster0'}-srv-cluster0.b7jb1jb.mongodb.net] --- INFO  --- org.mongodb.driver.cluster -------- Adding discovered server ac-jcz0paw-shard-00-01.b7jb1jb.mongodb.net:27017 to client view of cluster 
13:34:28.332 -------- [cluster-ClusterId{value='69ba5c8c6af399e51b0b65e7', description='Cluster0'}-srv-cluster0.b7jb1jb.mongodb.net] --- INFO  --- org.mongodb.driver.cluster -------- Adding discovered server ac-jcz0paw-shard-00-02.b7jb1jb.mongodb.net:27017 to client view of cluster 
13:34:28.514 -------- [restartedMain] --- INFO  --- o.s.b.d.a.OptionalLiveReloadServer -------- LiveReload server is running on port 35729 
13:34:28.655 -------- [restartedMain] --- INFO  --- org.mongodb.driver.cluster -------- Waiting for server to become available for operation with ID 5. Remaining time: 29979 ms. Selector: WritableServerSelector, topology description: {type=REPLICA_SET, servers=[{address=ac-jcz0paw-shard-00-01.b7jb1jb.mongodb.net:27017, type=UNKNOWN, state=CONNECTING}, {address=ac-jcz0paw-shard-00-02.b7jb1jb.mongodb.net:27017, type=UNKNOWN, state=CONNECTING}, {address=ac-jcz0paw-shard-00-00.b7jb1jb.mongodb.net:27017, type=UNKNOWN, state=CONNECTING}]. 
13:34:28.741 -------- [cluster-ClusterId{value='69ba5c8c6af399e51b0b65e7', description='Cluster0'}-ac-jcz0paw-shard-00-00.b7jb1jb.mongodb.net:27017] --- INFO  --- org.mongodb.driver.cluster -------- Monitor thread successfully connected to server with description ServerDescription{address=ac-jcz0paw-shard-00-00.b7jb1jb.mongodb.net:27017, type=REPLICA_SET_SECONDARY, cryptd=false, state=CONNECTED, ok=true, minWireVersion=0, maxWireVersion=25, maxDocumentSize=16777216, logicalSessionTimeoutMinutes=30, roundTripTimeNanos=222701400, minRoundTripTimeNanos=0, setName='atlas-10vsg5-shard-0', canonicalAddress=ac-jcz0paw-shard-00-00.b7jb1jb.mongodb.net:27017, hosts=[ac-jcz0paw-shard-00-01.b7jb1jb.mongodb.net:27017, ac-jcz0paw-shard-00-02.b7jb1jb.mongodb.net:27017, ac-jcz0paw-shard-00-00.b7jb1jb.mongodb.net:27017], passives=[], arbiters=[], primary='ac-jcz0paw-shard-00-02.b7jb1jb.mongodb.net:27017', tagSet=TagSet{[Tag{name='availabilityZone', value='aps1-az1'}, Tag{name='diskState', value='READY'}, Tag{name='nodeType', value='ELECTABLE'}, Tag{name='provider', value='AWS'}, Tag{name='region', value='AP_SOUTH_1'}, Tag{name='workloadType', value='OPERATIONAL'}]}, electionId=null, setVersion=57, topologyVersion=TopologyVersion{processId=69b30fd5ea006f2a16d8bf3e, counter=4}, lastWriteDate=Wed Mar 18 13:34:28 IST 2026, lastUpdateTimeNanos=1608864880302200} 
13:34:28.741 -------- [cluster-ClusterId{value='69ba5c8c6af399e51b0b65e7', description='Cluster0'}-ac-jcz0paw-shard-00-02.b7jb1jb.mongodb.net:27017] --- INFO  --- org.mongodb.driver.cluster -------- Monitor thread successfully connected to server with description ServerDescription{address=ac-jcz0paw-shard-00-02.b7jb1jb.mongodb.net:27017, type=REPLICA_SET_PRIMARY, cryptd=false, state=CONNECTED, ok=true, minWireVersion=0, maxWireVersion=25, maxDocumentSize=16777216, logicalSessionTimeoutMinutes=30, roundTripTimeNanos=222591100, minRoundTripTimeNanos=0, setName='atlas-10vsg5-shard-0', canonicalAddress=ac-jcz0paw-shard-00-02.b7jb1jb.mongodb.net:27017, hosts=[ac-jcz0paw-shard-00-01.b7jb1jb.mongodb.net:27017, ac-jcz0paw-shard-00-02.b7jb1jb.mongodb.net:27017, ac-jcz0paw-shard-00-00.b7jb1jb.mongodb.net:27017], passives=[], arbiters=[], primary='ac-jcz0paw-shard-00-02.b7jb1jb.mongodb.net:27017', tagSet=TagSet{[Tag{name='availabilityZone', value='aps1-az2'}, Tag{name='diskState', value='READY'}, Tag{name='nodeType', value='ELECTABLE'}, Tag{name='provider', value='AWS'}, Tag{name='region', value='AP_SOUTH_1'}, Tag{name='workloadType', value='OPERATIONAL'}]}, electionId=7fffffff00000000000000dc, setVersion=57, topologyVersion=TopologyVersion{processId=69b311ad332d80e6a3807b8e, counter=6}, lastWriteDate=Wed Mar 18 13:34:28 IST 2026, lastUpdateTimeNanos=1608864880302100} 
13:34:28.741 -------- [cluster-ClusterId{value='69ba5c8c6af399e51b0b65e7', description='Cluster0'}-ac-jcz0paw-shard-00-01.b7jb1jb.mongodb.net:27017] --- INFO  --- org.mongodb.driver.cluster -------- Monitor thread successfully connected to server with description ServerDescription{address=ac-jcz0paw-shard-00-01.b7jb1jb.mongodb.net:27017, type=REPLICA_SET_SECONDARY, cryptd=false, state=CONNECTED, ok=true, minWireVersion=0, maxWireVersion=25, maxDocumentSize=16777216, logicalSessionTimeoutMinutes=30, roundTripTimeNanos=223553700, minRoundTripTimeNanos=0, setName='atlas-10vsg5-shard-0', canonicalAddress=ac-jcz0paw-shard-00-01.b7jb1jb.mongodb.net:27017, hosts=[ac-jcz0paw-shard-00-01.b7jb1jb.mongodb.net:27017, ac-jcz0paw-shard-00-02.b7jb1jb.mongodb.net:27017, ac-jcz0paw-shard-00-00.b7jb1jb.mongodb.net:27017], passives=[], arbiters=[], primary='ac-jcz0paw-shard-00-02.b7jb1jb.mongodb.net:27017', tagSet=TagSet{[Tag{name='availabilityZone', value='aps1-az3'}, Tag{name='diskState', value='READY'}, Tag{name='nodeType', value='ELECTABLE'}, Tag{name='provider', value='AWS'}, Tag{name='region', value='AP_SOUTH_1'}, Tag{name='workloadType', value='OPERATIONAL'}]}, electionId=null, setVersion=57, topologyVersion=TopologyVersion{processId=69b3142d06876aecd9b70acd, counter=3}, lastWriteDate=Wed Mar 18 13:34:28 IST 2026, lastUpdateTimeNanos=1608864880302200} 
13:34:28.744 -------- [cluster-ClusterId{value='69ba5c8c6af399e51b0b65e7', description='Cluster0'}-ac-jcz0paw-shard-00-02.b7jb1jb.mongodb.net:27017] --- INFO  --- org.mongodb.driver.cluster -------- Discovered replica set primary ac-jcz0paw-shard-00-02.b7jb1jb.mongodb.net:27017 with max election id 7fffffff00000000000000dc and max set version 57 
13:34:29.835 -------- [restartedMain] --- INFO  --- o.s.s.c.a.a.c.InitializeAuthenticationProviderBeanManagerConfigurer$InitializeAuthenticationProviderManagerConfigurer -------- Global AuthenticationManager configured with AuthenticationProvider bean with name authenticationProvider 
13:34:29.836 -------- [restartedMain] --- WARN  --- o.s.s.c.a.a.c.InitializeUserDetailsBeanManagerConfigurer$InitializeUserDetailsManagerConfigurer -------- Global AuthenticationManager configured with an AuthenticationProvider bean. UserDetailsService beans will not be used by Spring Security for automatically configuring username/password login. Consider removing the AuthenticationProvider bean. Alternatively, consider using the UserDetailsService in a manually instantiated DaoAuthenticationProvider. If the current configuration is intentional, to turn off this warning, increase the logging level of 'org.springframework.security.config.annotation.authentication.configuration.InitializeUserDetailsBeanManagerConfigurer' to ERROR 
13:34:29.948 -------- [restartedMain] --- DEBUG --- o.s.s.web.DefaultSecurityFilterChain -------- Will secure any request with filters: DisableEncodeUrlFilter, WebAsyncManagerIntegrationFilter, SecurityContextHolderFilter, HeaderWriterFilter, LogoutFilter, BasicAuthenticationFilter, RequestCacheAwareFilter, SecurityContextHolderAwareRequestFilter, AnonymousAuthenticationFilter, ExceptionTranslationFilter, AuthorizationFilter 
13:34:30.222 -------- [restartedMain] --- INFO  --- o.a.coyote.http11.Http11NioProtocol -------- Starting ProtocolHandler ["http-nio-8080"] 
13:34:30.249 -------- [restartedMain] --- INFO  --- o.s.b.w.e.tomcat.TomcatWebServer -------- Tomcat started on port 8080 (http) with context path '/' 
13:34:30.262 -------- [restartedMain] --- INFO  --- c.app.journal.JournalAppApplication -------- Started JournalAppApplication in 7.331 seconds (process running for 7.915) 
13:34:41.663 -------- [http-nio-8080-exec-2] --- INFO  --- o.a.c.c.C.[Tomcat].[localhost].[/] -------- Initializing Spring DispatcherServlet 'dispatcherServlet' 
13:34:41.664 -------- [http-nio-8080-exec-2] --- INFO  --- o.s.web.servlet.DispatcherServlet -------- Initializing Servlet 'dispatcherServlet' 
13:34:41.665 -------- [http-nio-8080-exec-2] --- INFO  --- o.s.web.servlet.DispatcherServlet -------- Completed initialization in 1 ms 
13:34:41.689 -------- [http-nio-8080-exec-2] --- DEBUG --- o.s.security.web.FilterChainProxy -------- Securing GET /user/get-weather 
13:34:41.902 -------- [http-nio-8080-exec-2] --- DEBUG --- o.s.s.a.d.DaoAuthenticationProvider -------- Authenticated user 
13:34:41.903 -------- [http-nio-8080-exec-2] --- DEBUG --- o.s.s.w.a.w.BasicAuthenticationFilter -------- Set SecurityContextHolder to UsernamePasswordAuthenticationToken [Principal=org.springframework.security.core.userdetails.User [Username=david, Password=[PROTECTED], Enabled=true, AccountNonExpired=true, CredentialsNonExpired=true, AccountNonLocked=true, Granted Authorities=[ROLE_ADMIN, ROLE_USER]], Credentials=[PROTECTED], Authenticated=true, Details=WebAuthenticationDetails [RemoteIpAddress=0:0:0:0:0:0:0:1, SessionId=null], Granted Authorities=[ROLE_ADMIN, ROLE_USER]] 
13:34:41.908 -------- [http-nio-8080-exec-2] --- DEBUG --- o.s.security.web.FilterChainProxy -------- Secured GET /user/get-weather 
13:37:20.181 -------- [SpringApplicationShutdownHook] --- INFO  --- o.s.b.w.e.tomcat.GracefulShutdown -------- Commencing graceful shutdown. Waiting for active requests to complete 
13:37:20.387 -------- [tomcat-shutdown] --- INFO  --- o.s.b.w.e.tomcat.GracefulShutdown -------- Graceful shutdown complete 
13:37:22.711 -------- [restartedMain] --- INFO  --- c.app.journal.JournalAppApplication -------- Starting JournalAppApplication using Java 17.0.18 with PID 19448 (C:\Users\hp\Desktop\Study\Java-programs\JournalApplication\journal\target\classes started by hp in C:\Users\hp\Desktop\Study\Java-programs\JournalApplication) 
13:37:22.714 -------- [restartedMain] --- DEBUG --- c.app.journal.JournalAppApplication -------- Running with Spring Boot v3.5.11, Spring v6.2.16 
13:37:22.715 -------- [restartedMain] --- INFO  --- c.app.journal.JournalAppApplication -------- No active profile set, falling back to 1 default profile: "default" 
13:37:22.774 -------- [restartedMain] --- INFO  --- o.s.b.d.e.DevToolsPropertyDefaultsPostProcessor -------- Devtools property defaults active! Set 'spring.devtools.add-properties' to 'false' to disable 
13:37:22.775 -------- [restartedMain] --- INFO  --- o.s.b.d.e.DevToolsPropertyDefaultsPostProcessor -------- For additional web related logging consider setting the 'logging.level.web' property to 'DEBUG' 
13:37:23.522 -------- [restartedMain] --- INFO  --- o.s.d.r.c.RepositoryConfigurationDelegate -------- Multiple Spring Data modules found, entering strict repository configuration mode 
13:37:23.523 -------- [restartedMain] --- INFO  --- o.s.d.r.c.RepositoryConfigurationDelegate -------- Bootstrapping Spring Data MongoDB repositories in DEFAULT mode. 
13:37:23.639 -------- [restartedMain] --- INFO  --- o.s.d.r.c.RepositoryConfigurationDelegate -------- Finished Spring Data repository scanning in 111 ms. Found 3 MongoDB repository interfaces. 
13:37:23.656 -------- [restartedMain] --- INFO  --- o.s.d.r.c.RepositoryConfigurationDelegate -------- Multiple Spring Data modules found, entering strict repository configuration mode 
13:37:23.657 -------- [restartedMain] --- INFO  --- o.s.d.r.c.RepositoryConfigurationDelegate -------- Bootstrapping Spring Data Redis repositories in DEFAULT mode. 
13:37:23.672 -------- [restartedMain] --- INFO  --- o.s.d.r.c.RepositoryConfigurationExtensionSupport -------- Spring Data Redis - Could not safely identify store assignment for repository candidate interface com.app.journal.repository.ConfigJournalAppRepository; If you want this repository to be a Redis repository, consider annotating your entities with one of these annotations: org.springframework.data.redis.core.RedisHash (preferred), or consider extending one of the following types with your repository: org.springframework.data.keyvalue.repository.KeyValueRepository 
13:37:23.673 -------- [restartedMain] --- INFO  --- o.s.d.r.c.RepositoryConfigurationExtensionSupport -------- Spring Data Redis - Could not safely identify store assignment for repository candidate interface com.app.journal.repository.JournalEntryRepository; If you want this repository to be a Redis repository, consider annotating your entities with one of these annotations: org.springframework.data.redis.core.RedisHash (preferred), or consider extending one of the following types with your repository: org.springframework.data.keyvalue.repository.KeyValueRepository 
13:37:23.673 -------- [restartedMain] --- INFO  --- o.s.d.r.c.RepositoryConfigurationExtensionSupport -------- Spring Data Redis - Could not safely identify store assignment for repository candidate interface com.app.journal.repository.UserRepository; If you want this repository to be a Redis repository, consider annotating your entities with one of these annotations: org.springframework.data.redis.core.RedisHash (preferred), or consider extending one of the following types with your repository: org.springframework.data.keyvalue.repository.KeyValueRepository 
13:37:23.673 -------- [restartedMain] --- INFO  --- o.s.d.r.c.RepositoryConfigurationDelegate -------- Finished Spring Data repository scanning in 6 ms. Found 0 Redis repository interfaces. 
13:37:24.255 -------- [restartedMain] --- INFO  --- o.s.b.w.e.tomcat.TomcatWebServer -------- Tomcat initialized with port 8080 (http) 
13:37:24.268 -------- [restartedMain] --- INFO  --- o.a.coyote.http11.Http11NioProtocol -------- Initializing ProtocolHandler ["http-nio-8080"] 
13:37:24.271 -------- [restartedMain] --- INFO  --- o.a.catalina.core.StandardService -------- Starting service [Tomcat] 
13:37:24.271 -------- [restartedMain] --- INFO  --- o.a.catalina.core.StandardEngine -------- Starting Servlet engine: [Apache Tomcat/10.1.52] 
13:37:24.317 -------- [restartedMain] --- INFO  --- o.a.c.c.C.[Tomcat].[localhost].[/] -------- Initializing Spring embedded WebApplicationContext 
13:37:24.318 -------- [restartedMain] --- INFO  --- o.s.b.w.s.c.ServletWebServerApplicationContext -------- Root WebApplicationContext: initialization completed in 1541 ms 
13:37:24.640 -------- [restartedMain] --- INFO  --- org.mongodb.driver.client -------- MongoClient with metadata {"application": {"name": "Cluster0"}, "driver": {"name": "mongo-java-driver|sync|spring-boot", "version": "5.5.2"}, "os": {"type": "Windows", "name": "Windows 11", "architecture": "amd64", "version": "10.0"}, "platform": "Java/Microsoft/17.0.18+8-LTS"} created with settings MongoClientSettings{readPreference=primary, writeConcern=WriteConcern{w=null, wTimeout=null ms, journal=null}, retryWrites=true, retryReads=true, readConcern=ReadConcern{level=null}, credential=MongoCredential{mechanism=null, userName='mailmerajansari_db_user', source='admin', password=<hidden>, mechanismProperties=<hidden>}, transportSettings=null, commandListeners=[], codecRegistry=ProvidersCodecRegistry{codecProviders=[ValueCodecProvider{}, BsonValueCodecProvider{}, DBRefCodecProvider{}, DBObjectCodecProvider{}, DocumentCodecProvider{}, CollectionCodecProvider{}, IterableCodecProvider{}, MapCodecProvider{}, GeoJsonCodecProvider{}, GridFSFileCodecProvider{}, Jsr310CodecProvider{}, JsonObjectCodecProvider{}, BsonCodecProvider{}, EnumCodecProvider{}, com.mongodb.client.model.mql.ExpressionCodecProvider@73a27fc9, com.mongodb.Jep395RecordCodecProvider@6df54c2f, com.mongodb.KotlinCodecProvider@6d7b05ce]}, loggerSettings=LoggerSettings{maxDocumentLength=1000}, clusterSettings={hosts=[127.0.0.1:27017], srvHost=cluster0.b7jb1jb.mongodb.net, srvServiceName=mongodb, mode=MULTIPLE, requiredClusterType=REPLICA_SET, requiredReplicaSetName='atlas-10vsg5-shard-0', serverSelector='null', clusterListeners='[]', serverSelectionTimeout='30000 ms', localThreshold='15 ms'}, socketSettings=SocketSettings{connectTimeoutMS=10000, readTimeoutMS=0, receiveBufferSize=0, proxySettings=ProxySettings{host=null, port=null, username=null, password=null}}, heartbeatSocketSettings=SocketSettings{connectTimeoutMS=10000, readTimeoutMS=10000, receiveBufferSize=0, proxySettings=ProxySettings{host=null, port=null, username=null, password=null}}, connectionPoolSettings=ConnectionPoolSettings{maxSize=100, minSize=0, maxWaitTimeMS=120000, maxConnectionLifeTimeMS=0, maxConnectionIdleTimeMS=0, maintenanceInitialDelayMS=0, maintenanceFrequencyMS=60000, connectionPoolListeners=[], maxConnecting=2}, serverSettings=ServerSettings{heartbeatFrequencyMS=10000, minHeartbeatFrequencyMS=500, serverMonitoringMode=AUTO, serverListeners='[]', serverMonitorListeners='[]'}, sslSettings=SslSettings{enabled=true, invalidHostNameAllowed=false, context=null}, applicationName='Cluster0', compressorList=[], uuidRepresentation=JAVA_LEGACY, serverApi=null, autoEncryptionSettings=null, dnsClient=null, inetAddressResolver=null, contextProvider=null, timeoutMS=null} 
13:37:24.666 -------- [cluster-ClusterId{value='69ba5d3cfbe7f37132d3c9ee', description='Cluster0'}-srv-cluster0.b7jb1jb.mongodb.net] --- INFO  --- org.mongodb.driver.cluster -------- Adding discovered server ac-jcz0paw-shard-00-00.b7jb1jb.mongodb.net:27017 to client view of cluster 
13:37:24.708 -------- [cluster-ClusterId{value='69ba5d3cfbe7f37132d3c9ee', description='Cluster0'}-srv-cluster0.b7jb1jb.mongodb.net] --- INFO  --- org.mongodb.driver.cluster -------- Adding discovered server ac-jcz0paw-shard-00-01.b7jb1jb.mongodb.net:27017 to client view of cluster 
13:37:24.711 -------- [cluster-ClusterId{value='69ba5d3cfbe7f37132d3c9ee', description='Cluster0'}-srv-cluster0.b7jb1jb.mongodb.net] --- INFO  --- org.mongodb.driver.cluster -------- Adding discovered server ac-jcz0paw-shard-00-02.b7jb1jb.mongodb.net:27017 to client view of cluster 
13:37:24.877 -------- [restartedMain] --- INFO  --- o.s.b.d.a.OptionalLiveReloadServer -------- LiveReload server is running on port 35729 
13:37:25.028 -------- [restartedMain] --- INFO  --- org.mongodb.driver.cluster -------- Waiting for server to become available for operation with ID 5. Remaining time: 29993 ms. Selector: WritableServerSelector, topology description: {type=REPLICA_SET, servers=[{address=ac-jcz0paw-shard-00-01.b7jb1jb.mongodb.net:27017, type=UNKNOWN, state=CONNECTING}, {address=ac-jcz0paw-shard-00-02.b7jb1jb.mongodb.net:27017, type=UNKNOWN, state=CONNECTING}, {address=ac-jcz0paw-shard-00-00.b7jb1jb.mongodb.net:27017, type=UNKNOWN, state=CONNECTING}]. 
13:37:25.151 -------- [cluster-ClusterId{value='69ba5d3cfbe7f37132d3c9ee', description='Cluster0'}-ac-jcz0paw-shard-00-00.b7jb1jb.mongodb.net:27017] --- INFO  --- org.mongodb.driver.cluster -------- Monitor thread successfully connected to server with description ServerDescription{address=ac-jcz0paw-shard-00-00.b7jb1jb.mongodb.net:27017, type=REPLICA_SET_SECONDARY, cryptd=false, state=CONNECTED, ok=true, minWireVersion=0, maxWireVersion=25, maxDocumentSize=16777216, logicalSessionTimeoutMinutes=30, roundTripTimeNanos=228531100, minRoundTripTimeNanos=0, setName='atlas-10vsg5-shard-0', canonicalAddress=ac-jcz0paw-shard-00-00.b7jb1jb.mongodb.net:27017, hosts=[ac-jcz0paw-shard-00-01.b7jb1jb.mongodb.net:27017, ac-jcz0paw-shard-00-02.b7jb1jb.mongodb.net:27017, ac-jcz0paw-shard-00-00.b7jb1jb.mongodb.net:27017], passives=[], arbiters=[], primary='ac-jcz0paw-shard-00-02.b7jb1jb.mongodb.net:27017', tagSet=TagSet{[Tag{name='availabilityZone', value='aps1-az1'}, Tag{name='diskState', value='READY'}, Tag{name='nodeType', value='ELECTABLE'}, Tag{name='provider', value='AWS'}, Tag{name='region', value='AP_SOUTH_1'}, Tag{name='workloadType', value='OPERATIONAL'}]}, electionId=null, setVersion=57, topologyVersion=TopologyVersion{processId=69b30fd5ea006f2a16d8bf3e, counter=4}, lastWriteDate=Wed Mar 18 13:37:25 IST 2026, lastUpdateTimeNanos=1609041289734200} 
13:37:25.151 -------- [cluster-ClusterId{value='69ba5d3cfbe7f37132d3c9ee', description='Cluster0'}-ac-jcz0paw-shard-00-02.b7jb1jb.mongodb.net:27017] --- INFO  --- org.mongodb.driver.cluster -------- Monitor thread successfully connected to server with description ServerDescription{address=ac-jcz0paw-shard-00-02.b7jb1jb.mongodb.net:27017, type=REPLICA_SET_PRIMARY, cryptd=false, state=CONNECTED, ok=true, minWireVersion=0, maxWireVersion=25, maxDocumentSize=16777216, logicalSessionTimeoutMinutes=30, roundTripTimeNanos=228531100, minRoundTripTimeNanos=0, setName='atlas-10vsg5-shard-0', canonicalAddress=ac-jcz0paw-shard-00-02.b7jb1jb.mongodb.net:27017, hosts=[ac-jcz0paw-shard-00-01.b7jb1jb.mongodb.net:27017, ac-jcz0paw-shard-00-02.b7jb1jb.mongodb.net:27017, ac-jcz0paw-shard-00-00.b7jb1jb.mongodb.net:27017], passives=[], arbiters=[], primary='ac-jcz0paw-shard-00-02.b7jb1jb.mongodb.net:27017', tagSet=TagSet{[Tag{name='availabilityZone', value='aps1-az2'}, Tag{name='diskState', value='READY'}, Tag{name='nodeType', value='ELECTABLE'}, Tag{name='provider', value='AWS'}, Tag{name='region', value='AP_SOUTH_1'}, Tag{name='workloadType', value='OPERATIONAL'}]}, electionId=7fffffff00000000000000dc, setVersion=57, topologyVersion=TopologyVersion{processId=69b311ad332d80e6a3807b8e, counter=6}, lastWriteDate=Wed Mar 18 13:37:25 IST 2026, lastUpdateTimeNanos=1609041289734200} 
13:37:25.151 -------- [cluster-ClusterId{value='69ba5d3cfbe7f37132d3c9ee', description='Cluster0'}-ac-jcz0paw-shard-00-01.b7jb1jb.mongodb.net:27017] --- INFO  --- org.mongodb.driver.cluster -------- Monitor thread successfully connected to server with description ServerDescription{address=ac-jcz0paw-shard-00-01.b7jb1jb.mongodb.net:27017, type=REPLICA_SET_SECONDARY, cryptd=false, state=CONNECTED, ok=true, minWireVersion=0, maxWireVersion=25, maxDocumentSize=16777216, logicalSessionTimeoutMinutes=30, roundTripTimeNanos=228528100, minRoundTripTimeNanos=0, setName='atlas-10vsg5-shard-0', canonicalAddress=ac-jcz0paw-shard-00-01.b7jb1jb.mongodb.net:27017, hosts=[ac-jcz0paw-shard-00-01.b7jb1jb.mongodb.net:27017, ac-jcz0paw-shard-00-02.b7jb1jb.mongodb.net:27017, ac-jcz0paw-shard-00-00.b7jb1jb.mongodb.net:27017], passives=[], arbiters=[], primary='ac-jcz0paw-shard-00-02.b7jb1jb.mongodb.net:27017', tagSet=TagSet{[Tag{name='availabilityZone', value='aps1-az3'}, Tag{name='diskState', value='READY'}, Tag{name='nodeType', value='ELECTABLE'}, Tag{name='provider', value='AWS'}, Tag{name='region', value='AP_SOUTH_1'}, Tag{name='workloadType', value='OPERATIONAL'}]}, electionId=null, setVersion=57, topologyVersion=TopologyVersion{processId=69b3142d06876aecd9b70acd, counter=3}, lastWriteDate=Wed Mar 18 13:37:25 IST 2026, lastUpdateTimeNanos=1609041289734200} 
13:37:25.154 -------- [cluster-ClusterId{value='69ba5d3cfbe7f37132d3c9ee', description='Cluster0'}-ac-jcz0paw-shard-00-02.b7jb1jb.mongodb.net:27017] --- INFO  --- org.mongodb.driver.cluster -------- Discovered replica set primary ac-jcz0paw-shard-00-02.b7jb1jb.mongodb.net:27017 with max election id 7fffffff00000000000000dc and max set version 57 
13:37:26.251 -------- [restartedMain] --- INFO  --- o.s.s.c.a.a.c.InitializeAuthenticationProviderBeanManagerConfigurer$InitializeAuthenticationProviderManagerConfigurer -------- Global AuthenticationManager configured with AuthenticationProvider bean with name authenticationProvider 
13:37:26.252 -------- [restartedMain] --- WARN  --- o.s.s.c.a.a.c.InitializeUserDetailsBeanManagerConfigurer$InitializeUserDetailsManagerConfigurer -------- Global AuthenticationManager configured with an AuthenticationProvider bean. UserDetailsService beans will not be used by Spring Security for automatically configuring username/password login. Consider removing the AuthenticationProvider bean. Alternatively, consider using the UserDetailsService in a manually instantiated DaoAuthenticationProvider. If the current configuration is intentional, to turn off this warning, increase the logging level of 'org.springframework.security.config.annotation.authentication.configuration.InitializeUserDetailsBeanManagerConfigurer' to ERROR 
13:37:26.379 -------- [restartedMain] --- DEBUG --- o.s.s.web.DefaultSecurityFilterChain -------- Will secure any request with filters: DisableEncodeUrlFilter, WebAsyncManagerIntegrationFilter, SecurityContextHolderFilter, HeaderWriterFilter, LogoutFilter, BasicAuthenticationFilter, RequestCacheAwareFilter, SecurityContextHolderAwareRequestFilter, AnonymousAuthenticationFilter, ExceptionTranslationFilter, AuthorizationFilter 
13:37:26.668 -------- [restartedMain] --- INFO  --- o.a.coyote.http11.Http11NioProtocol -------- Starting ProtocolHandler ["http-nio-8080"] 
13:37:26.696 -------- [restartedMain] --- INFO  --- o.s.b.w.e.tomcat.TomcatWebServer -------- Tomcat started on port 8080 (http) with context path '/' 
13:37:26.713 -------- [restartedMain] --- INFO  --- c.app.journal.JournalAppApplication -------- Started JournalAppApplication in 4.372 seconds (process running for 4.941) 
13:37:32.528 -------- [http-nio-8080-exec-5] --- INFO  --- o.a.c.c.C.[Tomcat].[localhost].[/] -------- Initializing Spring DispatcherServlet 'dispatcherServlet' 
13:37:32.528 -------- [http-nio-8080-exec-5] --- INFO  --- o.s.web.servlet.DispatcherServlet -------- Initializing Servlet 'dispatcherServlet' 
13:37:32.529 -------- [http-nio-8080-exec-5] --- INFO  --- o.s.web.servlet.DispatcherServlet -------- Completed initialization in 1 ms 
13:37:32.552 -------- [http-nio-8080-exec-5] --- DEBUG --- o.s.security.web.FilterChainProxy -------- Securing GET /user/get-weather 
13:37:32.766 -------- [http-nio-8080-exec-5] --- DEBUG --- o.s.s.a.d.DaoAuthenticationProvider -------- Authenticated user 
13:37:32.767 -------- [http-nio-8080-exec-5] --- DEBUG --- o.s.s.w.a.w.BasicAuthenticationFilter -------- Set SecurityContextHolder to UsernamePasswordAuthenticationToken [Principal=org.springframework.security.core.userdetails.User [Username=david, Password=[PROTECTED], Enabled=true, AccountNonExpired=true, CredentialsNonExpired=true, AccountNonLocked=true, Granted Authorities=[ROLE_ADMIN, ROLE_USER]], Credentials=[PROTECTED], Authenticated=true, Details=WebAuthenticationDetails [RemoteIpAddress=0:0:0:0:0:0:0:1, SessionId=null], Granted Authorities=[ROLE_ADMIN, ROLE_USER]] 
13:37:32.771 -------- [http-nio-8080-exec-5] --- DEBUG --- o.s.security.web.FilterChainProxy -------- Secured GET /user/get-weather 
13:42:05.803 -------- [SpringApplicationShutdownHook] --- INFO  --- o.s.b.w.e.tomcat.GracefulShutdown -------- Commencing graceful shutdown. Waiting for active requests to complete 
13:42:06.008 -------- [tomcat-shutdown] --- INFO  --- o.s.b.w.e.tomcat.GracefulShutdown -------- Graceful shutdown complete 
13:42:09.745 -------- [restartedMain] --- INFO  --- c.app.journal.JournalAppApplication -------- Starting JournalAppApplication using Java 17.0.18 with PID 48252 (C:\Users\hp\Desktop\Study\Java-programs\JournalApplication\journal\target\classes started by hp in C:\Users\hp\Desktop\Study\Java-programs\JournalApplication) 
13:42:09.749 -------- [restartedMain] --- DEBUG --- c.app.journal.JournalAppApplication -------- Running with Spring Boot v3.5.11, Spring v6.2.16 
13:42:09.750 -------- [restartedMain] --- INFO  --- c.app.journal.JournalAppApplication -------- No active profile set, falling back to 1 default profile: "default" 
13:42:09.819 -------- [restartedMain] --- INFO  --- o.s.b.d.e.DevToolsPropertyDefaultsPostProcessor -------- Devtools property defaults active! Set 'spring.devtools.add-properties' to 'false' to disable 
13:42:09.819 -------- [restartedMain] --- INFO  --- o.s.b.d.e.DevToolsPropertyDefaultsPostProcessor -------- For additional web related logging consider setting the 'logging.level.web' property to 'DEBUG' 
13:42:10.618 -------- [restartedMain] --- INFO  --- o.s.d.r.c.RepositoryConfigurationDelegate -------- Multiple Spring Data modules found, entering strict repository configuration mode 
13:42:10.619 -------- [restartedMain] --- INFO  --- o.s.d.r.c.RepositoryConfigurationDelegate -------- Bootstrapping Spring Data MongoDB repositories in DEFAULT mode. 
13:42:10.732 -------- [restartedMain] --- INFO  --- o.s.d.r.c.RepositoryConfigurationDelegate -------- Finished Spring Data repository scanning in 108 ms. Found 3 MongoDB repository interfaces. 
13:42:10.746 -------- [restartedMain] --- INFO  --- o.s.d.r.c.RepositoryConfigurationDelegate -------- Multiple Spring Data modules found, entering strict repository configuration mode 
13:42:10.747 -------- [restartedMain] --- INFO  --- o.s.d.r.c.RepositoryConfigurationDelegate -------- Bootstrapping Spring Data Redis repositories in DEFAULT mode. 
13:42:10.760 -------- [restartedMain] --- INFO  --- o.s.d.r.c.RepositoryConfigurationExtensionSupport -------- Spring Data Redis - Could not safely identify store assignment for repository candidate interface com.app.journal.repository.ConfigJournalAppRepository; If you want this repository to be a Redis repository, consider annotating your entities with one of these annotations: org.springframework.data.redis.core.RedisHash (preferred), or consider extending one of the following types with your repository: org.springframework.data.keyvalue.repository.KeyValueRepository 
13:42:10.760 -------- [restartedMain] --- INFO  --- o.s.d.r.c.RepositoryConfigurationExtensionSupport -------- Spring Data Redis - Could not safely identify store assignment for repository candidate interface com.app.journal.repository.JournalEntryRepository; If you want this repository to be a Redis repository, consider annotating your entities with one of these annotations: org.springframework.data.redis.core.RedisHash (preferred), or consider extending one of the following types with your repository: org.springframework.data.keyvalue.repository.KeyValueRepository 
13:42:10.760 -------- [restartedMain] --- INFO  --- o.s.d.r.c.RepositoryConfigurationExtensionSupport -------- Spring Data Redis - Could not safely identify store assignment for repository candidate interface com.app.journal.repository.UserRepository; If you want this repository to be a Redis repository, consider annotating your entities with one of these annotations: org.springframework.data.redis.core.RedisHash (preferred), or consider extending one of the following types with your repository: org.springframework.data.keyvalue.repository.KeyValueRepository 
13:42:10.760 -------- [restartedMain] --- INFO  --- o.s.d.r.c.RepositoryConfigurationDelegate -------- Finished Spring Data repository scanning in 6 ms. Found 0 Redis repository interfaces. 
13:42:11.365 -------- [restartedMain] --- INFO  --- o.s.b.w.e.tomcat.TomcatWebServer -------- Tomcat initialized with port 8080 (http) 
13:42:11.376 -------- [restartedMain] --- INFO  --- o.a.coyote.http11.Http11NioProtocol -------- Initializing ProtocolHandler ["http-nio-8080"] 
13:42:11.378 -------- [restartedMain] --- INFO  --- o.a.catalina.core.StandardService -------- Starting service [Tomcat] 
13:42:11.378 -------- [restartedMain] --- INFO  --- o.a.catalina.core.StandardEngine -------- Starting Servlet engine: [Apache Tomcat/10.1.52] 
13:42:11.419 -------- [restartedMain] --- INFO  --- o.a.c.c.C.[Tomcat].[localhost].[/] -------- Initializing Spring embedded WebApplicationContext 
13:42:11.420 -------- [restartedMain] --- INFO  --- o.s.b.w.s.c.ServletWebServerApplicationContext -------- Root WebApplicationContext: initialization completed in 1600 ms 
13:42:14.776 -------- [restartedMain] --- INFO  --- org.mongodb.driver.client -------- MongoClient with metadata {"application": {"name": "Cluster0"}, "driver": {"name": "mongo-java-driver|sync|spring-boot", "version": "5.5.2"}, "os": {"type": "Windows", "name": "Windows 11", "architecture": "amd64", "version": "10.0"}, "platform": "Java/Microsoft/17.0.18+8-LTS"} created with settings MongoClientSettings{readPreference=primary, writeConcern=WriteConcern{w=null, wTimeout=null ms, journal=null}, retryWrites=true, retryReads=true, readConcern=ReadConcern{level=null}, credential=MongoCredential{mechanism=null, userName='mailmerajansari_db_user', source='admin', password=<hidden>, mechanismProperties=<hidden>}, transportSettings=null, commandListeners=[], codecRegistry=ProvidersCodecRegistry{codecProviders=[ValueCodecProvider{}, BsonValueCodecProvider{}, DBRefCodecProvider{}, DBObjectCodecProvider{}, DocumentCodecProvider{}, CollectionCodecProvider{}, IterableCodecProvider{}, MapCodecProvider{}, GeoJsonCodecProvider{}, GridFSFileCodecProvider{}, Jsr310CodecProvider{}, JsonObjectCodecProvider{}, BsonCodecProvider{}, EnumCodecProvider{}, com.mongodb.client.model.mql.ExpressionCodecProvider@10690519, com.mongodb.Jep395RecordCodecProvider@3db83479, com.mongodb.KotlinCodecProvider@6426b730]}, loggerSettings=LoggerSettings{maxDocumentLength=1000}, clusterSettings={hosts=[127.0.0.1:27017], srvHost=cluster0.b7jb1jb.mongodb.net, srvServiceName=mongodb, mode=MULTIPLE, requiredClusterType=REPLICA_SET, requiredReplicaSetName='atlas-10vsg5-shard-0', serverSelector='null', clusterListeners='[]', serverSelectionTimeout='30000 ms', localThreshold='15 ms'}, socketSettings=SocketSettings{connectTimeoutMS=10000, readTimeoutMS=0, receiveBufferSize=0, proxySettings=ProxySettings{host=null, port=null, username=null, password=null}}, heartbeatSocketSettings=SocketSettings{connectTimeoutMS=10000, readTimeoutMS=10000, receiveBufferSize=0, proxySettings=ProxySettings{host=null, port=null, username=null, password=null}}, connectionPoolSettings=ConnectionPoolSettings{maxSize=100, minSize=0, maxWaitTimeMS=120000, maxConnectionLifeTimeMS=0, maxConnectionIdleTimeMS=0, maintenanceInitialDelayMS=0, maintenanceFrequencyMS=60000, connectionPoolListeners=[], maxConnecting=2}, serverSettings=ServerSettings{heartbeatFrequencyMS=10000, minHeartbeatFrequencyMS=500, serverMonitoringMode=AUTO, serverListeners='[]', serverMonitorListeners='[]'}, sslSettings=SslSettings{enabled=true, invalidHostNameAllowed=false, context=null}, applicationName='Cluster0', compressorList=[], uuidRepresentation=JAVA_LEGACY, serverApi=null, autoEncryptionSettings=null, dnsClient=null, inetAddressResolver=null, contextProvider=null, timeoutMS=null} 
13:42:14.786 -------- [cluster-ClusterId{value='69ba5e5e506f210ae2f5cad3', description='Cluster0'}-srv-cluster0.b7jb1jb.mongodb.net] --- INFO  --- org.mongodb.driver.cluster -------- Adding discovered server ac-jcz0paw-shard-00-00.b7jb1jb.mongodb.net:27017 to client view of cluster 
13:42:14.823 -------- [cluster-ClusterId{value='69ba5e5e506f210ae2f5cad3', description='Cluster0'}-srv-cluster0.b7jb1jb.mongodb.net] --- INFO  --- org.mongodb.driver.cluster -------- Adding discovered server ac-jcz0paw-shard-00-01.b7jb1jb.mongodb.net:27017 to client view of cluster 
13:42:14.825 -------- [cluster-ClusterId{value='69ba5e5e506f210ae2f5cad3', description='Cluster0'}-srv-cluster0.b7jb1jb.mongodb.net] --- INFO  --- org.mongodb.driver.cluster -------- Adding discovered server ac-jcz0paw-shard-00-02.b7jb1jb.mongodb.net:27017 to client view of cluster 
13:42:14.981 -------- [restartedMain] --- INFO  --- o.s.b.d.a.OptionalLiveReloadServer -------- LiveReload server is running on port 35729 
13:42:15.170 -------- [restartedMain] --- INFO  --- org.mongodb.driver.cluster -------- Waiting for server to become available for operation with ID 5. Remaining time: 29988 ms. Selector: WritableServerSelector, topology description: {type=REPLICA_SET, servers=[{address=ac-jcz0paw-shard-00-01.b7jb1jb.mongodb.net:27017, type=UNKNOWN, state=CONNECTING}, {address=ac-jcz0paw-shard-00-02.b7jb1jb.mongodb.net:27017, type=UNKNOWN, state=CONNECTING}, {address=ac-jcz0paw-shard-00-00.b7jb1jb.mongodb.net:27017, type=UNKNOWN, state=CONNECTING}]. 
13:42:15.264 -------- [cluster-ClusterId{value='69ba5e5e506f210ae2f5cad3', description='Cluster0'}-ac-jcz0paw-shard-00-01.b7jb1jb.mongodb.net:27017] --- INFO  --- org.mongodb.driver.cluster -------- Monitor thread successfully connected to server with description ServerDescription{address=ac-jcz0paw-shard-00-01.b7jb1jb.mongodb.net:27017, type=REPLICA_SET_SECONDARY, cryptd=false, state=CONNECTED, ok=true, minWireVersion=0, maxWireVersion=25, maxDocumentSize=16777216, logicalSessionTimeoutMinutes=30, roundTripTimeNanos=258801100, minRoundTripTimeNanos=0, setName='atlas-10vsg5-shard-0', canonicalAddress=ac-jcz0paw-shard-00-01.b7jb1jb.mongodb.net:27017, hosts=[ac-jcz0paw-shard-00-01.b7jb1jb.mongodb.net:27017, ac-jcz0paw-shard-00-02.b7jb1jb.mongodb.net:27017, ac-jcz0paw-shard-00-00.b7jb1jb.mongodb.net:27017], passives=[], arbiters=[], primary='ac-jcz0paw-shard-00-02.b7jb1jb.mongodb.net:27017', tagSet=TagSet{[Tag{name='availabilityZone', value='aps1-az3'}, Tag{name='diskState', value='READY'}, Tag{name='nodeType', value='ELECTABLE'}, Tag{name='provider', value='AWS'}, Tag{name='region', value='AP_SOUTH_1'}, Tag{name='workloadType', value='OPERATIONAL'}]}, electionId=null, setVersion=57, topologyVersion=TopologyVersion{processId=69b3142d06876aecd9b70acd, counter=3}, lastWriteDate=Wed Mar 18 13:42:15 IST 2026, lastUpdateTimeNanos=1609331403794200} 
13:42:15.264 -------- [cluster-ClusterId{value='69ba5e5e506f210ae2f5cad3', description='Cluster0'}-ac-jcz0paw-shard-00-02.b7jb1jb.mongodb.net:27017] --- INFO  --- org.mongodb.driver.cluster -------- Monitor thread successfully connected to server with description ServerDescription{address=ac-jcz0paw-shard-00-02.b7jb1jb.mongodb.net:27017, type=REPLICA_SET_PRIMARY, cryptd=false, state=CONNECTED, ok=true, minWireVersion=0, maxWireVersion=25, maxDocumentSize=16777216, logicalSessionTimeoutMinutes=30, roundTripTimeNanos=258806200, minRoundTripTimeNanos=0, setName='atlas-10vsg5-shard-0', canonicalAddress=ac-jcz0paw-shard-00-02.b7jb1jb.mongodb.net:27017, hosts=[ac-jcz0paw-shard-00-01.b7jb1jb.mongodb.net:27017, ac-jcz0paw-shard-00-02.b7jb1jb.mongodb.net:27017, ac-jcz0paw-shard-00-00.b7jb1jb.mongodb.net:27017], passives=[], arbiters=[], primary='ac-jcz0paw-shard-00-02.b7jb1jb.mongodb.net:27017', tagSet=TagSet{[Tag{name='availabilityZone', value='aps1-az2'}, Tag{name='diskState', value='READY'}, Tag{name='nodeType', value='ELECTABLE'}, Tag{name='provider', value='AWS'}, Tag{name='region', value='AP_SOUTH_1'}, Tag{name='workloadType', value='OPERATIONAL'}]}, electionId=7fffffff00000000000000dc, setVersion=57, topologyVersion=TopologyVersion{processId=69b311ad332d80e6a3807b8e, counter=6}, lastWriteDate=Wed Mar 18 13:42:15 IST 2026, lastUpdateTimeNanos=1609331403794400} 
13:42:15.265 -------- [cluster-ClusterId{value='69ba5e5e506f210ae2f5cad3', description='Cluster0'}-ac-jcz0paw-shard-00-00.b7jb1jb.mongodb.net:27017] --- INFO  --- org.mongodb.driver.cluster -------- Monitor thread successfully connected to server with description ServerDescription{address=ac-jcz0paw-shard-00-00.b7jb1jb.mongodb.net:27017, type=REPLICA_SET_SECONDARY, cryptd=false, state=CONNECTED, ok=true, minWireVersion=0, maxWireVersion=25, maxDocumentSize=16777216, logicalSessionTimeoutMinutes=30, roundTripTimeNanos=258805100, minRoundTripTimeNanos=0, setName='atlas-10vsg5-shard-0', canonicalAddress=ac-jcz0paw-shard-00-00.b7jb1jb.mongodb.net:27017, hosts=[ac-jcz0paw-shard-00-01.b7jb1jb.mongodb.net:27017, ac-jcz0paw-shard-00-02.b7jb1jb.mongodb.net:27017, ac-jcz0paw-shard-00-00.b7jb1jb.mongodb.net:27017], passives=[], arbiters=[], primary='ac-jcz0paw-shard-00-02.b7jb1jb.mongodb.net:27017', tagSet=TagSet{[Tag{name='availabilityZone', value='aps1-az1'}, Tag{name='diskState', value='READY'}, Tag{name='nodeType', value='ELECTABLE'}, Tag{name='provider', value='AWS'}, Tag{name='region', value='AP_SOUTH_1'}, Tag{name='workloadType', value='OPERATIONAL'}]}, electionId=null, setVersion=57, topologyVersion=TopologyVersion{processId=69b30fd5ea006f2a16d8bf3e, counter=4}, lastWriteDate=Wed Mar 18 13:42:15 IST 2026, lastUpdateTimeNanos=1609331403794200} 
13:42:15.268 -------- [cluster-ClusterId{value='69ba5e5e506f210ae2f5cad3', description='Cluster0'}-ac-jcz0paw-shard-00-02.b7jb1jb.mongodb.net:27017] --- INFO  --- org.mongodb.driver.cluster -------- Discovered replica set primary ac-jcz0paw-shard-00-02.b7jb1jb.mongodb.net:27017 with max election id 7fffffff00000000000000dc and max set version 57 
13:42:16.343 -------- [restartedMain] --- INFO  --- o.s.s.c.a.a.c.InitializeAuthenticationProviderBeanManagerConfigurer$InitializeAuthenticationProviderManagerConfigurer -------- Global AuthenticationManager configured with AuthenticationProvider bean with name authenticationProvider 
13:42:16.343 -------- [restartedMain] --- WARN  --- o.s.s.c.a.a.c.InitializeUserDetailsBeanManagerConfigurer$InitializeUserDetailsManagerConfigurer -------- Global AuthenticationManager configured with an AuthenticationProvider bean. UserDetailsService beans will not be used by Spring Security for automatically configuring username/password login. Consider removing the AuthenticationProvider bean. Alternatively, consider using the UserDetailsService in a manually instantiated DaoAuthenticationProvider. If the current configuration is intentional, to turn off this warning, increase the logging level of 'org.springframework.security.config.annotation.authentication.configuration.InitializeUserDetailsBeanManagerConfigurer' to ERROR 
13:42:16.442 -------- [restartedMain] --- DEBUG --- o.s.s.web.DefaultSecurityFilterChain -------- Will secure any request with filters: DisableEncodeUrlFilter, WebAsyncManagerIntegrationFilter, SecurityContextHolderFilter, HeaderWriterFilter, LogoutFilter, BasicAuthenticationFilter, RequestCacheAwareFilter, SecurityContextHolderAwareRequestFilter, AnonymousAuthenticationFilter, ExceptionTranslationFilter, AuthorizationFilter 
13:42:16.739 -------- [restartedMain] --- INFO  --- o.a.coyote.http11.Http11NioProtocol -------- Starting ProtocolHandler ["http-nio-8080"] 
13:42:16.766 -------- [restartedMain] --- INFO  --- o.s.b.w.e.tomcat.TomcatWebServer -------- Tomcat started on port 8080 (http) with context path '/' 
13:42:16.778 -------- [restartedMain] --- INFO  --- c.app.journal.JournalAppApplication -------- Started JournalAppApplication in 7.399 seconds (process running for 7.991) 
13:42:46.376 -------- [SpringApplicationShutdownHook] --- INFO  --- o.s.b.w.e.tomcat.GracefulShutdown -------- Commencing graceful shutdown. Waiting for active requests to complete 
13:42:46.586 -------- [tomcat-shutdown] --- INFO  --- o.s.b.w.e.tomcat.GracefulShutdown -------- Graceful shutdown complete 
13:42:50.833 -------- [restartedMain] --- INFO  --- c.app.journal.JournalAppApplication -------- Starting JournalAppApplication using Java 17.0.18 with PID 32388 (C:\Users\hp\Desktop\Study\Java-programs\JournalApplication\journal\target\classes started by hp in C:\Users\hp\Desktop\Study\Java-programs\JournalApplication) 
13:42:50.836 -------- [restartedMain] --- DEBUG --- c.app.journal.JournalAppApplication -------- Running with Spring Boot v3.5.11, Spring v6.2.16 
13:42:50.837 -------- [restartedMain] --- INFO  --- c.app.journal.JournalAppApplication -------- No active profile set, falling back to 1 default profile: "default" 
13:42:50.906 -------- [restartedMain] --- INFO  --- o.s.b.d.e.DevToolsPropertyDefaultsPostProcessor -------- Devtools property defaults active! Set 'spring.devtools.add-properties' to 'false' to disable 
13:42:50.906 -------- [restartedMain] --- INFO  --- o.s.b.d.e.DevToolsPropertyDefaultsPostProcessor -------- For additional web related logging consider setting the 'logging.level.web' property to 'DEBUG' 
13:42:51.638 -------- [restartedMain] --- INFO  --- o.s.d.r.c.RepositoryConfigurationDelegate -------- Multiple Spring Data modules found, entering strict repository configuration mode 
13:42:51.639 -------- [restartedMain] --- INFO  --- o.s.d.r.c.RepositoryConfigurationDelegate -------- Bootstrapping Spring Data MongoDB repositories in DEFAULT mode. 
13:42:51.757 -------- [restartedMain] --- INFO  --- o.s.d.r.c.RepositoryConfigurationDelegate -------- Finished Spring Data repository scanning in 112 ms. Found 3 MongoDB repository interfaces. 
13:42:51.771 -------- [restartedMain] --- INFO  --- o.s.d.r.c.RepositoryConfigurationDelegate -------- Multiple Spring Data modules found, entering strict repository configuration mode 
13:42:51.772 -------- [restartedMain] --- INFO  --- o.s.d.r.c.RepositoryConfigurationDelegate -------- Bootstrapping Spring Data Redis repositories in DEFAULT mode. 
13:42:51.786 -------- [restartedMain] --- INFO  --- o.s.d.r.c.RepositoryConfigurationExtensionSupport -------- Spring Data Redis - Could not safely identify store assignment for repository candidate interface com.app.journal.repository.ConfigJournalAppRepository; If you want this repository to be a Redis repository, consider annotating your entities with one of these annotations: org.springframework.data.redis.core.RedisHash (preferred), or consider extending one of the following types with your repository: org.springframework.data.keyvalue.repository.KeyValueRepository 
13:42:51.786 -------- [restartedMain] --- INFO  --- o.s.d.r.c.RepositoryConfigurationExtensionSupport -------- Spring Data Redis - Could not safely identify store assignment for repository candidate interface com.app.journal.repository.JournalEntryRepository; If you want this repository to be a Redis repository, consider annotating your entities with one of these annotations: org.springframework.data.redis.core.RedisHash (preferred), or consider extending one of the following types with your repository: org.springframework.data.keyvalue.repository.KeyValueRepository 
13:42:51.786 -------- [restartedMain] --- INFO  --- o.s.d.r.c.RepositoryConfigurationExtensionSupport -------- Spring Data Redis - Could not safely identify store assignment for repository candidate interface com.app.journal.repository.UserRepository; If you want this repository to be a Redis repository, consider annotating your entities with one of these annotations: org.springframework.data.redis.core.RedisHash (preferred), or consider extending one of the following types with your repository: org.springframework.data.keyvalue.repository.KeyValueRepository 
13:42:51.787 -------- [restartedMain] --- INFO  --- o.s.d.r.c.RepositoryConfigurationDelegate -------- Finished Spring Data repository scanning in 6 ms. Found 0 Redis repository interfaces. 
13:42:52.358 -------- [restartedMain] --- INFO  --- o.s.b.w.e.tomcat.TomcatWebServer -------- Tomcat initialized with port 8080 (http) 
13:42:52.370 -------- [restartedMain] --- INFO  --- o.a.coyote.http11.Http11NioProtocol -------- Initializing ProtocolHandler ["http-nio-8080"] 
13:42:52.372 -------- [restartedMain] --- INFO  --- o.a.catalina.core.StandardService -------- Starting service [Tomcat] 
13:42:52.372 -------- [restartedMain] --- INFO  --- o.a.catalina.core.StandardEngine -------- Starting Servlet engine: [Apache Tomcat/10.1.52] 
13:42:52.421 -------- [restartedMain] --- INFO  --- o.a.c.c.C.[Tomcat].[localhost].[/] -------- Initializing Spring embedded WebApplicationContext 
13:42:52.422 -------- [restartedMain] --- INFO  --- o.s.b.w.s.c.ServletWebServerApplicationContext -------- Root WebApplicationContext: initialization completed in 1515 ms 
13:42:52.723 -------- [restartedMain] --- INFO  --- org.mongodb.driver.client -------- MongoClient with metadata {"application": {"name": "Cluster0"}, "driver": {"name": "mongo-java-driver|sync|spring-boot", "version": "5.5.2"}, "os": {"type": "Windows", "name": "Windows 11", "architecture": "amd64", "version": "10.0"}, "platform": "Java/Microsoft/17.0.18+8-LTS"} created with settings MongoClientSettings{readPreference=primary, writeConcern=WriteConcern{w=null, wTimeout=null ms, journal=null}, retryWrites=true, retryReads=true, readConcern=ReadConcern{level=null}, credential=MongoCredential{mechanism=null, userName='mailmerajansari_db_user', source='admin', password=<hidden>, mechanismProperties=<hidden>}, transportSettings=null, commandListeners=[], codecRegistry=ProvidersCodecRegistry{codecProviders=[ValueCodecProvider{}, BsonValueCodecProvider{}, DBRefCodecProvider{}, DBObjectCodecProvider{}, DocumentCodecProvider{}, CollectionCodecProvider{}, IterableCodecProvider{}, MapCodecProvider{}, GeoJsonCodecProvider{}, GridFSFileCodecProvider{}, Jsr310CodecProvider{}, JsonObjectCodecProvider{}, BsonCodecProvider{}, EnumCodecProvider{}, com.mongodb.client.model.mql.ExpressionCodecProvider@1209da76, com.mongodb.Jep395RecordCodecProvider@43477030, com.mongodb.KotlinCodecProvider@48eac466]}, loggerSettings=LoggerSettings{maxDocumentLength=1000}, clusterSettings={hosts=[127.0.0.1:27017], srvHost=cluster0.b7jb1jb.mongodb.net, srvServiceName=mongodb, mode=MULTIPLE, requiredClusterType=REPLICA_SET, requiredReplicaSetName='atlas-10vsg5-shard-0', serverSelector='null', clusterListeners='[]', serverSelectionTimeout='30000 ms', localThreshold='15 ms'}, socketSettings=SocketSettings{connectTimeoutMS=10000, readTimeoutMS=0, receiveBufferSize=0, proxySettings=ProxySettings{host=null, port=null, username=null, password=null}}, heartbeatSocketSettings=SocketSettings{connectTimeoutMS=10000, readTimeoutMS=10000, receiveBufferSize=0, proxySettings=ProxySettings{host=null, port=null, username=null, password=null}}, connectionPoolSettings=ConnectionPoolSettings{maxSize=100, minSize=0, maxWaitTimeMS=120000, maxConnectionLifeTimeMS=0, maxConnectionIdleTimeMS=0, maintenanceInitialDelayMS=0, maintenanceFrequencyMS=60000, connectionPoolListeners=[], maxConnecting=2}, serverSettings=ServerSettings{heartbeatFrequencyMS=10000, minHeartbeatFrequencyMS=500, serverMonitoringMode=AUTO, serverListeners='[]', serverMonitorListeners='[]'}, sslSettings=SslSettings{enabled=true, invalidHostNameAllowed=false, context=null}, applicationName='Cluster0', compressorList=[], uuidRepresentation=JAVA_LEGACY, serverApi=null, autoEncryptionSettings=null, dnsClient=null, inetAddressResolver=null, contextProvider=null, timeoutMS=null} 
13:42:52.832 -------- [cluster-ClusterId{value='69ba5e84b072efedc12cd750', description='Cluster0'}-srv-cluster0.b7jb1jb.mongodb.net] --- INFO  --- org.mongodb.driver.cluster -------- Adding discovered server ac-jcz0paw-shard-00-00.b7jb1jb.mongodb.net:27017 to client view of cluster 
13:42:52.867 -------- [cluster-ClusterId{value='69ba5e84b072efedc12cd750', description='Cluster0'}-srv-cluster0.b7jb1jb.mongodb.net] --- INFO  --- org.mongodb.driver.cluster -------- Adding discovered server ac-jcz0paw-shard-00-01.b7jb1jb.mongodb.net:27017 to client view of cluster 
13:42:52.870 -------- [cluster-ClusterId{value='69ba5e84b072efedc12cd750', description='Cluster0'}-srv-cluster0.b7jb1jb.mongodb.net] --- INFO  --- org.mongodb.driver.cluster -------- Adding discovered server ac-jcz0paw-shard-00-02.b7jb1jb.mongodb.net:27017 to client view of cluster 
13:42:52.892 -------- [restartedMain] --- INFO  --- o.s.b.d.a.OptionalLiveReloadServer -------- LiveReload server is running on port 35729 
13:42:53.057 -------- [restartedMain] --- INFO  --- org.mongodb.driver.cluster -------- Waiting for server to become available for operation with ID 5. Remaining time: 29993 ms. Selector: WritableServerSelector, topology description: {type=REPLICA_SET, servers=[{address=ac-jcz0paw-shard-00-01.b7jb1jb.mongodb.net:27017, type=UNKNOWN, state=CONNECTING}, {address=ac-jcz0paw-shard-00-02.b7jb1jb.mongodb.net:27017, type=UNKNOWN, state=CONNECTING}, {address=ac-jcz0paw-shard-00-00.b7jb1jb.mongodb.net:27017, type=UNKNOWN, state=CONNECTING}]. 
13:42:53.282 -------- [cluster-ClusterId{value='69ba5e84b072efedc12cd750', description='Cluster0'}-ac-jcz0paw-shard-00-02.b7jb1jb.mongodb.net:27017] --- INFO  --- org.mongodb.driver.cluster -------- Monitor thread successfully connected to server with description ServerDescription{address=ac-jcz0paw-shard-00-02.b7jb1jb.mongodb.net:27017, type=REPLICA_SET_PRIMARY, cryptd=false, state=CONNECTED, ok=true, minWireVersion=0, maxWireVersion=25, maxDocumentSize=16777216, logicalSessionTimeoutMinutes=30, roundTripTimeNanos=215538900, minRoundTripTimeNanos=0, setName='atlas-10vsg5-shard-0', canonicalAddress=ac-jcz0paw-shard-00-02.b7jb1jb.mongodb.net:27017, hosts=[ac-jcz0paw-shard-00-01.b7jb1jb.mongodb.net:27017, ac-jcz0paw-shard-00-02.b7jb1jb.mongodb.net:27017, ac-jcz0paw-shard-00-00.b7jb1jb.mongodb.net:27017], passives=[], arbiters=[], primary='ac-jcz0paw-shard-00-02.b7jb1jb.mongodb.net:27017', tagSet=TagSet{[Tag{name='availabilityZone', value='aps1-az2'}, Tag{name='diskState', value='READY'}, Tag{name='nodeType', value='ELECTABLE'}, Tag{name='provider', value='AWS'}, Tag{name='region', value='AP_SOUTH_1'}, Tag{name='workloadType', value='OPERATIONAL'}]}, electionId=7fffffff00000000000000dc, setVersion=57, topologyVersion=TopologyVersion{processId=69b311ad332d80e6a3807b8e, counter=6}, lastWriteDate=Wed Mar 18 13:42:53 IST 2026, lastUpdateTimeNanos=1609369422018700} 
13:42:53.282 -------- [cluster-ClusterId{value='69ba5e84b072efedc12cd750', description='Cluster0'}-ac-jcz0paw-shard-00-00.b7jb1jb.mongodb.net:27017] --- INFO  --- org.mongodb.driver.cluster -------- Monitor thread successfully connected to server with description ServerDescription{address=ac-jcz0paw-shard-00-00.b7jb1jb.mongodb.net:27017, type=REPLICA_SET_SECONDARY, cryptd=false, state=CONNECTED, ok=true, minWireVersion=0, maxWireVersion=25, maxDocumentSize=16777216, logicalSessionTimeoutMinutes=30, roundTripTimeNanos=215538900, minRoundTripTimeNanos=0, setName='atlas-10vsg5-shard-0', canonicalAddress=ac-jcz0paw-shard-00-00.b7jb1jb.mongodb.net:27017, hosts=[ac-jcz0paw-shard-00-01.b7jb1jb.mongodb.net:27017, ac-jcz0paw-shard-00-02.b7jb1jb.mongodb.net:27017, ac-jcz0paw-shard-00-00.b7jb1jb.mongodb.net:27017], passives=[], arbiters=[], primary='ac-jcz0paw-shard-00-02.b7jb1jb.mongodb.net:27017', tagSet=TagSet{[Tag{name='availabilityZone', value='aps1-az1'}, Tag{name='diskState', value='READY'}, Tag{name='nodeType', value='ELECTABLE'}, Tag{name='provider', value='AWS'}, Tag{name='region', value='AP_SOUTH_1'}, Tag{name='workloadType', value='OPERATIONAL'}]}, electionId=null, setVersion=57, topologyVersion=TopologyVersion{processId=69b30fd5ea006f2a16d8bf3e, counter=4}, lastWriteDate=Wed Mar 18 13:42:53 IST 2026, lastUpdateTimeNanos=1609369422018700} 
13:42:53.282 -------- [cluster-ClusterId{value='69ba5e84b072efedc12cd750', description='Cluster0'}-ac-jcz0paw-shard-00-01.b7jb1jb.mongodb.net:27017] --- INFO  --- org.mongodb.driver.cluster -------- Monitor thread successfully connected to server with description ServerDescription{address=ac-jcz0paw-shard-00-01.b7jb1jb.mongodb.net:27017, type=REPLICA_SET_SECONDARY, cryptd=false, state=CONNECTED, ok=true, minWireVersion=0, maxWireVersion=25, maxDocumentSize=16777216, logicalSessionTimeoutMinutes=30, roundTripTimeNanos=215542600, minRoundTripTimeNanos=0, setName='atlas-10vsg5-shard-0', canonicalAddress=ac-jcz0paw-shard-00-01.b7jb1jb.mongodb.net:27017, hosts=[ac-jcz0paw-shard-00-01.b7jb1jb.mongodb.net:27017, ac-jcz0paw-shard-00-02.b7jb1jb.mongodb.net:27017, ac-jcz0paw-shard-00-00.b7jb1jb.mongodb.net:27017], passives=[], arbiters=[], primary='ac-jcz0paw-shard-00-02.b7jb1jb.mongodb.net:27017', tagSet=TagSet{[Tag{name='availabilityZone', value='aps1-az3'}, Tag{name='diskState', value='READY'}, Tag{name='nodeType', value='ELECTABLE'}, Tag{name='provider', value='AWS'}, Tag{name='region', value='AP_SOUTH_1'}, Tag{name='workloadType', value='OPERATIONAL'}]}, electionId=null, setVersion=57, topologyVersion=TopologyVersion{processId=69b3142d06876aecd9b70acd, counter=3}, lastWriteDate=Wed Mar 18 13:42:53 IST 2026, lastUpdateTimeNanos=1609369422022300} 
13:42:53.286 -------- [cluster-ClusterId{value='69ba5e84b072efedc12cd750', description='Cluster0'}-ac-jcz0paw-shard-00-02.b7jb1jb.mongodb.net:27017] --- INFO  --- org.mongodb.driver.cluster -------- Discovered replica set primary ac-jcz0paw-shard-00-02.b7jb1jb.mongodb.net:27017 with max election id 7fffffff00000000000000dc and max set version 57 
13:42:54.379 -------- [restartedMain] --- INFO  --- o.s.s.c.a.a.c.InitializeAuthenticationProviderBeanManagerConfigurer$InitializeAuthenticationProviderManagerConfigurer -------- Global AuthenticationManager configured with AuthenticationProvider bean with name authenticationProvider 
13:42:54.379 -------- [restartedMain] --- WARN  --- o.s.s.c.a.a.c.InitializeUserDetailsBeanManagerConfigurer$InitializeUserDetailsManagerConfigurer -------- Global AuthenticationManager configured with an AuthenticationProvider bean. UserDetailsService beans will not be used by Spring Security for automatically configuring username/password login. Consider removing the AuthenticationProvider bean. Alternatively, consider using the UserDetailsService in a manually instantiated DaoAuthenticationProvider. If the current configuration is intentional, to turn off this warning, increase the logging level of 'org.springframework.security.config.annotation.authentication.configuration.InitializeUserDetailsBeanManagerConfigurer' to ERROR 
13:42:54.482 -------- [restartedMain] --- DEBUG --- o.s.s.web.DefaultSecurityFilterChain -------- Will secure any request with filters: DisableEncodeUrlFilter, WebAsyncManagerIntegrationFilter, SecurityContextHolderFilter, HeaderWriterFilter, LogoutFilter, BasicAuthenticationFilter, RequestCacheAwareFilter, SecurityContextHolderAwareRequestFilter, AnonymousAuthenticationFilter, ExceptionTranslationFilter, AuthorizationFilter 
13:42:54.763 -------- [restartedMain] --- INFO  --- o.a.coyote.http11.Http11NioProtocol -------- Starting ProtocolHandler ["http-nio-8080"] 
13:42:54.789 -------- [restartedMain] --- INFO  --- o.s.b.w.e.tomcat.TomcatWebServer -------- Tomcat started on port 8080 (http) with context path '/' 
13:42:54.804 -------- [restartedMain] --- INFO  --- c.app.journal.JournalAppApplication -------- Started JournalAppApplication in 4.36 seconds (process running for 4.935) 
13:42:59.533 -------- [http-nio-8080-exec-1] --- INFO  --- o.a.c.c.C.[Tomcat].[localhost].[/] -------- Initializing Spring DispatcherServlet 'dispatcherServlet' 
13:42:59.534 -------- [http-nio-8080-exec-1] --- INFO  --- o.s.web.servlet.DispatcherServlet -------- Initializing Servlet 'dispatcherServlet' 
13:42:59.535 -------- [http-nio-8080-exec-1] --- INFO  --- o.s.web.servlet.DispatcherServlet -------- Completed initialization in 1 ms 
13:42:59.558 -------- [http-nio-8080-exec-1] --- DEBUG --- o.s.security.web.FilterChainProxy -------- Securing GET /user/get-weather 
13:42:59.763 -------- [http-nio-8080-exec-1] --- DEBUG --- o.s.s.a.d.DaoAuthenticationProvider -------- Authenticated user 
13:42:59.764 -------- [http-nio-8080-exec-1] --- DEBUG --- o.s.s.w.a.w.BasicAuthenticationFilter -------- Set SecurityContextHolder to UsernamePasswordAuthenticationToken [Principal=org.springframework.security.core.userdetails.User [Username=david, Password=[PROTECTED], Enabled=true, AccountNonExpired=true, CredentialsNonExpired=true, AccountNonLocked=true, Granted Authorities=[ROLE_ADMIN, ROLE_USER]], Credentials=[PROTECTED], Authenticated=true, Details=WebAuthenticationDetails [RemoteIpAddress=0:0:0:0:0:0:0:1, SessionId=null], Granted Authorities=[ROLE_ADMIN, ROLE_USER]] 
13:42:59.767 -------- [http-nio-8080-exec-1] --- DEBUG --- o.s.security.web.FilterChainProxy -------- Secured GET /user/get-weather 
13:42:59.789 -------- [http-nio-8080-exec-1] --- INFO  --- c.app.journal.service.RedisService -------- Redis GET called for key: weather_of_Chennai 
13:43:00.342 -------- [http-nio-8080-exec-1] --- WARN  --- c.app.journal.service.RedisService -------- Cache MISS for key: weather_of_Chennai 
13:43:01.232 -------- [http-nio-8080-exec-1] --- INFO  --- c.app.journal.service.RedisService -------- Redis SET called for key: weather_of_Chennai with TTL: 300 
13:43:01.264 -------- [http-nio-8080-exec-1] --- INFO  --- c.app.journal.service.RedisService -------- Data stored successfully in Redis for key: weather_of_Chennai 
13:46:40.434 -------- [SpringApplicationShutdownHook] --- INFO  --- o.s.b.w.e.tomcat.GracefulShutdown -------- Commencing graceful shutdown. Waiting for active requests to complete 
13:46:40.641 -------- [tomcat-shutdown] --- INFO  --- o.s.b.w.e.tomcat.GracefulShutdown -------- Graceful shutdown complete 
13:46:59.211 -------- [restartedMain] --- INFO  --- c.app.journal.JournalAppApplication -------- Starting JournalAppApplication using Java 17.0.18 with PID 48956 (C:\Users\hp\Desktop\Study\Java-programs\JournalApplication\journal\target\classes started by hp in C:\Users\hp\Desktop\Study\Java-programs\JournalApplication) 
13:46:59.213 -------- [restartedMain] --- DEBUG --- c.app.journal.JournalAppApplication -------- Running with Spring Boot v3.5.11, Spring v6.2.16 
13:46:59.214 -------- [restartedMain] --- INFO  --- c.app.journal.JournalAppApplication -------- No active profile set, falling back to 1 default profile: "default" 
13:46:59.291 -------- [restartedMain] --- INFO  --- o.s.b.d.e.DevToolsPropertyDefaultsPostProcessor -------- Devtools property defaults active! Set 'spring.devtools.add-properties' to 'false' to disable 
13:46:59.292 -------- [restartedMain] --- INFO  --- o.s.b.d.e.DevToolsPropertyDefaultsPostProcessor -------- For additional web related logging consider setting the 'logging.level.web' property to 'DEBUG' 
13:47:00.103 -------- [restartedMain] --- INFO  --- o.s.d.r.c.RepositoryConfigurationDelegate -------- Multiple Spring Data modules found, entering strict repository configuration mode 
13:47:00.105 -------- [restartedMain] --- INFO  --- o.s.d.r.c.RepositoryConfigurationDelegate -------- Bootstrapping Spring Data MongoDB repositories in DEFAULT mode. 
13:47:00.225 -------- [restartedMain] --- INFO  --- o.s.d.r.c.RepositoryConfigurationDelegate -------- Finished Spring Data repository scanning in 115 ms. Found 3 MongoDB repository interfaces. 
13:47:00.240 -------- [restartedMain] --- INFO  --- o.s.d.r.c.RepositoryConfigurationDelegate -------- Multiple Spring Data modules found, entering strict repository configuration mode 
13:47:00.241 -------- [restartedMain] --- INFO  --- o.s.d.r.c.RepositoryConfigurationDelegate -------- Bootstrapping Spring Data Redis repositories in DEFAULT mode. 
13:47:00.254 -------- [restartedMain] --- INFO  --- o.s.d.r.c.RepositoryConfigurationExtensionSupport -------- Spring Data Redis - Could not safely identify store assignment for repository candidate interface com.app.journal.repository.ConfigJournalAppRepository; If you want this repository to be a Redis repository, consider annotating your entities with one of these annotations: org.springframework.data.redis.core.RedisHash (preferred), or consider extending one of the following types with your repository: org.springframework.data.keyvalue.repository.KeyValueRepository 
13:47:00.255 -------- [restartedMain] --- INFO  --- o.s.d.r.c.RepositoryConfigurationExtensionSupport -------- Spring Data Redis - Could not safely identify store assignment for repository candidate interface com.app.journal.repository.JournalEntryRepository; If you want this repository to be a Redis repository, consider annotating your entities with one of these annotations: org.springframework.data.redis.core.RedisHash (preferred), or consider extending one of the following types with your repository: org.springframework.data.keyvalue.repository.KeyValueRepository 
13:47:00.255 -------- [restartedMain] --- INFO  --- o.s.d.r.c.RepositoryConfigurationExtensionSupport -------- Spring Data Redis - Could not safely identify store assignment for repository candidate interface com.app.journal.repository.UserRepository; If you want this repository to be a Redis repository, consider annotating your entities with one of these annotations: org.springframework.data.redis.core.RedisHash (preferred), or consider extending one of the following types with your repository: org.springframework.data.keyvalue.repository.KeyValueRepository 
13:47:00.255 -------- [restartedMain] --- INFO  --- o.s.d.r.c.RepositoryConfigurationDelegate -------- Finished Spring Data repository scanning in 7 ms. Found 0 Redis repository interfaces. 
13:47:00.849 -------- [restartedMain] --- INFO  --- o.s.b.w.e.tomcat.TomcatWebServer -------- Tomcat initialized with port 8080 (http) 
13:47:00.863 -------- [restartedMain] --- INFO  --- o.a.coyote.http11.Http11NioProtocol -------- Initializing ProtocolHandler ["http-nio-8080"] 
13:47:00.866 -------- [restartedMain] --- INFO  --- o.a.catalina.core.StandardService -------- Starting service [Tomcat] 
13:47:00.867 -------- [restartedMain] --- INFO  --- o.a.catalina.core.StandardEngine -------- Starting Servlet engine: [Apache Tomcat/10.1.52] 
13:47:00.912 -------- [restartedMain] --- INFO  --- o.a.c.c.C.[Tomcat].[localhost].[/] -------- Initializing Spring embedded WebApplicationContext 
13:47:00.913 -------- [restartedMain] --- INFO  --- o.s.b.w.s.c.ServletWebServerApplicationContext -------- Root WebApplicationContext: initialization completed in 1621 ms 
13:47:01.367 -------- [restartedMain] --- INFO  --- org.mongodb.driver.client -------- MongoClient with metadata {"application": {"name": "Cluster0"}, "driver": {"name": "mongo-java-driver|sync|spring-boot", "version": "5.5.2"}, "os": {"type": "Windows", "name": "Windows 11", "architecture": "amd64", "version": "10.0"}, "platform": "Java/Microsoft/17.0.18+8-LTS"} created with settings MongoClientSettings{readPreference=primary, writeConcern=WriteConcern{w=null, wTimeout=null ms, journal=null}, retryWrites=true, retryReads=true, readConcern=ReadConcern{level=null}, credential=MongoCredential{mechanism=null, userName='mailmerajansari_db_user', source='admin', password=<hidden>, mechanismProperties=<hidden>}, transportSettings=null, commandListeners=[], codecRegistry=ProvidersCodecRegistry{codecProviders=[ValueCodecProvider{}, BsonValueCodecProvider{}, DBRefCodecProvider{}, DBObjectCodecProvider{}, DocumentCodecProvider{}, CollectionCodecProvider{}, IterableCodecProvider{}, MapCodecProvider{}, GeoJsonCodecProvider{}, GridFSFileCodecProvider{}, Jsr310CodecProvider{}, JsonObjectCodecProvider{}, BsonCodecProvider{}, EnumCodecProvider{}, com.mongodb.client.model.mql.ExpressionCodecProvider@716eed61, com.mongodb.Jep395RecordCodecProvider@37e2404c, com.mongodb.KotlinCodecProvider@50d70560]}, loggerSettings=LoggerSettings{maxDocumentLength=1000}, clusterSettings={hosts=[127.0.0.1:27017], srvHost=cluster0.b7jb1jb.mongodb.net, srvServiceName=mongodb, mode=MULTIPLE, requiredClusterType=REPLICA_SET, requiredReplicaSetName='atlas-10vsg5-shard-0', serverSelector='null', clusterListeners='[]', serverSelectionTimeout='30000 ms', localThreshold='15 ms'}, socketSettings=SocketSettings{connectTimeoutMS=10000, readTimeoutMS=0, receiveBufferSize=0, proxySettings=ProxySettings{host=null, port=null, username=null, password=null}}, heartbeatSocketSettings=SocketSettings{connectTimeoutMS=10000, readTimeoutMS=10000, receiveBufferSize=0, proxySettings=ProxySettings{host=null, port=null, username=null, password=null}}, connectionPoolSettings=ConnectionPoolSettings{maxSize=100, minSize=0, maxWaitTimeMS=120000, maxConnectionLifeTimeMS=0, maxConnectionIdleTimeMS=0, maintenanceInitialDelayMS=0, maintenanceFrequencyMS=60000, connectionPoolListeners=[], maxConnecting=2}, serverSettings=ServerSettings{heartbeatFrequencyMS=10000, minHeartbeatFrequencyMS=500, serverMonitoringMode=AUTO, serverListeners='[]', serverMonitorListeners='[]'}, sslSettings=SslSettings{enabled=true, invalidHostNameAllowed=false, context=null}, applicationName='Cluster0', compressorList=[], uuidRepresentation=JAVA_LEGACY, serverApi=null, autoEncryptionSettings=null, dnsClient=null, inetAddressResolver=null, contextProvider=null, timeoutMS=null} 
13:47:01.375 -------- [cluster-ClusterId{value='69ba5f7d7aaa553e51908492', description='Cluster0'}-srv-cluster0.b7jb1jb.mongodb.net] --- INFO  --- org.mongodb.driver.cluster -------- Adding discovered server ac-jcz0paw-shard-00-00.b7jb1jb.mongodb.net:27017 to client view of cluster 
13:47:01.408 -------- [cluster-ClusterId{value='69ba5f7d7aaa553e51908492', description='Cluster0'}-srv-cluster0.b7jb1jb.mongodb.net] --- INFO  --- org.mongodb.driver.cluster -------- Adding discovered server ac-jcz0paw-shard-00-01.b7jb1jb.mongodb.net:27017 to client view of cluster 
13:47:01.410 -------- [cluster-ClusterId{value='69ba5f7d7aaa553e51908492', description='Cluster0'}-srv-cluster0.b7jb1jb.mongodb.net] --- INFO  --- org.mongodb.driver.cluster -------- Adding discovered server ac-jcz0paw-shard-00-02.b7jb1jb.mongodb.net:27017 to client view of cluster 
13:47:01.587 -------- [restartedMain] --- INFO  --- o.s.b.d.a.OptionalLiveReloadServer -------- LiveReload server is running on port 35729 
13:47:01.725 -------- [restartedMain] --- INFO  --- org.mongodb.driver.cluster -------- Waiting for server to become available for operation with ID 5. Remaining time: 29993 ms. Selector: WritableServerSelector, topology description: {type=REPLICA_SET, servers=[{address=ac-jcz0paw-shard-00-01.b7jb1jb.mongodb.net:27017, type=UNKNOWN, state=CONNECTING}, {address=ac-jcz0paw-shard-00-02.b7jb1jb.mongodb.net:27017, type=UNKNOWN, state=CONNECTING}, {address=ac-jcz0paw-shard-00-00.b7jb1jb.mongodb.net:27017, type=UNKNOWN, state=CONNECTING}]. 
13:47:01.853 -------- [cluster-ClusterId{value='69ba5f7d7aaa553e51908492', description='Cluster0'}-ac-jcz0paw-shard-00-02.b7jb1jb.mongodb.net:27017] --- INFO  --- org.mongodb.driver.cluster -------- Monitor thread successfully connected to server with description ServerDescription{address=ac-jcz0paw-shard-00-02.b7jb1jb.mongodb.net:27017, type=REPLICA_SET_PRIMARY, cryptd=false, state=CONNECTED, ok=true, minWireVersion=0, maxWireVersion=25, maxDocumentSize=16777216, logicalSessionTimeoutMinutes=30, roundTripTimeNanos=249796100, minRoundTripTimeNanos=0, setName='atlas-10vsg5-shard-0', canonicalAddress=ac-jcz0paw-shard-00-02.b7jb1jb.mongodb.net:27017, hosts=[ac-jcz0paw-shard-00-01.b7jb1jb.mongodb.net:27017, ac-jcz0paw-shard-00-02.b7jb1jb.mongodb.net:27017, ac-jcz0paw-shard-00-00.b7jb1jb.mongodb.net:27017], passives=[], arbiters=[], primary='ac-jcz0paw-shard-00-02.b7jb1jb.mongodb.net:27017', tagSet=TagSet{[Tag{name='availabilityZone', value='aps1-az2'}, Tag{name='diskState', value='READY'}, Tag{name='nodeType', value='ELECTABLE'}, Tag{name='provider', value='AWS'}, Tag{name='region', value='AP_SOUTH_1'}, Tag{name='workloadType', value='OPERATIONAL'}]}, electionId=7fffffff00000000000000dc, setVersion=57, topologyVersion=TopologyVersion{processId=69b311ad332d80e6a3807b8e, counter=6}, lastWriteDate=Wed Mar 18 13:47:02 IST 2026, lastUpdateTimeNanos=1609617992932900} 
13:47:01.853 -------- [cluster-ClusterId{value='69ba5f7d7aaa553e51908492', description='Cluster0'}-ac-jcz0paw-shard-00-01.b7jb1jb.mongodb.net:27017] --- INFO  --- org.mongodb.driver.cluster -------- Monitor thread successfully connected to server with description ServerDescription{address=ac-jcz0paw-shard-00-01.b7jb1jb.mongodb.net:27017, type=REPLICA_SET_SECONDARY, cryptd=false, state=CONNECTED, ok=true, minWireVersion=0, maxWireVersion=25, maxDocumentSize=16777216, logicalSessionTimeoutMinutes=30, roundTripTimeNanos=249797200, minRoundTripTimeNanos=0, setName='atlas-10vsg5-shard-0', canonicalAddress=ac-jcz0paw-shard-00-01.b7jb1jb.mongodb.net:27017, hosts=[ac-jcz0paw-shard-00-01.b7jb1jb.mongodb.net:27017, ac-jcz0paw-shard-00-02.b7jb1jb.mongodb.net:27017, ac-jcz0paw-shard-00-00.b7jb1jb.mongodb.net:27017], passives=[], arbiters=[], primary='ac-jcz0paw-shard-00-02.b7jb1jb.mongodb.net:27017', tagSet=TagSet{[Tag{name='availabilityZone', value='aps1-az3'}, Tag{name='diskState', value='READY'}, Tag{name='nodeType', value='ELECTABLE'}, Tag{name='provider', value='AWS'}, Tag{name='region', value='AP_SOUTH_1'}, Tag{name='workloadType', value='OPERATIONAL'}]}, electionId=null, setVersion=57, topologyVersion=TopologyVersion{processId=69b3142d06876aecd9b70acd, counter=3}, lastWriteDate=Wed Mar 18 13:47:02 IST 2026, lastUpdateTimeNanos=1609617992932900} 
13:47:01.854 -------- [cluster-ClusterId{value='69ba5f7d7aaa553e51908492', description='Cluster0'}-ac-jcz0paw-shard-00-00.b7jb1jb.mongodb.net:27017] --- INFO  --- org.mongodb.driver.cluster -------- Monitor thread successfully connected to server with description ServerDescription{address=ac-jcz0paw-shard-00-00.b7jb1jb.mongodb.net:27017, type=REPLICA_SET_SECONDARY, cryptd=false, state=CONNECTED, ok=true, minWireVersion=0, maxWireVersion=25, maxDocumentSize=16777216, logicalSessionTimeoutMinutes=30, roundTripTimeNanos=249796500, minRoundTripTimeNanos=0, setName='atlas-10vsg5-shard-0', canonicalAddress=ac-jcz0paw-shard-00-00.b7jb1jb.mongodb.net:27017, hosts=[ac-jcz0paw-shard-00-01.b7jb1jb.mongodb.net:27017, ac-jcz0paw-shard-00-02.b7jb1jb.mongodb.net:27017, ac-jcz0paw-shard-00-00.b7jb1jb.mongodb.net:27017], passives=[], arbiters=[], primary='ac-jcz0paw-shard-00-02.b7jb1jb.mongodb.net:27017', tagSet=TagSet{[Tag{name='availabilityZone', value='aps1-az1'}, Tag{name='diskState', value='READY'}, Tag{name='nodeType', value='ELECTABLE'}, Tag{name='provider', value='AWS'}, Tag{name='region', value='AP_SOUTH_1'}, Tag{name='workloadType', value='OPERATIONAL'}]}, electionId=null, setVersion=57, topologyVersion=TopologyVersion{processId=69b30fd5ea006f2a16d8bf3e, counter=4}, lastWriteDate=Wed Mar 18 13:47:02 IST 2026, lastUpdateTimeNanos=1609617992932900} 
13:47:01.857 -------- [cluster-ClusterId{value='69ba5f7d7aaa553e51908492', description='Cluster0'}-ac-jcz0paw-shard-00-02.b7jb1jb.mongodb.net:27017] --- INFO  --- org.mongodb.driver.cluster -------- Discovered replica set primary ac-jcz0paw-shard-00-02.b7jb1jb.mongodb.net:27017 with max election id 7fffffff00000000000000dc and max set version 57 
13:47:02.305 -------- [restartedMain] --- INFO  --- com.app.journal.config.RedisConfig -------- Connected Redis Host: redis-10391.crce286.ap-south-1-1.ec2.cloud.redislabs.com 
13:47:02.307 -------- [restartedMain] --- INFO  --- com.app.journal.config.RedisConfig -------- Connected Redis Port: 10391 
13:47:02.943 -------- [restartedMain] --- INFO  --- o.s.s.c.a.a.c.InitializeAuthenticationProviderBeanManagerConfigurer$InitializeAuthenticationProviderManagerConfigurer -------- Global AuthenticationManager configured with AuthenticationProvider bean with name authenticationProvider 
13:47:02.944 -------- [restartedMain] --- WARN  --- o.s.s.c.a.a.c.InitializeUserDetailsBeanManagerConfigurer$InitializeUserDetailsManagerConfigurer -------- Global AuthenticationManager configured with an AuthenticationProvider bean. UserDetailsService beans will not be used by Spring Security for automatically configuring username/password login. Consider removing the AuthenticationProvider bean. Alternatively, consider using the UserDetailsService in a manually instantiated DaoAuthenticationProvider. If the current configuration is intentional, to turn off this warning, increase the logging level of 'org.springframework.security.config.annotation.authentication.configuration.InitializeUserDetailsBeanManagerConfigurer' to ERROR 
13:47:03.052 -------- [restartedMain] --- DEBUG --- o.s.s.web.DefaultSecurityFilterChain -------- Will secure any request with filters: DisableEncodeUrlFilter, WebAsyncManagerIntegrationFilter, SecurityContextHolderFilter, HeaderWriterFilter, LogoutFilter, BasicAuthenticationFilter, RequestCacheAwareFilter, SecurityContextHolderAwareRequestFilter, AnonymousAuthenticationFilter, ExceptionTranslationFilter, AuthorizationFilter 
13:47:03.332 -------- [restartedMain] --- INFO  --- o.a.coyote.http11.Http11NioProtocol -------- Starting ProtocolHandler ["http-nio-8080"] 
13:47:03.362 -------- [restartedMain] --- INFO  --- o.s.b.w.e.tomcat.TomcatWebServer -------- Tomcat started on port 8080 (http) with context path '/' 
13:47:03.376 -------- [restartedMain] --- INFO  --- c.app.journal.JournalAppApplication -------- Started JournalAppApplication in 4.571 seconds (process running for 5.146) 
13:47:18.470 -------- [http-nio-8080-exec-2] --- INFO  --- o.a.c.c.C.[Tomcat].[localhost].[/] -------- Initializing Spring DispatcherServlet 'dispatcherServlet' 
13:47:18.472 -------- [http-nio-8080-exec-2] --- INFO  --- o.s.web.servlet.DispatcherServlet -------- Initializing Servlet 'dispatcherServlet' 
13:47:18.474 -------- [http-nio-8080-exec-2] --- INFO  --- o.s.web.servlet.DispatcherServlet -------- Completed initialization in 2 ms 
13:47:18.516 -------- [http-nio-8080-exec-2] --- DEBUG --- o.s.security.web.FilterChainProxy -------- Securing GET /user/get-weather 
13:47:18.766 -------- [http-nio-8080-exec-2] --- DEBUG --- o.s.s.a.d.DaoAuthenticationProvider -------- Authenticated user 
13:47:18.767 -------- [http-nio-8080-exec-2] --- DEBUG --- o.s.s.w.a.w.BasicAuthenticationFilter -------- Set SecurityContextHolder to UsernamePasswordAuthenticationToken [Principal=org.springframework.security.core.userdetails.User [Username=david, Password=[PROTECTED], Enabled=true, AccountNonExpired=true, CredentialsNonExpired=true, AccountNonLocked=true, Granted Authorities=[ROLE_ADMIN, ROLE_USER]], Credentials=[PROTECTED], Authenticated=true, Details=WebAuthenticationDetails [RemoteIpAddress=0:0:0:0:0:0:0:1, SessionId=null], Granted Authorities=[ROLE_ADMIN, ROLE_USER]] 
13:47:18.770 -------- [http-nio-8080-exec-2] --- DEBUG --- o.s.security.web.FilterChainProxy -------- Secured GET /user/get-weather 
13:47:18.794 -------- [http-nio-8080-exec-2] --- INFO  --- c.app.journal.service.RedisService -------- Redis GET called for key: weather_of_Chennai 
13:47:19.403 -------- [http-nio-8080-exec-2] --- INFO  --- c.app.journal.service.RedisService -------- Cache HIT for key: weather_of_Chennai 
13:56:28.195 -------- [cluster-ClusterId{value='69ba5f7d7aaa553e51908492', description='Cluster0'}-ac-jcz0paw-shard-00-00.b7jb1jb.mongodb.net:27017] --- INFO  --- org.mongodb.driver.cluster -------- Exception in monitor thread while connecting to server ac-jcz0paw-shard-00-00.b7jb1jb.mongodb.net:27017 
com.mongodb.MongoSocketReadException: Exception receiving message
	at com.mongodb.internal.connection.InternalStreamConnection.translateReadException(InternalStreamConnection.java:809)
	at com.mongodb.internal.connection.InternalStreamConnection.receiveResponseBuffers(InternalStreamConnection.java:857)
	at com.mongodb.internal.connection.InternalStreamConnection.receiveCommandMessageResponse(InternalStreamConnection.java:517)
	at com.mongodb.internal.connection.InternalStreamConnection.receive(InternalStreamConnection.java:469)
	at com.mongodb.internal.connection.DefaultServerMonitor$ServerMonitor.lookupServerDescription(DefaultServerMonitor.java:249)
	at com.mongodb.internal.connection.DefaultServerMonitor$ServerMonitor.run(DefaultServerMonitor.java:176)
Caused by: java.net.SocketException: Connection reset
	at java.base/sun.nio.ch.NioSocketImpl.implRead(NioSocketImpl.java:328)
	at java.base/sun.nio.ch.NioSocketImpl.read(NioSocketImpl.java:355)
	at java.base/sun.nio.ch.NioSocketImpl$1.read(NioSocketImpl.java:808)
	at java.base/java.net.Socket$SocketInputStream.read(Socket.java:966)
	at java.base/sun.security.ssl.SSLSocketInputRecord.read(SSLSocketInputRecord.java:484)
	at java.base/sun.security.ssl.SSLSocketInputRecord.readHeader(SSLSocketInputRecord.java:478)
	at java.base/sun.security.ssl.SSLSocketInputRecord.bytesInCompletePacket(SSLSocketInputRecord.java:70)
	at java.base/sun.security.ssl.SSLSocketImpl.readApplicationRecord(SSLSocketImpl.java:1465)
	at java.base/sun.security.ssl.SSLSocketImpl$AppInputStream.read(SSLSocketImpl.java:1069)
	at com.mongodb.internal.connection.SocketStream.read(SocketStream.java:182)
	at com.mongodb.internal.connection.InternalStreamConnection.receiveResponseBuffers(InternalStreamConnection.java:824)
	... 4 common frames omitted
13:56:28.195 -------- [cluster-ClusterId{value='69ba5f7d7aaa553e51908492', description='Cluster0'}-ac-jcz0paw-shard-00-01.b7jb1jb.mongodb.net:27017] --- INFO  --- org.mongodb.driver.cluster -------- Exception in monitor thread while connecting to server ac-jcz0paw-shard-00-01.b7jb1jb.mongodb.net:27017 
com.mongodb.MongoSocketReadException: Exception receiving message
	at com.mongodb.internal.connection.InternalStreamConnection.translateReadException(InternalStreamConnection.java:809)
	at com.mongodb.internal.connection.InternalStreamConnection.receiveResponseBuffers(InternalStreamConnection.java:857)
	at com.mongodb.internal.connection.InternalStreamConnection.receiveCommandMessageResponse(InternalStreamConnection.java:517)
	at com.mongodb.internal.connection.InternalStreamConnection.receive(InternalStreamConnection.java:469)
	at com.mongodb.internal.connection.DefaultServerMonitor$ServerMonitor.lookupServerDescription(DefaultServerMonitor.java:249)
	at com.mongodb.internal.connection.DefaultServerMonitor$ServerMonitor.run(DefaultServerMonitor.java:176)
Caused by: java.net.SocketException: Connection reset
	at java.base/sun.nio.ch.NioSocketImpl.implRead(NioSocketImpl.java:328)
	at java.base/sun.nio.ch.NioSocketImpl.read(NioSocketImpl.java:355)
	at java.base/sun.nio.ch.NioSocketImpl$1.read(NioSocketImpl.java:808)
	at java.base/java.net.Socket$SocketInputStream.read(Socket.java:966)
	at java.base/sun.security.ssl.SSLSocketInputRecord.read(SSLSocketInputRecord.java:484)
	at java.base/sun.security.ssl.SSLSocketInputRecord.readHeader(SSLSocketInputRecord.java:478)
	at java.base/sun.security.ssl.SSLSocketInputRecord.bytesInCompletePacket(SSLSocketInputRecord.java:70)
	at java.base/sun.security.ssl.SSLSocketImpl.readApplicationRecord(SSLSocketImpl.java:1465)
	at java.base/sun.security.ssl.SSLSocketImpl$AppInputStream.read(SSLSocketImpl.java:1069)
	at com.mongodb.internal.connection.SocketStream.read(SocketStream.java:182)
	at com.mongodb.internal.connection.InternalStreamConnection.receiveResponseBuffers(InternalStreamConnection.java:824)
	... 4 common frames omitted
13:56:28.195 -------- [cluster-ClusterId{value='69ba5f7d7aaa553e51908492', description='Cluster0'}-ac-jcz0paw-shard-00-02.b7jb1jb.mongodb.net:27017] --- INFO  --- org.mongodb.driver.cluster -------- Exception in monitor thread while connecting to server ac-jcz0paw-shard-00-02.b7jb1jb.mongodb.net:27017 
com.mongodb.MongoSocketReadException: Exception receiving message
	at com.mongodb.internal.connection.InternalStreamConnection.translateReadException(InternalStreamConnection.java:809)
	at com.mongodb.internal.connection.InternalStreamConnection.receiveResponseBuffers(InternalStreamConnection.java:857)
	at com.mongodb.internal.connection.InternalStreamConnection.receiveCommandMessageResponse(InternalStreamConnection.java:517)
	at com.mongodb.internal.connection.InternalStreamConnection.receive(InternalStreamConnection.java:469)
	at com.mongodb.internal.connection.DefaultServerMonitor$ServerMonitor.lookupServerDescription(DefaultServerMonitor.java:249)
	at com.mongodb.internal.connection.DefaultServerMonitor$ServerMonitor.run(DefaultServerMonitor.java:176)
Caused by: java.net.SocketException: Connection reset
	at java.base/sun.nio.ch.NioSocketImpl.implRead(NioSocketImpl.java:328)
	at java.base/sun.nio.ch.NioSocketImpl.read(NioSocketImpl.java:355)
	at java.base/sun.nio.ch.NioSocketImpl$1.read(NioSocketImpl.java:808)
	at java.base/java.net.Socket$SocketInputStream.read(Socket.java:966)
	at java.base/sun.security.ssl.SSLSocketInputRecord.read(SSLSocketInputRecord.java:484)
	at java.base/sun.security.ssl.SSLSocketInputRecord.readHeader(SSLSocketInputRecord.java:478)
	at java.base/sun.security.ssl.SSLSocketInputRecord.bytesInCompletePacket(SSLSocketInputRecord.java:70)
	at java.base/sun.security.ssl.SSLSocketImpl.readApplicationRecord(SSLSocketImpl.java:1465)
	at java.base/sun.security.ssl.SSLSocketImpl$AppInputStream.read(SSLSocketImpl.java:1069)
	at com.mongodb.internal.connection.SocketStream.read(SocketStream.java:182)
	at com.mongodb.internal.connection.InternalStreamConnection.receiveResponseBuffers(InternalStreamConnection.java:824)
	... 4 common frames omitted
13:56:28.259 -------- [cluster-ClusterId{value='69ba5f7d7aaa553e51908492', description='Cluster0'}-ac-jcz0paw-shard-00-01.b7jb1jb.mongodb.net:27017] --- INFO  --- org.mongodb.driver.cluster -------- Exception in monitor thread while connecting to server ac-jcz0paw-shard-00-01.b7jb1jb.mongodb.net:27017 
com.mongodb.MongoSocketException: No such host is known (ac-jcz0paw-shard-00-01.b7jb1jb.mongodb.net)
	at com.mongodb.internal.connection.ServerAddressHelper.getSocketAddresses(ServerAddressHelper.java:75)
	at com.mongodb.internal.connection.SocketStream.initializeSocket(SocketStream.java:100)
	at com.mongodb.internal.connection.SocketStream.open(SocketStream.java:79)
	at com.mongodb.internal.connection.InternalStreamConnection.open(InternalStreamConnection.java:233)
	at com.mongodb.internal.connection.DefaultServerMonitor$ServerMonitor.lookupServerDescription(DefaultServerMonitor.java:219)
	at com.mongodb.internal.connection.DefaultServerMonitor$ServerMonitor.run(DefaultServerMonitor.java:176)
Caused by: java.net.UnknownHostException: No such host is known (ac-jcz0paw-shard-00-01.b7jb1jb.mongodb.net)
	at java.base/java.net.Inet6AddressImpl.lookupAllHostAddr(Native Method)
	at java.base/java.net.InetAddress$PlatformNameService.lookupAllHostAddr(InetAddress.java:934)
	at java.base/java.net.InetAddress.getAddressesFromNameService(InetAddress.java:1543)
	at java.base/java.net.InetAddress$NameServiceAddresses.get(InetAddress.java:852)
	at java.base/java.net.InetAddress.getAllByName0(InetAddress.java:1533)
	at java.base/java.net.InetAddress.getAllByName(InetAddress.java:1385)
	at java.base/java.net.InetAddress.getAllByName(InetAddress.java:1306)
	at com.mongodb.internal.connection.DefaultInetAddressResolver.lookupByName(DefaultInetAddressResolver.java:34)
	at com.mongodb.internal.connection.ServerAddressHelper.getSocketAddresses(ServerAddressHelper.java:71)
	... 5 common frames omitted
13:56:28.259 -------- [cluster-ClusterId{value='69ba5f7d7aaa553e51908492', description='Cluster0'}-ac-jcz0paw-shard-00-02.b7jb1jb.mongodb.net:27017] --- INFO  --- org.mongodb.driver.cluster -------- Exception in monitor thread while connecting to server ac-jcz0paw-shard-00-02.b7jb1jb.mongodb.net:27017 
com.mongodb.MongoSocketException: No such host is known (ac-jcz0paw-shard-00-02.b7jb1jb.mongodb.net)
	at com.mongodb.internal.connection.ServerAddressHelper.getSocketAddresses(ServerAddressHelper.java:75)
	at com.mongodb.internal.connection.SocketStream.initializeSocket(SocketStream.java:100)
	at com.mongodb.internal.connection.SocketStream.open(SocketStream.java:79)
	at com.mongodb.internal.connection.InternalStreamConnection.open(InternalStreamConnection.java:233)
	at com.mongodb.internal.connection.DefaultServerMonitor$ServerMonitor.lookupServerDescription(DefaultServerMonitor.java:219)
	at com.mongodb.internal.connection.DefaultServerMonitor$ServerMonitor.run(DefaultServerMonitor.java:176)
Caused by: java.net.UnknownHostException: No such host is known (ac-jcz0paw-shard-00-02.b7jb1jb.mongodb.net)
	at java.base/java.net.Inet6AddressImpl.lookupAllHostAddr(Native Method)
	at java.base/java.net.InetAddress$PlatformNameService.lookupAllHostAddr(InetAddress.java:934)
	at java.base/java.net.InetAddress.getAddressesFromNameService(InetAddress.java:1543)
	at java.base/java.net.InetAddress$NameServiceAddresses.get(InetAddress.java:852)
	at java.base/java.net.InetAddress.getAllByName0(InetAddress.java:1533)
	at java.base/java.net.InetAddress.getAllByName(InetAddress.java:1385)
	at java.base/java.net.InetAddress.getAllByName(InetAddress.java:1306)
	at com.mongodb.internal.connection.DefaultInetAddressResolver.lookupByName(DefaultInetAddressResolver.java:34)
	at com.mongodb.internal.connection.ServerAddressHelper.getSocketAddresses(ServerAddressHelper.java:71)
	... 5 common frames omitted
13:56:28.272 -------- [cluster-ClusterId{value='69ba5f7d7aaa553e51908492', description='Cluster0'}-ac-jcz0paw-shard-00-00.b7jb1jb.mongodb.net:27017] --- INFO  --- org.mongodb.driver.cluster -------- Exception in monitor thread while connecting to server ac-jcz0paw-shard-00-00.b7jb1jb.mongodb.net:27017 
com.mongodb.MongoSocketException: No such host is known (ac-jcz0paw-shard-00-00.b7jb1jb.mongodb.net)
	at com.mongodb.internal.connection.ServerAddressHelper.getSocketAddresses(ServerAddressHelper.java:75)
	at com.mongodb.internal.connection.SocketStream.initializeSocket(SocketStream.java:100)
	at com.mongodb.internal.connection.SocketStream.open(SocketStream.java:79)
	at com.mongodb.internal.connection.InternalStreamConnection.open(InternalStreamConnection.java:233)
	at com.mongodb.internal.connection.DefaultServerMonitor$ServerMonitor.lookupServerDescription(DefaultServerMonitor.java:219)
	at com.mongodb.internal.connection.DefaultServerMonitor$ServerMonitor.run(DefaultServerMonitor.java:176)
Caused by: java.net.UnknownHostException: No such host is known (ac-jcz0paw-shard-00-00.b7jb1jb.mongodb.net)
	at java.base/java.net.Inet6AddressImpl.lookupAllHostAddr(Native Method)
	at java.base/java.net.InetAddress$PlatformNameService.lookupAllHostAddr(InetAddress.java:934)
	at java.base/java.net.InetAddress.getAddressesFromNameService(InetAddress.java:1543)
	at java.base/java.net.InetAddress$NameServiceAddresses.get(InetAddress.java:852)
	at java.base/java.net.InetAddress.getAllByName0(InetAddress.java:1533)
	at java.base/java.net.InetAddress.getAllByName(InetAddress.java:1385)
	at java.base/java.net.InetAddress.getAllByName(InetAddress.java:1306)
	at com.mongodb.internal.connection.DefaultInetAddressResolver.lookupByName(DefaultInetAddressResolver.java:34)
	at com.mongodb.internal.connection.ServerAddressHelper.getSocketAddresses(ServerAddressHelper.java:71)
	... 5 common frames omitted
13:56:38.269 -------- [cluster-ClusterId{value='69ba5f7d7aaa553e51908492', description='Cluster0'}-ac-jcz0paw-shard-00-02.b7jb1jb.mongodb.net:27017] --- INFO  --- org.mongodb.driver.cluster -------- Exception in monitor thread while connecting to server ac-jcz0paw-shard-00-02.b7jb1jb.mongodb.net:27017 
com.mongodb.MongoSocketException: ac-jcz0paw-shard-00-02.b7jb1jb.mongodb.net
	at com.mongodb.internal.connection.ServerAddressHelper.getSocketAddresses(ServerAddressHelper.java:75)
	at com.mongodb.internal.connection.SocketStream.initializeSocket(SocketStream.java:100)
	at com.mongodb.internal.connection.SocketStream.open(SocketStream.java:79)
	at com.mongodb.internal.connection.InternalStreamConnection.open(InternalStreamConnection.java:233)
	at com.mongodb.internal.connection.DefaultServerMonitor$ServerMonitor.lookupServerDescription(DefaultServerMonitor.java:219)
	at com.mongodb.internal.connection.DefaultServerMonitor$ServerMonitor.run(DefaultServerMonitor.java:176)
Caused by: java.net.UnknownHostException: ac-jcz0paw-shard-00-02.b7jb1jb.mongodb.net
	at java.base/java.net.InetAddress$CachedAddresses.get(InetAddress.java:801)
	at java.base/java.net.InetAddress.getAllByName0(InetAddress.java:1533)
	at java.base/java.net.InetAddress.getAllByName(InetAddress.java:1385)
	at java.base/java.net.InetAddress.getAllByName(InetAddress.java:1306)
	at com.mongodb.internal.connection.DefaultInetAddressResolver.lookupByName(DefaultInetAddressResolver.java:34)
	at com.mongodb.internal.connection.ServerAddressHelper.getSocketAddresses(ServerAddressHelper.java:71)
	... 5 common frames omitted
13:56:42.006 -------- [cluster-ClusterId{value='69ba5f7d7aaa553e51908492', description='Cluster0'}-ac-jcz0paw-shard-00-01.b7jb1jb.mongodb.net:27017] --- INFO  --- org.mongodb.driver.cluster -------- Monitor thread successfully connected to server with description ServerDescription{address=ac-jcz0paw-shard-00-01.b7jb1jb.mongodb.net:27017, type=REPLICA_SET_SECONDARY, cryptd=false, state=CONNECTED, ok=true, minWireVersion=0, maxWireVersion=25, maxDocumentSize=16777216, logicalSessionTimeoutMinutes=30, roundTripTimeNanos=1702433200, minRoundTripTimeNanos=0, setName='atlas-10vsg5-shard-0', canonicalAddress=ac-jcz0paw-shard-00-01.b7jb1jb.mongodb.net:27017, hosts=[ac-jcz0paw-shard-00-01.b7jb1jb.mongodb.net:27017, ac-jcz0paw-shard-00-02.b7jb1jb.mongodb.net:27017, ac-jcz0paw-shard-00-00.b7jb1jb.mongodb.net:27017], passives=[], arbiters=[], primary='ac-jcz0paw-shard-00-02.b7jb1jb.mongodb.net:27017', tagSet=TagSet{[Tag{name='availabilityZone', value='aps1-az3'}, Tag{name='diskState', value='READY'}, Tag{name='nodeType', value='ELECTABLE'}, Tag{name='provider', value='AWS'}, Tag{name='region', value='AP_SOUTH_1'}, Tag{name='workloadType', value='OPERATIONAL'}]}, electionId=null, setVersion=57, topologyVersion=TopologyVersion{processId=69b3142d06876aecd9b70acd, counter=3}, lastWriteDate=Wed Mar 18 13:56:42 IST 2026, lastUpdateTimeNanos=1610198148937200} 
13:56:42.021 -------- [cluster-ClusterId{value='69ba5f7d7aaa553e51908492', description='Cluster0'}-ac-jcz0paw-shard-00-00.b7jb1jb.mongodb.net:27017] --- INFO  --- org.mongodb.driver.cluster -------- Monitor thread successfully connected to server with description ServerDescription{address=ac-jcz0paw-shard-00-00.b7jb1jb.mongodb.net:27017, type=REPLICA_SET_SECONDARY, cryptd=false, state=CONNECTED, ok=true, minWireVersion=0, maxWireVersion=25, maxDocumentSize=16777216, logicalSessionTimeoutMinutes=30, roundTripTimeNanos=1717396800, minRoundTripTimeNanos=0, setName='atlas-10vsg5-shard-0', canonicalAddress=ac-jcz0paw-shard-00-00.b7jb1jb.mongodb.net:27017, hosts=[ac-jcz0paw-shard-00-01.b7jb1jb.mongodb.net:27017, ac-jcz0paw-shard-00-02.b7jb1jb.mongodb.net:27017, ac-jcz0paw-shard-00-00.b7jb1jb.mongodb.net:27017], passives=[], arbiters=[], primary='ac-jcz0paw-shard-00-02.b7jb1jb.mongodb.net:27017', tagSet=TagSet{[Tag{name='availabilityZone', value='aps1-az1'}, Tag{name='diskState', value='READY'}, Tag{name='nodeType', value='ELECTABLE'}, Tag{name='provider', value='AWS'}, Tag{name='region', value='AP_SOUTH_1'}, Tag{name='workloadType', value='OPERATIONAL'}]}, electionId=null, setVersion=57, topologyVersion=TopologyVersion{processId=69b30fd5ea006f2a16d8bf3e, counter=4}, lastWriteDate=Wed Mar 18 13:56:42 IST 2026, lastUpdateTimeNanos=1610198163898500} 
13:56:48.352 -------- [cluster-ClusterId{value='69ba5f7d7aaa553e51908492', description='Cluster0'}-ac-jcz0paw-shard-00-02.b7jb1jb.mongodb.net:27017] --- INFO  --- org.mongodb.driver.cluster -------- Monitor thread successfully connected to server with description ServerDescription{address=ac-jcz0paw-shard-00-02.b7jb1jb.mongodb.net:27017, type=REPLICA_SET_PRIMARY, cryptd=false, state=CONNECTED, ok=true, minWireVersion=0, maxWireVersion=25, maxDocumentSize=16777216, logicalSessionTimeoutMinutes=30, roundTripTimeNanos=52813300, minRoundTripTimeNanos=0, setName='atlas-10vsg5-shard-0', canonicalAddress=ac-jcz0paw-shard-00-02.b7jb1jb.mongodb.net:27017, hosts=[ac-jcz0paw-shard-00-01.b7jb1jb.mongodb.net:27017, ac-jcz0paw-shard-00-02.b7jb1jb.mongodb.net:27017, ac-jcz0paw-shard-00-00.b7jb1jb.mongodb.net:27017], passives=[], arbiters=[], primary='ac-jcz0paw-shard-00-02.b7jb1jb.mongodb.net:27017', tagSet=TagSet{[Tag{name='availabilityZone', value='aps1-az2'}, Tag{name='diskState', value='READY'}, Tag{name='nodeType', value='ELECTABLE'}, Tag{name='provider', value='AWS'}, Tag{name='region', value='AP_SOUTH_1'}, Tag{name='workloadType', value='OPERATIONAL'}]}, electionId=7fffffff00000000000000dc, setVersion=57, topologyVersion=TopologyVersion{processId=69b311ad332d80e6a3807b8e, counter=6}, lastWriteDate=Wed Mar 18 13:56:48 IST 2026, lastUpdateTimeNanos=1610204494634400} 
13:56:48.353 -------- [cluster-ClusterId{value='69ba5f7d7aaa553e51908492', description='Cluster0'}-ac-jcz0paw-shard-00-02.b7jb1jb.mongodb.net:27017] --- INFO  --- org.mongodb.driver.cluster -------- Discovered replica set primary ac-jcz0paw-shard-00-02.b7jb1jb.mongodb.net:27017 with max election id 7fffffff00000000000000dc and max set version 57 
14:32:17.092 -------- [cluster-ClusterId{value='69ba5f7d7aaa553e51908492', description='Cluster0'}-ac-jcz0paw-shard-00-02.b7jb1jb.mongodb.net:27017] --- INFO  --- org.mongodb.driver.cluster -------- Exception in monitor thread while connecting to server ac-jcz0paw-shard-00-02.b7jb1jb.mongodb.net:27017 
com.mongodb.MongoSocketReadException: Exception receiving message
	at com.mongodb.internal.connection.InternalStreamConnection.translateReadException(InternalStreamConnection.java:809)
	at com.mongodb.internal.connection.InternalStreamConnection.receiveResponseBuffers(InternalStreamConnection.java:857)
	at com.mongodb.internal.connection.InternalStreamConnection.receiveCommandMessageResponse(InternalStreamConnection.java:517)
	at com.mongodb.internal.connection.InternalStreamConnection.receive(InternalStreamConnection.java:469)
	at com.mongodb.internal.connection.DefaultServerMonitor$ServerMonitor.lookupServerDescription(DefaultServerMonitor.java:249)
	at com.mongodb.internal.connection.DefaultServerMonitor$ServerMonitor.run(DefaultServerMonitor.java:176)
Caused by: java.net.SocketException: Connection reset
	at java.base/sun.nio.ch.NioSocketImpl.implRead(NioSocketImpl.java:328)
	at java.base/sun.nio.ch.NioSocketImpl.read(NioSocketImpl.java:355)
	at java.base/sun.nio.ch.NioSocketImpl$1.read(NioSocketImpl.java:808)
	at java.base/java.net.Socket$SocketInputStream.read(Socket.java:966)
	at java.base/sun.security.ssl.SSLSocketInputRecord.read(SSLSocketInputRecord.java:484)
	at java.base/sun.security.ssl.SSLSocketInputRecord.readHeader(SSLSocketInputRecord.java:478)
	at java.base/sun.security.ssl.SSLSocketInputRecord.bytesInCompletePacket(SSLSocketInputRecord.java:70)
	at java.base/sun.security.ssl.SSLSocketImpl.readApplicationRecord(SSLSocketImpl.java:1465)
	at java.base/sun.security.ssl.SSLSocketImpl$AppInputStream.read(SSLSocketImpl.java:1069)
	at com.mongodb.internal.connection.SocketStream.read(SocketStream.java:182)
	at com.mongodb.internal.connection.InternalStreamConnection.receiveResponseBuffers(InternalStreamConnection.java:824)
	... 4 common frames omitted
14:32:17.092 -------- [cluster-ClusterId{value='69ba5f7d7aaa553e51908492', description='Cluster0'}-ac-jcz0paw-shard-00-00.b7jb1jb.mongodb.net:27017] --- INFO  --- org.mongodb.driver.cluster -------- Exception in monitor thread while connecting to server ac-jcz0paw-shard-00-00.b7jb1jb.mongodb.net:27017 
com.mongodb.MongoSocketReadException: Exception receiving message
	at com.mongodb.internal.connection.InternalStreamConnection.translateReadException(InternalStreamConnection.java:809)
	at com.mongodb.internal.connection.InternalStreamConnection.receiveResponseBuffers(InternalStreamConnection.java:857)
	at com.mongodb.internal.connection.InternalStreamConnection.receiveCommandMessageResponse(InternalStreamConnection.java:517)
	at com.mongodb.internal.connection.InternalStreamConnection.receive(InternalStreamConnection.java:469)
	at com.mongodb.internal.connection.DefaultServerMonitor$ServerMonitor.lookupServerDescription(DefaultServerMonitor.java:249)
	at com.mongodb.internal.connection.DefaultServerMonitor$ServerMonitor.run(DefaultServerMonitor.java:176)
Caused by: java.net.SocketException: Connection reset
	at java.base/sun.nio.ch.NioSocketImpl.implRead(NioSocketImpl.java:328)
	at java.base/sun.nio.ch.NioSocketImpl.read(NioSocketImpl.java:355)
	at java.base/sun.nio.ch.NioSocketImpl$1.read(NioSocketImpl.java:808)
	at java.base/java.net.Socket$SocketInputStream.read(Socket.java:966)
	at java.base/sun.security.ssl.SSLSocketInputRecord.read(SSLSocketInputRecord.java:484)
	at java.base/sun.security.ssl.SSLSocketInputRecord.readHeader(SSLSocketInputRecord.java:478)
	at java.base/sun.security.ssl.SSLSocketInputRecord.bytesInCompletePacket(SSLSocketInputRecord.java:70)
	at java.base/sun.security.ssl.SSLSocketImpl.readApplicationRecord(SSLSocketImpl.java:1465)
	at java.base/sun.security.ssl.SSLSocketImpl$AppInputStream.read(SSLSocketImpl.java:1069)
	at com.mongodb.internal.connection.SocketStream.read(SocketStream.java:182)
	at com.mongodb.internal.connection.InternalStreamConnection.receiveResponseBuffers(InternalStreamConnection.java:824)
	... 4 common frames omitted
14:32:17.095 -------- [cluster-ClusterId{value='69ba5f7d7aaa553e51908492', description='Cluster0'}-ac-jcz0paw-shard-00-01.b7jb1jb.mongodb.net:27017] --- INFO  --- org.mongodb.driver.cluster -------- Exception in monitor thread while connecting to server ac-jcz0paw-shard-00-01.b7jb1jb.mongodb.net:27017 
com.mongodb.MongoSocketReadException: Exception receiving message
	at com.mongodb.internal.connection.InternalStreamConnection.translateReadException(InternalStreamConnection.java:809)
	at com.mongodb.internal.connection.InternalStreamConnection.receiveResponseBuffers(InternalStreamConnection.java:857)
	at com.mongodb.internal.connection.InternalStreamConnection.receiveCommandMessageResponse(InternalStreamConnection.java:517)
	at com.mongodb.internal.connection.InternalStreamConnection.receive(InternalStreamConnection.java:469)
	at com.mongodb.internal.connection.DefaultServerMonitor$ServerMonitor.lookupServerDescription(DefaultServerMonitor.java:249)
	at com.mongodb.internal.connection.DefaultServerMonitor$ServerMonitor.run(DefaultServerMonitor.java:176)
Caused by: java.net.SocketException: Connection reset
	at java.base/sun.nio.ch.NioSocketImpl.implRead(NioSocketImpl.java:328)
	at java.base/sun.nio.ch.NioSocketImpl.read(NioSocketImpl.java:355)
	at java.base/sun.nio.ch.NioSocketImpl$1.read(NioSocketImpl.java:808)
	at java.base/java.net.Socket$SocketInputStream.read(Socket.java:966)
	at java.base/sun.security.ssl.SSLSocketInputRecord.read(SSLSocketInputRecord.java:484)
	at java.base/sun.security.ssl.SSLSocketInputRecord.readHeader(SSLSocketInputRecord.java:478)
	at java.base/sun.security.ssl.SSLSocketInputRecord.bytesInCompletePacket(SSLSocketInputRecord.java:70)
	at java.base/sun.security.ssl.SSLSocketImpl.readApplicationRecord(SSLSocketImpl.java:1465)
	at java.base/sun.security.ssl.SSLSocketImpl$AppInputStream.read(SSLSocketImpl.java:1069)
	at com.mongodb.internal.connection.SocketStream.read(SocketStream.java:182)
	at com.mongodb.internal.connection.InternalStreamConnection.receiveResponseBuffers(InternalStreamConnection.java:824)
	... 4 common frames omitted
14:32:17.490 -------- [cluster-ClusterId{value='69ba5f7d7aaa553e51908492', description='Cluster0'}-ac-jcz0paw-shard-00-00.b7jb1jb.mongodb.net:27017] --- INFO  --- org.mongodb.driver.cluster -------- Monitor thread successfully connected to server with description ServerDescription{address=ac-jcz0paw-shard-00-00.b7jb1jb.mongodb.net:27017, type=REPLICA_SET_SECONDARY, cryptd=false, state=CONNECTED, ok=true, minWireVersion=0, maxWireVersion=25, maxDocumentSize=16777216, logicalSessionTimeoutMinutes=30, roundTripTimeNanos=230274600, minRoundTripTimeNanos=0, setName='atlas-10vsg5-shard-0', canonicalAddress=ac-jcz0paw-shard-00-00.b7jb1jb.mongodb.net:27017, hosts=[ac-jcz0paw-shard-00-01.b7jb1jb.mongodb.net:27017, ac-jcz0paw-shard-00-02.b7jb1jb.mongodb.net:27017, ac-jcz0paw-shard-00-00.b7jb1jb.mongodb.net:27017], passives=[], arbiters=[], primary='ac-jcz0paw-shard-00-02.b7jb1jb.mongodb.net:27017', tagSet=TagSet{[Tag{name='availabilityZone', value='aps1-az1'}, Tag{name='diskState', value='READY'}, Tag{name='nodeType', value='ELECTABLE'}, Tag{name='provider', value='AWS'}, Tag{name='region', value='AP_SOUTH_1'}, Tag{name='workloadType', value='OPERATIONAL'}]}, electionId=null, setVersion=57, topologyVersion=TopologyVersion{processId=69b30fd5ea006f2a16d8bf3e, counter=4}, lastWriteDate=Wed Mar 18 14:32:17 IST 2026, lastUpdateTimeNanos=1612333632504100} 
14:32:17.490 -------- [cluster-ClusterId{value='69ba5f7d7aaa553e51908492', description='Cluster0'}-ac-jcz0paw-shard-00-01.b7jb1jb.mongodb.net:27017] --- INFO  --- org.mongodb.driver.cluster -------- Monitor thread successfully connected to server with description ServerDescription{address=ac-jcz0paw-shard-00-01.b7jb1jb.mongodb.net:27017, type=REPLICA_SET_SECONDARY, cryptd=false, state=CONNECTED, ok=true, minWireVersion=0, maxWireVersion=25, maxDocumentSize=16777216, logicalSessionTimeoutMinutes=30, roundTripTimeNanos=230301400, minRoundTripTimeNanos=0, setName='atlas-10vsg5-shard-0', canonicalAddress=ac-jcz0paw-shard-00-01.b7jb1jb.mongodb.net:27017, hosts=[ac-jcz0paw-shard-00-01.b7jb1jb.mongodb.net:27017, ac-jcz0paw-shard-00-02.b7jb1jb.mongodb.net:27017, ac-jcz0paw-shard-00-00.b7jb1jb.mongodb.net:27017], passives=[], arbiters=[], primary='ac-jcz0paw-shard-00-02.b7jb1jb.mongodb.net:27017', tagSet=TagSet{[Tag{name='availabilityZone', value='aps1-az3'}, Tag{name='diskState', value='READY'}, Tag{name='nodeType', value='ELECTABLE'}, Tag{name='provider', value='AWS'}, Tag{name='region', value='AP_SOUTH_1'}, Tag{name='workloadType', value='OPERATIONAL'}]}, electionId=null, setVersion=57, topologyVersion=TopologyVersion{processId=69b3142d06876aecd9b70acd, counter=3}, lastWriteDate=Wed Mar 18 14:32:17 IST 2026, lastUpdateTimeNanos=1612333632504100} 
14:32:17.490 -------- [cluster-ClusterId{value='69ba5f7d7aaa553e51908492', description='Cluster0'}-ac-jcz0paw-shard-00-02.b7jb1jb.mongodb.net:27017] --- INFO  --- org.mongodb.driver.cluster -------- Monitor thread successfully connected to server with description ServerDescription{address=ac-jcz0paw-shard-00-02.b7jb1jb.mongodb.net:27017, type=REPLICA_SET_PRIMARY, cryptd=false, state=CONNECTED, ok=true, minWireVersion=0, maxWireVersion=25, maxDocumentSize=16777216, logicalSessionTimeoutMinutes=30, roundTripTimeNanos=229394400, minRoundTripTimeNanos=0, setName='atlas-10vsg5-shard-0', canonicalAddress=ac-jcz0paw-shard-00-02.b7jb1jb.mongodb.net:27017, hosts=[ac-jcz0paw-shard-00-01.b7jb1jb.mongodb.net:27017, ac-jcz0paw-shard-00-02.b7jb1jb.mongodb.net:27017, ac-jcz0paw-shard-00-00.b7jb1jb.mongodb.net:27017], passives=[], arbiters=[], primary='ac-jcz0paw-shard-00-02.b7jb1jb.mongodb.net:27017', tagSet=TagSet{[Tag{name='availabilityZone', value='aps1-az2'}, Tag{name='diskState', value='READY'}, Tag{name='nodeType', value='ELECTABLE'}, Tag{name='provider', value='AWS'}, Tag{name='region', value='AP_SOUTH_1'}, Tag{name='workloadType', value='OPERATIONAL'}]}, electionId=7fffffff00000000000000dc, setVersion=57, topologyVersion=TopologyVersion{processId=69b311ad332d80e6a3807b8e, counter=6}, lastWriteDate=Wed Mar 18 14:32:17 IST 2026, lastUpdateTimeNanos=1612333632488600} 
14:32:17.490 -------- [cluster-ClusterId{value='69ba5f7d7aaa553e51908492', description='Cluster0'}-ac-jcz0paw-shard-00-02.b7jb1jb.mongodb.net:27017] --- INFO  --- org.mongodb.driver.cluster -------- Discovered replica set primary ac-jcz0paw-shard-00-02.b7jb1jb.mongodb.net:27017 with max election id 7fffffff00000000000000dc and max set version 57 
14:34:16.585 -------- [SpringApplicationShutdownHook] --- INFO  --- o.s.b.w.e.tomcat.GracefulShutdown -------- Commencing graceful shutdown. Waiting for active requests to complete 
14:34:16.816 -------- [tomcat-shutdown] --- INFO  --- o.s.b.w.e.tomcat.GracefulShutdown -------- Graceful shutdown complete 
14:34:21.191 -------- [restartedMain] --- INFO  --- c.app.journal.JournalAppApplication -------- Starting JournalAppApplication using Java 17.0.18 with PID 23264 (C:\Users\hp\Desktop\Study\Java-programs\JournalApplication\journal\target\classes started by hp in C:\Users\hp\Desktop\Study\Java-programs\JournalApplication) 
14:34:21.202 -------- [restartedMain] --- DEBUG --- c.app.journal.JournalAppApplication -------- Running with Spring Boot v3.5.11, Spring v6.2.16 
14:34:21.204 -------- [restartedMain] --- INFO  --- c.app.journal.JournalAppApplication -------- No active profile set, falling back to 1 default profile: "default" 
14:34:21.348 -------- [restartedMain] --- INFO  --- o.s.b.d.e.DevToolsPropertyDefaultsPostProcessor -------- Devtools property defaults active! Set 'spring.devtools.add-properties' to 'false' to disable 
14:34:21.348 -------- [restartedMain] --- INFO  --- o.s.b.d.e.DevToolsPropertyDefaultsPostProcessor -------- For additional web related logging consider setting the 'logging.level.web' property to 'DEBUG' 
14:34:22.342 -------- [restartedMain] --- INFO  --- o.s.d.r.c.RepositoryConfigurationDelegate -------- Multiple Spring Data modules found, entering strict repository configuration mode 
14:34:22.344 -------- [restartedMain] --- INFO  --- o.s.d.r.c.RepositoryConfigurationDelegate -------- Bootstrapping Spring Data MongoDB repositories in DEFAULT mode. 
14:34:22.483 -------- [restartedMain] --- INFO  --- o.s.d.r.c.RepositoryConfigurationDelegate -------- Finished Spring Data repository scanning in 132 ms. Found 3 MongoDB repository interfaces. 
14:34:22.505 -------- [restartedMain] --- INFO  --- o.s.d.r.c.RepositoryConfigurationDelegate -------- Multiple Spring Data modules found, entering strict repository configuration mode 
14:34:22.506 -------- [restartedMain] --- INFO  --- o.s.d.r.c.RepositoryConfigurationDelegate -------- Bootstrapping Spring Data Redis repositories in DEFAULT mode. 
14:34:22.522 -------- [restartedMain] --- INFO  --- o.s.d.r.c.RepositoryConfigurationExtensionSupport -------- Spring Data Redis - Could not safely identify store assignment for repository candidate interface com.app.journal.repository.ConfigJournalAppRepository; If you want this repository to be a Redis repository, consider annotating your entities with one of these annotations: org.springframework.data.redis.core.RedisHash (preferred), or consider extending one of the following types with your repository: org.springframework.data.keyvalue.repository.KeyValueRepository 
14:34:22.522 -------- [restartedMain] --- INFO  --- o.s.d.r.c.RepositoryConfigurationExtensionSupport -------- Spring Data Redis - Could not safely identify store assignment for repository candidate interface com.app.journal.repository.JournalEntryRepository; If you want this repository to be a Redis repository, consider annotating your entities with one of these annotations: org.springframework.data.redis.core.RedisHash (preferred), or consider extending one of the following types with your repository: org.springframework.data.keyvalue.repository.KeyValueRepository 
14:34:22.522 -------- [restartedMain] --- INFO  --- o.s.d.r.c.RepositoryConfigurationExtensionSupport -------- Spring Data Redis - Could not safely identify store assignment for repository candidate interface com.app.journal.repository.UserRepository; If you want this repository to be a Redis repository, consider annotating your entities with one of these annotations: org.springframework.data.redis.core.RedisHash (preferred), or consider extending one of the following types with your repository: org.springframework.data.keyvalue.repository.KeyValueRepository 
14:34:22.523 -------- [restartedMain] --- INFO  --- o.s.d.r.c.RepositoryConfigurationDelegate -------- Finished Spring Data repository scanning in 6 ms. Found 0 Redis repository interfaces. 
14:34:23.240 -------- [restartedMain] --- INFO  --- o.s.b.w.e.tomcat.TomcatWebServer -------- Tomcat initialized with port 8080 (http) 
14:34:23.256 -------- [restartedMain] --- INFO  --- o.a.coyote.http11.Http11NioProtocol -------- Initializing ProtocolHandler ["http-nio-8080"] 
14:34:23.259 -------- [restartedMain] --- INFO  --- o.a.catalina.core.StandardService -------- Starting service [Tomcat] 
14:34:23.260 -------- [restartedMain] --- INFO  --- o.a.catalina.core.StandardEngine -------- Starting Servlet engine: [Apache Tomcat/10.1.52] 
14:34:23.326 -------- [restartedMain] --- INFO  --- o.a.c.c.C.[Tomcat].[localhost].[/] -------- Initializing Spring embedded WebApplicationContext 
14:34:23.328 -------- [restartedMain] --- INFO  --- o.s.b.w.s.c.ServletWebServerApplicationContext -------- Root WebApplicationContext: initialization completed in 1977 ms 
14:34:23.678 -------- [cluster-ClusterId{value='69ba6a97c2fa7dcfb4ba87f3', description='Cluster0'}-srv-cluster0.b7jb1jb.mongodb.net] --- INFO  --- org.mongodb.driver.cluster -------- Adding discovered server ac-jcz0paw-shard-00-00.b7jb1jb.mongodb.net:27017 to client view of cluster 
14:34:23.693 -------- [restartedMain] --- INFO  --- org.mongodb.driver.client -------- MongoClient with metadata {"application": {"name": "Cluster0"}, "driver": {"name": "mongo-java-driver|sync|spring-boot", "version": "5.5.2"}, "os": {"type": "Windows", "name": "Windows 11", "architecture": "amd64", "version": "10.0"}, "platform": "Java/Microsoft/17.0.18+8-LTS"} created with settings MongoClientSettings{readPreference=primary, writeConcern=WriteConcern{w=null, wTimeout=null ms, journal=null}, retryWrites=true, retryReads=true, readConcern=ReadConcern{level=null}, credential=MongoCredential{mechanism=null, userName='mailmerajansari_db_user', source='admin', password=<hidden>, mechanismProperties=<hidden>}, transportSettings=null, commandListeners=[], codecRegistry=ProvidersCodecRegistry{codecProviders=[ValueCodecProvider{}, BsonValueCodecProvider{}, DBRefCodecProvider{}, DBObjectCodecProvider{}, DocumentCodecProvider{}, CollectionCodecProvider{}, IterableCodecProvider{}, MapCodecProvider{}, GeoJsonCodecProvider{}, GridFSFileCodecProvider{}, Jsr310CodecProvider{}, JsonObjectCodecProvider{}, BsonCodecProvider{}, EnumCodecProvider{}, com.mongodb.client.model.mql.ExpressionCodecProvider@67b73273, com.mongodb.Jep395RecordCodecProvider@27814fb2, com.mongodb.KotlinCodecProvider@81a3bad]}, loggerSettings=LoggerSettings{maxDocumentLength=1000}, clusterSettings={hosts=[127.0.0.1:27017], srvHost=cluster0.b7jb1jb.mongodb.net, srvServiceName=mongodb, mode=MULTIPLE, requiredClusterType=REPLICA_SET, requiredReplicaSetName='atlas-10vsg5-shard-0', serverSelector='null', clusterListeners='[]', serverSelectionTimeout='30000 ms', localThreshold='15 ms'}, socketSettings=SocketSettings{connectTimeoutMS=10000, readTimeoutMS=0, receiveBufferSize=0, proxySettings=ProxySettings{host=null, port=null, username=null, password=null}}, heartbeatSocketSettings=SocketSettings{connectTimeoutMS=10000, readTimeoutMS=10000, receiveBufferSize=0, proxySettings=ProxySettings{host=null, port=null, username=null, password=null}}, connectionPoolSettings=ConnectionPoolSettings{maxSize=100, minSize=0, maxWaitTimeMS=120000, maxConnectionLifeTimeMS=0, maxConnectionIdleTimeMS=0, maintenanceInitialDelayMS=0, maintenanceFrequencyMS=60000, connectionPoolListeners=[], maxConnecting=2}, serverSettings=ServerSettings{heartbeatFrequencyMS=10000, minHeartbeatFrequencyMS=500, serverMonitoringMode=AUTO, serverListeners='[]', serverMonitorListeners='[]'}, sslSettings=SslSettings{enabled=true, invalidHostNameAllowed=false, context=null}, applicationName='Cluster0', compressorList=[], uuidRepresentation=JAVA_LEGACY, serverApi=null, autoEncryptionSettings=null, dnsClient=null, inetAddressResolver=null, contextProvider=null, timeoutMS=null} 
14:34:23.703 -------- [cluster-ClusterId{value='69ba6a97c2fa7dcfb4ba87f3', description='Cluster0'}-srv-cluster0.b7jb1jb.mongodb.net] --- INFO  --- org.mongodb.driver.cluster -------- Adding discovered server ac-jcz0paw-shard-00-01.b7jb1jb.mongodb.net:27017 to client view of cluster 
14:34:23.706 -------- [cluster-ClusterId{value='69ba6a97c2fa7dcfb4ba87f3', description='Cluster0'}-srv-cluster0.b7jb1jb.mongodb.net] --- INFO  --- org.mongodb.driver.cluster -------- Adding discovered server ac-jcz0paw-shard-00-02.b7jb1jb.mongodb.net:27017 to client view of cluster 
14:34:23.937 -------- [restartedMain] --- INFO  --- o.s.b.d.a.OptionalLiveReloadServer -------- LiveReload server is running on port 35729 
14:34:24.141 -------- [restartedMain] --- INFO  --- org.mongodb.driver.cluster -------- Waiting for server to become available for operation with ID 5. Remaining time: 29991 ms. Selector: WritableServerSelector, topology description: {type=REPLICA_SET, servers=[{address=ac-jcz0paw-shard-00-01.b7jb1jb.mongodb.net:27017, type=UNKNOWN, state=CONNECTING}, {address=ac-jcz0paw-shard-00-02.b7jb1jb.mongodb.net:27017, type=UNKNOWN, state=CONNECTING}, {address=ac-jcz0paw-shard-00-00.b7jb1jb.mongodb.net:27017, type=UNKNOWN, state=CONNECTING}]. 
14:34:24.296 -------- [cluster-ClusterId{value='69ba6a97c2fa7dcfb4ba87f3', description='Cluster0'}-ac-jcz0paw-shard-00-01.b7jb1jb.mongodb.net:27017] --- INFO  --- org.mongodb.driver.cluster -------- Monitor thread successfully connected to server with description ServerDescription{address=ac-jcz0paw-shard-00-01.b7jb1jb.mongodb.net:27017, type=REPLICA_SET_SECONDARY, cryptd=false, state=CONNECTED, ok=true, minWireVersion=0, maxWireVersion=25, maxDocumentSize=16777216, logicalSessionTimeoutMinutes=30, roundTripTimeNanos=300911300, minRoundTripTimeNanos=0, setName='atlas-10vsg5-shard-0', canonicalAddress=ac-jcz0paw-shard-00-01.b7jb1jb.mongodb.net:27017, hosts=[ac-jcz0paw-shard-00-01.b7jb1jb.mongodb.net:27017, ac-jcz0paw-shard-00-02.b7jb1jb.mongodb.net:27017, ac-jcz0paw-shard-00-00.b7jb1jb.mongodb.net:27017], passives=[], arbiters=[], primary='ac-jcz0paw-shard-00-02.b7jb1jb.mongodb.net:27017', tagSet=TagSet{[Tag{name='availabilityZone', value='aps1-az3'}, Tag{name='diskState', value='READY'}, Tag{name='nodeType', value='ELECTABLE'}, Tag{name='provider', value='AWS'}, Tag{name='region', value='AP_SOUTH_1'}, Tag{name='workloadType', value='OPERATIONAL'}]}, electionId=null, setVersion=57, topologyVersion=TopologyVersion{processId=69b3142d06876aecd9b70acd, counter=3}, lastWriteDate=Wed Mar 18 14:34:24 IST 2026, lastUpdateTimeNanos=1612460433985300} 
14:34:24.296 -------- [cluster-ClusterId{value='69ba6a97c2fa7dcfb4ba87f3', description='Cluster0'}-ac-jcz0paw-shard-00-00.b7jb1jb.mongodb.net:27017] --- INFO  --- org.mongodb.driver.cluster -------- Monitor thread successfully connected to server with description ServerDescription{address=ac-jcz0paw-shard-00-00.b7jb1jb.mongodb.net:27017, type=REPLICA_SET_SECONDARY, cryptd=false, state=CONNECTED, ok=true, minWireVersion=0, maxWireVersion=25, maxDocumentSize=16777216, logicalSessionTimeoutMinutes=30, roundTripTimeNanos=299196800, minRoundTripTimeNanos=0, setName='atlas-10vsg5-shard-0', canonicalAddress=ac-jcz0paw-shard-00-00.b7jb1jb.mongodb.net:27017, hosts=[ac-jcz0paw-shard-00-01.b7jb1jb.mongodb.net:27017, ac-jcz0paw-shard-00-02.b7jb1jb.mongodb.net:27017, ac-jcz0paw-shard-00-00.b7jb1jb.mongodb.net:27017], passives=[], arbiters=[], primary='ac-jcz0paw-shard-00-02.b7jb1jb.mongodb.net:27017', tagSet=TagSet{[Tag{name='availabilityZone', value='aps1-az1'}, Tag{name='diskState', value='READY'}, Tag{name='nodeType', value='ELECTABLE'}, Tag{name='provider', value='AWS'}, Tag{name='region', value='AP_SOUTH_1'}, Tag{name='workloadType', value='OPERATIONAL'}]}, electionId=null, setVersion=57, topologyVersion=TopologyVersion{processId=69b30fd5ea006f2a16d8bf3e, counter=4}, lastWriteDate=Wed Mar 18 14:34:24 IST 2026, lastUpdateTimeNanos=1612460433866200} 
14:34:24.296 -------- [cluster-ClusterId{value='69ba6a97c2fa7dcfb4ba87f3', description='Cluster0'}-ac-jcz0paw-shard-00-02.b7jb1jb.mongodb.net:27017] --- INFO  --- org.mongodb.driver.cluster -------- Monitor thread successfully connected to server with description ServerDescription{address=ac-jcz0paw-shard-00-02.b7jb1jb.mongodb.net:27017, type=REPLICA_SET_PRIMARY, cryptd=false, state=CONNECTED, ok=true, minWireVersion=0, maxWireVersion=25, maxDocumentSize=16777216, logicalSessionTimeoutMinutes=30, roundTripTimeNanos=300789300, minRoundTripTimeNanos=0, setName='atlas-10vsg5-shard-0', canonicalAddress=ac-jcz0paw-shard-00-02.b7jb1jb.mongodb.net:27017, hosts=[ac-jcz0paw-shard-00-01.b7jb1jb.mongodb.net:27017, ac-jcz0paw-shard-00-02.b7jb1jb.mongodb.net:27017, ac-jcz0paw-shard-00-00.b7jb1jb.mongodb.net:27017], passives=[], arbiters=[], primary='ac-jcz0paw-shard-00-02.b7jb1jb.mongodb.net:27017', tagSet=TagSet{[Tag{name='availabilityZone', value='aps1-az2'}, Tag{name='diskState', value='READY'}, Tag{name='nodeType', value='ELECTABLE'}, Tag{name='provider', value='AWS'}, Tag{name='region', value='AP_SOUTH_1'}, Tag{name='workloadType', value='OPERATIONAL'}]}, electionId=7fffffff00000000000000dc, setVersion=57, topologyVersion=TopologyVersion{processId=69b311ad332d80e6a3807b8e, counter=6}, lastWriteDate=Wed Mar 18 14:34:24 IST 2026, lastUpdateTimeNanos=1612460433866200} 
14:34:24.300 -------- [cluster-ClusterId{value='69ba6a97c2fa7dcfb4ba87f3', description='Cluster0'}-ac-jcz0paw-shard-00-02.b7jb1jb.mongodb.net:27017] --- INFO  --- org.mongodb.driver.cluster -------- Discovered replica set primary ac-jcz0paw-shard-00-02.b7jb1jb.mongodb.net:27017 with max election id 7fffffff00000000000000dc and max set version 57 
14:34:24.793 -------- [restartedMain] --- INFO  --- com.app.journal.config.RedisConfig -------- Connected Redis Host: redis-10391.crce286.ap-south-1-1.ec2.cloud.redislabs.com 
14:34:24.795 -------- [restartedMain] --- INFO  --- com.app.journal.config.RedisConfig -------- Connected Redis Port: 10391 
14:34:25.511 -------- [restartedMain] --- INFO  --- o.s.s.c.a.a.c.InitializeAuthenticationProviderBeanManagerConfigurer$InitializeAuthenticationProviderManagerConfigurer -------- Global AuthenticationManager configured with AuthenticationProvider bean with name authenticationProvider 
14:34:25.511 -------- [restartedMain] --- WARN  --- o.s.s.c.a.a.c.InitializeUserDetailsBeanManagerConfigurer$InitializeUserDetailsManagerConfigurer -------- Global AuthenticationManager configured with an AuthenticationProvider bean. UserDetailsService beans will not be used by Spring Security for automatically configuring username/password login. Consider removing the AuthenticationProvider bean. Alternatively, consider using the UserDetailsService in a manually instantiated DaoAuthenticationProvider. If the current configuration is intentional, to turn off this warning, increase the logging level of 'org.springframework.security.config.annotation.authentication.configuration.InitializeUserDetailsBeanManagerConfigurer' to ERROR 
14:34:25.624 -------- [restartedMain] --- DEBUG --- o.s.s.web.DefaultSecurityFilterChain -------- Will secure any request with filters: DisableEncodeUrlFilter, WebAsyncManagerIntegrationFilter, SecurityContextHolderFilter, HeaderWriterFilter, LogoutFilter, BasicAuthenticationFilter, RequestCacheAwareFilter, SecurityContextHolderAwareRequestFilter, AnonymousAuthenticationFilter, ExceptionTranslationFilter, AuthorizationFilter 
14:34:25.909 -------- [restartedMain] --- INFO  --- o.a.coyote.http11.Http11NioProtocol -------- Starting ProtocolHandler ["http-nio-8080"] 
14:34:25.945 -------- [restartedMain] --- INFO  --- o.s.b.w.e.tomcat.TomcatWebServer -------- Tomcat started on port 8080 (http) with context path '/' 
14:34:25.960 -------- [restartedMain] --- INFO  --- c.app.journal.JournalAppApplication -------- Started JournalAppApplication in 5.334 seconds (process running for 6.083) 
14:35:21.625 -------- [http-nio-8080-exec-2] --- INFO  --- o.a.c.c.C.[Tomcat].[localhost].[/] -------- Initializing Spring DispatcherServlet 'dispatcherServlet' 
14:35:21.625 -------- [http-nio-8080-exec-2] --- INFO  --- o.s.web.servlet.DispatcherServlet -------- Initializing Servlet 'dispatcherServlet' 
14:35:21.628 -------- [http-nio-8080-exec-2] --- INFO  --- o.s.web.servlet.DispatcherServlet -------- Completed initialization in 3 ms 
14:35:21.659 -------- [http-nio-8080-exec-2] --- DEBUG --- o.s.security.web.FilterChainProxy -------- Securing GET /user/get-weather 
14:35:21.944 -------- [http-nio-8080-exec-2] --- DEBUG --- o.s.s.a.d.DaoAuthenticationProvider -------- Authenticated user 
14:35:21.945 -------- [http-nio-8080-exec-2] --- DEBUG --- o.s.s.w.a.w.BasicAuthenticationFilter -------- Set SecurityContextHolder to UsernamePasswordAuthenticationToken [Principal=org.springframework.security.core.userdetails.User [Username=david, Password=[PROTECTED], Enabled=true, AccountNonExpired=true, CredentialsNonExpired=true, AccountNonLocked=true, Granted Authorities=[ROLE_ADMIN, ROLE_USER]], Credentials=[PROTECTED], Authenticated=true, Details=WebAuthenticationDetails [RemoteIpAddress=0:0:0:0:0:0:0:1, SessionId=null], Granted Authorities=[ROLE_ADMIN, ROLE_USER]] 
14:35:21.949 -------- [http-nio-8080-exec-2] --- DEBUG --- o.s.security.web.FilterChainProxy -------- Secured GET /user/get-weather 
14:35:21.976 -------- [http-nio-8080-exec-2] --- INFO  --- c.app.journal.service.RedisService -------- Redis GET called for key: weather_of_Chennai 
14:35:22.547 -------- [http-nio-8080-exec-2] --- WARN  --- c.app.journal.service.RedisService -------- Cache MISS for key: weather_of_Chennai 
14:35:24.200 -------- [http-nio-8080-exec-2] --- INFO  --- c.app.journal.service.RedisService -------- Redis SET called for key: weather_of_Chennai with TTL: 300 
14:35:24.247 -------- [http-nio-8080-exec-2] --- INFO  --- c.app.journal.service.RedisService -------- Data stored successfully in Redis for key: weather_of_Chennai 
14:43:23.203 -------- [SpringApplicationShutdownHook] --- INFO  --- o.s.b.w.e.tomcat.GracefulShutdown -------- Commencing graceful shutdown. Waiting for active requests to complete 
14:43:23.406 -------- [tomcat-shutdown] --- INFO  --- o.s.b.w.e.tomcat.GracefulShutdown -------- Graceful shutdown complete 
14:43:26.128 -------- [restartedMain] --- INFO  --- c.app.journal.JournalAppApplication -------- Starting JournalAppApplication using Java 17.0.18 with PID 11792 (C:\Users\hp\Desktop\Study\Java-programs\JournalApplication\journal\target\classes started by hp in C:\Users\hp\Desktop\Study\Java-programs\JournalApplication) 
14:43:26.131 -------- [restartedMain] --- DEBUG --- c.app.journal.JournalAppApplication -------- Running with Spring Boot v3.5.11, Spring v6.2.16 
14:43:26.132 -------- [restartedMain] --- INFO  --- c.app.journal.JournalAppApplication -------- No active profile set, falling back to 1 default profile: "default" 
14:43:26.210 -------- [restartedMain] --- INFO  --- o.s.b.d.e.DevToolsPropertyDefaultsPostProcessor -------- Devtools property defaults active! Set 'spring.devtools.add-properties' to 'false' to disable 
14:43:26.210 -------- [restartedMain] --- INFO  --- o.s.b.d.e.DevToolsPropertyDefaultsPostProcessor -------- For additional web related logging consider setting the 'logging.level.web' property to 'DEBUG' 
14:43:27.035 -------- [restartedMain] --- INFO  --- o.s.d.r.c.RepositoryConfigurationDelegate -------- Multiple Spring Data modules found, entering strict repository configuration mode 
14:43:27.037 -------- [restartedMain] --- INFO  --- o.s.d.r.c.RepositoryConfigurationDelegate -------- Bootstrapping Spring Data MongoDB repositories in DEFAULT mode. 
14:43:27.168 -------- [restartedMain] --- INFO  --- o.s.d.r.c.RepositoryConfigurationDelegate -------- Finished Spring Data repository scanning in 125 ms. Found 3 MongoDB repository interfaces. 
14:43:27.186 -------- [restartedMain] --- INFO  --- o.s.d.r.c.RepositoryConfigurationDelegate -------- Multiple Spring Data modules found, entering strict repository configuration mode 
14:43:27.187 -------- [restartedMain] --- INFO  --- o.s.d.r.c.RepositoryConfigurationDelegate -------- Bootstrapping Spring Data Redis repositories in DEFAULT mode. 
14:43:27.202 -------- [restartedMain] --- INFO  --- o.s.d.r.c.RepositoryConfigurationExtensionSupport -------- Spring Data Redis - Could not safely identify store assignment for repository candidate interface com.app.journal.repository.ConfigJournalAppRepository; If you want this repository to be a Redis repository, consider annotating your entities with one of these annotations: org.springframework.data.redis.core.RedisHash (preferred), or consider extending one of the following types with your repository: org.springframework.data.keyvalue.repository.KeyValueRepository 
14:43:27.203 -------- [restartedMain] --- INFO  --- o.s.d.r.c.RepositoryConfigurationExtensionSupport -------- Spring Data Redis - Could not safely identify store assignment for repository candidate interface com.app.journal.repository.JournalEntryRepository; If you want this repository to be a Redis repository, consider annotating your entities with one of these annotations: org.springframework.data.redis.core.RedisHash (preferred), or consider extending one of the following types with your repository: org.springframework.data.keyvalue.repository.KeyValueRepository 
14:43:27.203 -------- [restartedMain] --- INFO  --- o.s.d.r.c.RepositoryConfigurationExtensionSupport -------- Spring Data Redis - Could not safely identify store assignment for repository candidate interface com.app.journal.repository.UserRepository; If you want this repository to be a Redis repository, consider annotating your entities with one of these annotations: org.springframework.data.redis.core.RedisHash (preferred), or consider extending one of the following types with your repository: org.springframework.data.keyvalue.repository.KeyValueRepository 
14:43:27.203 -------- [restartedMain] --- INFO  --- o.s.d.r.c.RepositoryConfigurationDelegate -------- Finished Spring Data repository scanning in 8 ms. Found 0 Redis repository interfaces. 
14:43:27.835 -------- [restartedMain] --- INFO  --- o.s.b.w.e.tomcat.TomcatWebServer -------- Tomcat initialized with port 8080 (http) 
14:43:27.850 -------- [restartedMain] --- INFO  --- o.a.coyote.http11.Http11NioProtocol -------- Initializing ProtocolHandler ["http-nio-8080"] 
14:43:27.853 -------- [restartedMain] --- INFO  --- o.a.catalina.core.StandardService -------- Starting service [Tomcat] 
14:43:27.853 -------- [restartedMain] --- INFO  --- o.a.catalina.core.StandardEngine -------- Starting Servlet engine: [Apache Tomcat/10.1.52] 
14:43:27.900 -------- [restartedMain] --- INFO  --- o.a.c.c.C.[Tomcat].[localhost].[/] -------- Initializing Spring embedded WebApplicationContext 
14:43:27.901 -------- [restartedMain] --- INFO  --- o.s.b.w.s.c.ServletWebServerApplicationContext -------- Root WebApplicationContext: initialization completed in 1689 ms 
14:43:32.252 -------- [restartedMain] --- INFO  --- org.mongodb.driver.client -------- MongoClient with metadata {"application": {"name": "Cluster0"}, "driver": {"name": "mongo-java-driver|sync|spring-boot", "version": "5.5.2"}, "os": {"type": "Windows", "name": "Windows 11", "architecture": "amd64", "version": "10.0"}, "platform": "Java/Microsoft/17.0.18+8-LTS"} created with settings MongoClientSettings{readPreference=primary, writeConcern=WriteConcern{w=null, wTimeout=null ms, journal=null}, retryWrites=true, retryReads=true, readConcern=ReadConcern{level=null}, credential=MongoCredential{mechanism=null, userName='mailmerajansari_db_user', source='admin', password=<hidden>, mechanismProperties=<hidden>}, transportSettings=null, commandListeners=[], codecRegistry=ProvidersCodecRegistry{codecProviders=[ValueCodecProvider{}, BsonValueCodecProvider{}, DBRefCodecProvider{}, DBObjectCodecProvider{}, DocumentCodecProvider{}, CollectionCodecProvider{}, IterableCodecProvider{}, MapCodecProvider{}, GeoJsonCodecProvider{}, GridFSFileCodecProvider{}, Jsr310CodecProvider{}, JsonObjectCodecProvider{}, BsonCodecProvider{}, EnumCodecProvider{}, com.mongodb.client.model.mql.ExpressionCodecProvider@45ddf548, com.mongodb.Jep395RecordCodecProvider@6117d61a, com.mongodb.KotlinCodecProvider@67bdaf94]}, loggerSettings=LoggerSettings{maxDocumentLength=1000}, clusterSettings={hosts=[127.0.0.1:27017], srvHost=cluster0.b7jb1jb.mongodb.net, srvServiceName=mongodb, mode=MULTIPLE, requiredClusterType=REPLICA_SET, requiredReplicaSetName='atlas-10vsg5-shard-0', serverSelector='null', clusterListeners='[]', serverSelectionTimeout='30000 ms', localThreshold='15 ms'}, socketSettings=SocketSettings{connectTimeoutMS=10000, readTimeoutMS=0, receiveBufferSize=0, proxySettings=ProxySettings{host=null, port=null, username=null, password=null}}, heartbeatSocketSettings=SocketSettings{connectTimeoutMS=10000, readTimeoutMS=10000, receiveBufferSize=0, proxySettings=ProxySettings{host=null, port=null, username=null, password=null}}, connectionPoolSettings=ConnectionPoolSettings{maxSize=100, minSize=0, maxWaitTimeMS=120000, maxConnectionLifeTimeMS=0, maxConnectionIdleTimeMS=0, maintenanceInitialDelayMS=0, maintenanceFrequencyMS=60000, connectionPoolListeners=[], maxConnecting=2}, serverSettings=ServerSettings{heartbeatFrequencyMS=10000, minHeartbeatFrequencyMS=500, serverMonitoringMode=AUTO, serverListeners='[]', serverMonitorListeners='[]'}, sslSettings=SslSettings{enabled=true, invalidHostNameAllowed=false, context=null}, applicationName='Cluster0', compressorList=[], uuidRepresentation=JAVA_LEGACY, serverApi=null, autoEncryptionSettings=null, dnsClient=null, inetAddressResolver=null, contextProvider=null, timeoutMS=null} 
14:43:32.283 -------- [cluster-ClusterId{value='69ba6cbc082a1ba7fe9dd39d', description='Cluster0'}-srv-cluster0.b7jb1jb.mongodb.net] --- INFO  --- org.mongodb.driver.cluster -------- Adding discovered server ac-jcz0paw-shard-00-00.b7jb1jb.mongodb.net:27017 to client view of cluster 
14:43:32.322 -------- [cluster-ClusterId{value='69ba6cbc082a1ba7fe9dd39d', description='Cluster0'}-srv-cluster0.b7jb1jb.mongodb.net] --- INFO  --- org.mongodb.driver.cluster -------- Adding discovered server ac-jcz0paw-shard-00-01.b7jb1jb.mongodb.net:27017 to client view of cluster 
14:43:32.326 -------- [cluster-ClusterId{value='69ba6cbc082a1ba7fe9dd39d', description='Cluster0'}-srv-cluster0.b7jb1jb.mongodb.net] --- INFO  --- org.mongodb.driver.cluster -------- Adding discovered server ac-jcz0paw-shard-00-02.b7jb1jb.mongodb.net:27017 to client view of cluster 
14:43:32.494 -------- [restartedMain] --- INFO  --- o.s.b.d.a.OptionalLiveReloadServer -------- LiveReload server is running on port 35729 
14:43:32.708 -------- [restartedMain] --- INFO  --- org.mongodb.driver.cluster -------- Waiting for server to become available for operation with ID 5. Remaining time: 29989 ms. Selector: WritableServerSelector, topology description: {type=REPLICA_SET, servers=[{address=ac-jcz0paw-shard-00-01.b7jb1jb.mongodb.net:27017, type=UNKNOWN, state=CONNECTING}, {address=ac-jcz0paw-shard-00-02.b7jb1jb.mongodb.net:27017, type=UNKNOWN, state=CONNECTING}, {address=ac-jcz0paw-shard-00-00.b7jb1jb.mongodb.net:27017, type=UNKNOWN, state=CONNECTING}]. 
14:43:32.866 -------- [cluster-ClusterId{value='69ba6cbc082a1ba7fe9dd39d', description='Cluster0'}-ac-jcz0paw-shard-00-00.b7jb1jb.mongodb.net:27017] --- INFO  --- org.mongodb.driver.cluster -------- Monitor thread successfully connected to server with description ServerDescription{address=ac-jcz0paw-shard-00-00.b7jb1jb.mongodb.net:27017, type=REPLICA_SET_SECONDARY, cryptd=false, state=CONNECTED, ok=true, minWireVersion=0, maxWireVersion=25, maxDocumentSize=16777216, logicalSessionTimeoutMinutes=30, roundTripTimeNanos=273894900, minRoundTripTimeNanos=0, setName='atlas-10vsg5-shard-0', canonicalAddress=ac-jcz0paw-shard-00-00.b7jb1jb.mongodb.net:27017, hosts=[ac-jcz0paw-shard-00-01.b7jb1jb.mongodb.net:27017, ac-jcz0paw-shard-00-02.b7jb1jb.mongodb.net:27017, ac-jcz0paw-shard-00-00.b7jb1jb.mongodb.net:27017], passives=[], arbiters=[], primary='ac-jcz0paw-shard-00-02.b7jb1jb.mongodb.net:27017', tagSet=TagSet{[Tag{name='availabilityZone', value='aps1-az1'}, Tag{name='diskState', value='READY'}, Tag{name='nodeType', value='ELECTABLE'}, Tag{name='provider', value='AWS'}, Tag{name='region', value='AP_SOUTH_1'}, Tag{name='workloadType', value='OPERATIONAL'}]}, electionId=null, setVersion=57, topologyVersion=TopologyVersion{processId=69b30fd5ea006f2a16d8bf3e, counter=4}, lastWriteDate=Wed Mar 18 14:43:33 IST 2026, lastUpdateTimeNanos=1613009005288300} 
14:43:32.866 -------- [cluster-ClusterId{value='69ba6cbc082a1ba7fe9dd39d', description='Cluster0'}-ac-jcz0paw-shard-00-02.b7jb1jb.mongodb.net:27017] --- INFO  --- org.mongodb.driver.cluster -------- Monitor thread successfully connected to server with description ServerDescription{address=ac-jcz0paw-shard-00-02.b7jb1jb.mongodb.net:27017, type=REPLICA_SET_PRIMARY, cryptd=false, state=CONNECTED, ok=true, minWireVersion=0, maxWireVersion=25, maxDocumentSize=16777216, logicalSessionTimeoutMinutes=30, roundTripTimeNanos=273889800, minRoundTripTimeNanos=0, setName='atlas-10vsg5-shard-0', canonicalAddress=ac-jcz0paw-shard-00-02.b7jb1jb.mongodb.net:27017, hosts=[ac-jcz0paw-shard-00-01.b7jb1jb.mongodb.net:27017, ac-jcz0paw-shard-00-02.b7jb1jb.mongodb.net:27017, ac-jcz0paw-shard-00-00.b7jb1jb.mongodb.net:27017], passives=[], arbiters=[], primary='ac-jcz0paw-shard-00-02.b7jb1jb.mongodb.net:27017', tagSet=TagSet{[Tag{name='availabilityZone', value='aps1-az2'}, Tag{name='diskState', value='READY'}, Tag{name='nodeType', value='ELECTABLE'}, Tag{name='provider', value='AWS'}, Tag{name='region', value='AP_SOUTH_1'}, Tag{name='workloadType', value='OPERATIONAL'}]}, electionId=7fffffff00000000000000dc, setVersion=57, topologyVersion=TopologyVersion{processId=69b311ad332d80e6a3807b8e, counter=6}, lastWriteDate=Wed Mar 18 14:43:33 IST 2026, lastUpdateTimeNanos=1613009005288200} 
14:43:32.868 -------- [cluster-ClusterId{value='69ba6cbc082a1ba7fe9dd39d', description='Cluster0'}-ac-jcz0paw-shard-00-02.b7jb1jb.mongodb.net:27017] --- INFO  --- org.mongodb.driver.cluster -------- Discovered replica set primary ac-jcz0paw-shard-00-02.b7jb1jb.mongodb.net:27017 with max election id 7fffffff00000000000000dc and max set version 57 
14:43:33.110 -------- [cluster-ClusterId{value='69ba6cbc082a1ba7fe9dd39d', description='Cluster0'}-ac-jcz0paw-shard-00-01.b7jb1jb.mongodb.net:27017] --- INFO  --- org.mongodb.driver.cluster -------- Monitor thread successfully connected to server with description ServerDescription{address=ac-jcz0paw-shard-00-01.b7jb1jb.mongodb.net:27017, type=REPLICA_SET_SECONDARY, cryptd=false, state=CONNECTED, ok=true, minWireVersion=0, maxWireVersion=25, maxDocumentSize=16777216, logicalSessionTimeoutMinutes=30, roundTripTimeNanos=517627300, minRoundTripTimeNanos=0, setName='atlas-10vsg5-shard-0', canonicalAddress=ac-jcz0paw-shard-00-01.b7jb1jb.mongodb.net:27017, hosts=[ac-jcz0paw-shard-00-01.b7jb1jb.mongodb.net:27017, ac-jcz0paw-shard-00-02.b7jb1jb.mongodb.net:27017, ac-jcz0paw-shard-00-00.b7jb1jb.mongodb.net:27017], passives=[], arbiters=[], primary='ac-jcz0paw-shard-00-02.b7jb1jb.mongodb.net:27017', tagSet=TagSet{[Tag{name='availabilityZone', value='aps1-az3'}, Tag{name='diskState', value='READY'}, Tag{name='nodeType', value='ELECTABLE'}, Tag{name='provider', value='AWS'}, Tag{name='region', value='AP_SOUTH_1'}, Tag{name='workloadType', value='OPERATIONAL'}]}, electionId=null, setVersion=57, topologyVersion=TopologyVersion{processId=69b3142d06876aecd9b70acd, counter=3}, lastWriteDate=Wed Mar 18 14:43:33 IST 2026, lastUpdateTimeNanos=1613009251897200} 
14:43:33.459 -------- [restartedMain] --- INFO  --- com.app.journal.config.RedisConfig -------- Connected Redis Host: redis-10391.crce286.ap-south-1-1.ec2.cloud.redislabs.com 
14:43:33.461 -------- [restartedMain] --- INFO  --- com.app.journal.config.RedisConfig -------- Connected Redis Port: 10391 
14:43:34.277 -------- [restartedMain] --- INFO  --- o.s.s.c.a.a.c.InitializeAuthenticationProviderBeanManagerConfigurer$InitializeAuthenticationProviderManagerConfigurer -------- Global AuthenticationManager configured with AuthenticationProvider bean with name authenticationProvider 
14:43:34.277 -------- [restartedMain] --- WARN  --- o.s.s.c.a.a.c.InitializeUserDetailsBeanManagerConfigurer$InitializeUserDetailsManagerConfigurer -------- Global AuthenticationManager configured with an AuthenticationProvider bean. UserDetailsService beans will not be used by Spring Security for automatically configuring username/password login. Consider removing the AuthenticationProvider bean. Alternatively, consider using the UserDetailsService in a manually instantiated DaoAuthenticationProvider. If the current configuration is intentional, to turn off this warning, increase the logging level of 'org.springframework.security.config.annotation.authentication.configuration.InitializeUserDetailsBeanManagerConfigurer' to ERROR 
14:43:34.395 -------- [restartedMain] --- DEBUG --- o.s.s.web.DefaultSecurityFilterChain -------- Will secure any request with filters: DisableEncodeUrlFilter, WebAsyncManagerIntegrationFilter, SecurityContextHolderFilter, HeaderWriterFilter, LogoutFilter, BasicAuthenticationFilter, RequestCacheAwareFilter, SecurityContextHolderAwareRequestFilter, AnonymousAuthenticationFilter, ExceptionTranslationFilter, AuthorizationFilter 
14:43:34.715 -------- [restartedMain] --- INFO  --- o.a.coyote.http11.Http11NioProtocol -------- Starting ProtocolHandler ["http-nio-8080"] 
14:43:34.742 -------- [restartedMain] --- INFO  --- o.s.b.w.e.tomcat.TomcatWebServer -------- Tomcat started on port 8080 (http) with context path '/' 
14:43:34.759 -------- [restartedMain] --- INFO  --- c.app.journal.JournalAppApplication -------- Started JournalAppApplication in 9.048 seconds (process running for 9.681) 
14:49:12.747 -------- [SpringApplicationShutdownHook] --- INFO  --- o.s.b.w.e.tomcat.GracefulShutdown -------- Commencing graceful shutdown. Waiting for active requests to complete 
14:49:12.977 -------- [tomcat-shutdown] --- INFO  --- o.s.b.w.e.tomcat.GracefulShutdown -------- Graceful shutdown complete 
14:49:15.787 -------- [restartedMain] --- INFO  --- c.app.journal.JournalAppApplication -------- Starting JournalAppApplication using Java 17.0.18 with PID 32912 (C:\Users\hp\Desktop\Study\Java-programs\JournalApplication\journal\target\classes started by hp in C:\Users\hp\Desktop\Study\Java-programs\JournalApplication) 
14:49:15.791 -------- [restartedMain] --- DEBUG --- c.app.journal.JournalAppApplication -------- Running with Spring Boot v3.5.11, Spring v6.2.16 
14:49:15.792 -------- [restartedMain] --- INFO  --- c.app.journal.JournalAppApplication -------- No active profile set, falling back to 1 default profile: "default" 
14:49:15.881 -------- [restartedMain] --- INFO  --- o.s.b.d.e.DevToolsPropertyDefaultsPostProcessor -------- Devtools property defaults active! Set 'spring.devtools.add-properties' to 'false' to disable 
14:49:15.881 -------- [restartedMain] --- INFO  --- o.s.b.d.e.DevToolsPropertyDefaultsPostProcessor -------- For additional web related logging consider setting the 'logging.level.web' property to 'DEBUG' 
14:49:16.733 -------- [restartedMain] --- INFO  --- o.s.d.r.c.RepositoryConfigurationDelegate -------- Multiple Spring Data modules found, entering strict repository configuration mode 
14:49:16.735 -------- [restartedMain] --- INFO  --- o.s.d.r.c.RepositoryConfigurationDelegate -------- Bootstrapping Spring Data MongoDB repositories in DEFAULT mode. 
14:49:16.858 -------- [restartedMain] --- INFO  --- o.s.d.r.c.RepositoryConfigurationDelegate -------- Finished Spring Data repository scanning in 118 ms. Found 3 MongoDB repository interfaces. 
14:49:16.873 -------- [restartedMain] --- INFO  --- o.s.d.r.c.RepositoryConfigurationDelegate -------- Multiple Spring Data modules found, entering strict repository configuration mode 
14:49:16.873 -------- [restartedMain] --- INFO  --- o.s.d.r.c.RepositoryConfigurationDelegate -------- Bootstrapping Spring Data Redis repositories in DEFAULT mode. 
14:49:16.888 -------- [restartedMain] --- INFO  --- o.s.d.r.c.RepositoryConfigurationExtensionSupport -------- Spring Data Redis - Could not safely identify store assignment for repository candidate interface com.app.journal.repository.ConfigJournalAppRepository; If you want this repository to be a Redis repository, consider annotating your entities with one of these annotations: org.springframework.data.redis.core.RedisHash (preferred), or consider extending one of the following types with your repository: org.springframework.data.keyvalue.repository.KeyValueRepository 
14:49:16.888 -------- [restartedMain] --- INFO  --- o.s.d.r.c.RepositoryConfigurationExtensionSupport -------- Spring Data Redis - Could not safely identify store assignment for repository candidate interface com.app.journal.repository.JournalEntryRepository; If you want this repository to be a Redis repository, consider annotating your entities with one of these annotations: org.springframework.data.redis.core.RedisHash (preferred), or consider extending one of the following types with your repository: org.springframework.data.keyvalue.repository.KeyValueRepository 
14:49:16.888 -------- [restartedMain] --- INFO  --- o.s.d.r.c.RepositoryConfigurationExtensionSupport -------- Spring Data Redis - Could not safely identify store assignment for repository candidate interface com.app.journal.repository.UserRepository; If you want this repository to be a Redis repository, consider annotating your entities with one of these annotations: org.springframework.data.redis.core.RedisHash (preferred), or consider extending one of the following types with your repository: org.springframework.data.keyvalue.repository.KeyValueRepository 
14:49:16.889 -------- [restartedMain] --- INFO  --- o.s.d.r.c.RepositoryConfigurationDelegate -------- Finished Spring Data repository scanning in 7 ms. Found 0 Redis repository interfaces. 
14:49:17.506 -------- [restartedMain] --- INFO  --- o.s.b.w.e.tomcat.TomcatWebServer -------- Tomcat initialized with port 8080 (http) 
14:49:17.518 -------- [restartedMain] --- INFO  --- o.a.coyote.http11.Http11NioProtocol -------- Initializing ProtocolHandler ["http-nio-8080"] 
14:49:17.520 -------- [restartedMain] --- INFO  --- o.a.catalina.core.StandardService -------- Starting service [Tomcat] 
14:49:17.520 -------- [restartedMain] --- INFO  --- o.a.catalina.core.StandardEngine -------- Starting Servlet engine: [Apache Tomcat/10.1.52] 
14:49:17.562 -------- [restartedMain] --- INFO  --- o.a.c.c.C.[Tomcat].[localhost].[/] -------- Initializing Spring embedded WebApplicationContext 
14:49:17.563 -------- [restartedMain] --- INFO  --- o.s.b.w.s.c.ServletWebServerApplicationContext -------- Root WebApplicationContext: initialization completed in 1680 ms 
14:49:17.881 -------- [restartedMain] --- INFO  --- org.mongodb.driver.client -------- MongoClient with metadata {"application": {"name": "Cluster0"}, "driver": {"name": "mongo-java-driver|sync|spring-boot", "version": "5.5.2"}, "os": {"type": "Windows", "name": "Windows 11", "architecture": "amd64", "version": "10.0"}, "platform": "Java/Microsoft/17.0.18+8-LTS"} created with settings MongoClientSettings{readPreference=primary, writeConcern=WriteConcern{w=null, wTimeout=null ms, journal=null}, retryWrites=true, retryReads=true, readConcern=ReadConcern{level=null}, credential=MongoCredential{mechanism=null, userName='mailmerajansari_db_user', source='admin', password=<hidden>, mechanismProperties=<hidden>}, transportSettings=null, commandListeners=[], codecRegistry=ProvidersCodecRegistry{codecProviders=[ValueCodecProvider{}, BsonValueCodecProvider{}, DBRefCodecProvider{}, DBObjectCodecProvider{}, DocumentCodecProvider{}, CollectionCodecProvider{}, IterableCodecProvider{}, MapCodecProvider{}, GeoJsonCodecProvider{}, GridFSFileCodecProvider{}, Jsr310CodecProvider{}, JsonObjectCodecProvider{}, BsonCodecProvider{}, EnumCodecProvider{}, com.mongodb.client.model.mql.ExpressionCodecProvider@23189941, com.mongodb.Jep395RecordCodecProvider@6d5569e6, com.mongodb.KotlinCodecProvider@716eed61]}, loggerSettings=LoggerSettings{maxDocumentLength=1000}, clusterSettings={hosts=[127.0.0.1:27017], srvHost=cluster0.b7jb1jb.mongodb.net, srvServiceName=mongodb, mode=MULTIPLE, requiredClusterType=REPLICA_SET, requiredReplicaSetName='atlas-10vsg5-shard-0', serverSelector='null', clusterListeners='[]', serverSelectionTimeout='30000 ms', localThreshold='15 ms'}, socketSettings=SocketSettings{connectTimeoutMS=10000, readTimeoutMS=0, receiveBufferSize=0, proxySettings=ProxySettings{host=null, port=null, username=null, password=null}}, heartbeatSocketSettings=SocketSettings{connectTimeoutMS=10000, readTimeoutMS=10000, receiveBufferSize=0, proxySettings=ProxySettings{host=null, port=null, username=null, password=null}}, connectionPoolSettings=ConnectionPoolSettings{maxSize=100, minSize=0, maxWaitTimeMS=120000, maxConnectionLifeTimeMS=0, maxConnectionIdleTimeMS=0, maintenanceInitialDelayMS=0, maintenanceFrequencyMS=60000, connectionPoolListeners=[], maxConnecting=2}, serverSettings=ServerSettings{heartbeatFrequencyMS=10000, minHeartbeatFrequencyMS=500, serverMonitoringMode=AUTO, serverListeners='[]', serverMonitorListeners='[]'}, sslSettings=SslSettings{enabled=true, invalidHostNameAllowed=false, context=null}, applicationName='Cluster0', compressorList=[], uuidRepresentation=JAVA_LEGACY, serverApi=null, autoEncryptionSettings=null, dnsClient=null, inetAddressResolver=null, contextProvider=null, timeoutMS=null} 
14:49:18.043 -------- [restartedMain] --- INFO  --- o.s.b.d.a.OptionalLiveReloadServer -------- LiveReload server is running on port 35729 
14:49:18.154 -------- [restartedMain] --- INFO  --- org.mongodb.driver.cluster -------- Waiting for server to become available for operation with ID 2. Remaining time: 29993 ms. Selector: WritableServerSelector, topology description: {type=UNKNOWN, servers=[]. 
14:49:20.894 -------- [cluster-ClusterId{value='69ba6e1594e3c1824ba2932f', description='Cluster0'}-srv-cluster0.b7jb1jb.mongodb.net] --- INFO  --- org.mongodb.driver.cluster -------- Adding discovered server ac-jcz0paw-shard-00-00.b7jb1jb.mongodb.net:27017 to client view of cluster 
14:49:20.912 -------- [cluster-ClusterId{value='69ba6e1594e3c1824ba2932f', description='Cluster0'}-srv-cluster0.b7jb1jb.mongodb.net] --- INFO  --- org.mongodb.driver.cluster -------- Adding discovered server ac-jcz0paw-shard-00-01.b7jb1jb.mongodb.net:27017 to client view of cluster 
14:49:20.917 -------- [cluster-ClusterId{value='69ba6e1594e3c1824ba2932f', description='Cluster0'}-srv-cluster0.b7jb1jb.mongodb.net] --- INFO  --- org.mongodb.driver.cluster -------- Adding discovered server ac-jcz0paw-shard-00-02.b7jb1jb.mongodb.net:27017 to client view of cluster 
14:49:21.241 -------- [cluster-ClusterId{value='69ba6e1594e3c1824ba2932f', description='Cluster0'}-ac-jcz0paw-shard-00-02.b7jb1jb.mongodb.net:27017] --- INFO  --- org.mongodb.driver.cluster -------- Monitor thread successfully connected to server with description ServerDescription{address=ac-jcz0paw-shard-00-02.b7jb1jb.mongodb.net:27017, type=REPLICA_SET_PRIMARY, cryptd=false, state=CONNECTED, ok=true, minWireVersion=0, maxWireVersion=25, maxDocumentSize=16777216, logicalSessionTimeoutMinutes=30, roundTripTimeNanos=200613200, minRoundTripTimeNanos=0, setName='atlas-10vsg5-shard-0', canonicalAddress=ac-jcz0paw-shard-00-02.b7jb1jb.mongodb.net:27017, hosts=[ac-jcz0paw-shard-00-01.b7jb1jb.mongodb.net:27017, ac-jcz0paw-shard-00-02.b7jb1jb.mongodb.net:27017, ac-jcz0paw-shard-00-00.b7jb1jb.mongodb.net:27017], passives=[], arbiters=[], primary='ac-jcz0paw-shard-00-02.b7jb1jb.mongodb.net:27017', tagSet=TagSet{[Tag{name='availabilityZone', value='aps1-az2'}, Tag{name='diskState', value='READY'}, Tag{name='nodeType', value='ELECTABLE'}, Tag{name='provider', value='AWS'}, Tag{name='region', value='AP_SOUTH_1'}, Tag{name='workloadType', value='OPERATIONAL'}]}, electionId=7fffffff00000000000000dc, setVersion=57, topologyVersion=TopologyVersion{processId=69b311ad332d80e6a3807b8e, counter=6}, lastWriteDate=Wed Mar 18 14:49:21 IST 2026, lastUpdateTimeNanos=1613357380391500} 
14:49:21.243 -------- [cluster-ClusterId{value='69ba6e1594e3c1824ba2932f', description='Cluster0'}-ac-jcz0paw-shard-00-02.b7jb1jb.mongodb.net:27017] --- INFO  --- org.mongodb.driver.cluster -------- Discovered replica set primary ac-jcz0paw-shard-00-02.b7jb1jb.mongodb.net:27017 with max election id 7fffffff00000000000000dc and max set version 57 
14:49:21.246 -------- [cluster-ClusterId{value='69ba6e1594e3c1824ba2932f', description='Cluster0'}-ac-jcz0paw-shard-00-01.b7jb1jb.mongodb.net:27017] --- INFO  --- org.mongodb.driver.cluster -------- Monitor thread successfully connected to server with description ServerDescription{address=ac-jcz0paw-shard-00-01.b7jb1jb.mongodb.net:27017, type=REPLICA_SET_SECONDARY, cryptd=false, state=CONNECTED, ok=true, minWireVersion=0, maxWireVersion=25, maxDocumentSize=16777216, logicalSessionTimeoutMinutes=30, roundTripTimeNanos=202181500, minRoundTripTimeNanos=0, setName='atlas-10vsg5-shard-0', canonicalAddress=ac-jcz0paw-shard-00-01.b7jb1jb.mongodb.net:27017, hosts=[ac-jcz0paw-shard-00-01.b7jb1jb.mongodb.net:27017, ac-jcz0paw-shard-00-02.b7jb1jb.mongodb.net:27017, ac-jcz0paw-shard-00-00.b7jb1jb.mongodb.net:27017], passives=[], arbiters=[], primary='ac-jcz0paw-shard-00-02.b7jb1jb.mongodb.net:27017', tagSet=TagSet{[Tag{name='availabilityZone', value='aps1-az3'}, Tag{name='diskState', value='READY'}, Tag{name='nodeType', value='ELECTABLE'}, Tag{name='provider', value='AWS'}, Tag{name='region', value='AP_SOUTH_1'}, Tag{name='workloadType', value='OPERATIONAL'}]}, electionId=null, setVersion=57, topologyVersion=TopologyVersion{processId=69b3142d06876aecd9b70acd, counter=3}, lastWriteDate=Wed Mar 18 14:49:21 IST 2026, lastUpdateTimeNanos=1613357380391500} 
14:49:21.246 -------- [cluster-ClusterId{value='69ba6e1594e3c1824ba2932f', description='Cluster0'}-ac-jcz0paw-shard-00-00.b7jb1jb.mongodb.net:27017] --- INFO  --- org.mongodb.driver.cluster -------- Monitor thread successfully connected to server with description ServerDescription{address=ac-jcz0paw-shard-00-00.b7jb1jb.mongodb.net:27017, type=REPLICA_SET_SECONDARY, cryptd=false, state=CONNECTED, ok=true, minWireVersion=0, maxWireVersion=25, maxDocumentSize=16777216, logicalSessionTimeoutMinutes=30, roundTripTimeNanos=200627000, minRoundTripTimeNanos=0, setName='atlas-10vsg5-shard-0', canonicalAddress=ac-jcz0paw-shard-00-00.b7jb1jb.mongodb.net:27017, hosts=[ac-jcz0paw-shard-00-01.b7jb1jb.mongodb.net:27017, ac-jcz0paw-shard-00-02.b7jb1jb.mongodb.net:27017, ac-jcz0paw-shard-00-00.b7jb1jb.mongodb.net:27017], passives=[], arbiters=[], primary='ac-jcz0paw-shard-00-02.b7jb1jb.mongodb.net:27017', tagSet=TagSet{[Tag{name='availabilityZone', value='aps1-az1'}, Tag{name='diskState', value='READY'}, Tag{name='nodeType', value='ELECTABLE'}, Tag{name='provider', value='AWS'}, Tag{name='region', value='AP_SOUTH_1'}, Tag{name='workloadType', value='OPERATIONAL'}]}, electionId=null, setVersion=57, topologyVersion=TopologyVersion{processId=69b30fd5ea006f2a16d8bf3e, counter=4}, lastWriteDate=Wed Mar 18 14:49:21 IST 2026, lastUpdateTimeNanos=1613357380391400} 
14:49:21.744 -------- [restartedMain] --- INFO  --- com.app.journal.config.RedisConfig -------- Connected Redis Host: redis-10391.crce286.ap-south-1-1.ec2.cloud.redislabs.com 
14:49:21.746 -------- [restartedMain] --- INFO  --- com.app.journal.config.RedisConfig -------- Connected Redis Port: 10391 
14:49:22.426 -------- [restartedMain] --- INFO  --- o.s.s.c.a.a.c.InitializeAuthenticationProviderBeanManagerConfigurer$InitializeAuthenticationProviderManagerConfigurer -------- Global AuthenticationManager configured with AuthenticationProvider bean with name authenticationProvider 
14:49:22.426 -------- [restartedMain] --- WARN  --- o.s.s.c.a.a.c.InitializeUserDetailsBeanManagerConfigurer$InitializeUserDetailsManagerConfigurer -------- Global AuthenticationManager configured with an AuthenticationProvider bean. UserDetailsService beans will not be used by Spring Security for automatically configuring username/password login. Consider removing the AuthenticationProvider bean. Alternatively, consider using the UserDetailsService in a manually instantiated DaoAuthenticationProvider. If the current configuration is intentional, to turn off this warning, increase the logging level of 'org.springframework.security.config.annotation.authentication.configuration.InitializeUserDetailsBeanManagerConfigurer' to ERROR 
14:49:22.535 -------- [restartedMain] --- DEBUG --- o.s.s.web.DefaultSecurityFilterChain -------- Will secure any request with filters: DisableEncodeUrlFilter, WebAsyncManagerIntegrationFilter, SecurityContextHolderFilter, HeaderWriterFilter, LogoutFilter, BasicAuthenticationFilter, RequestCacheAwareFilter, SecurityContextHolderAwareRequestFilter, AnonymousAuthenticationFilter, ExceptionTranslationFilter, AuthorizationFilter 
14:49:22.815 -------- [restartedMain] --- INFO  --- o.a.coyote.http11.Http11NioProtocol -------- Starting ProtocolHandler ["http-nio-8080"] 
14:49:22.833 -------- [restartedMain] --- INFO  --- o.s.b.w.e.tomcat.TomcatWebServer -------- Tomcat started on port 8080 (http) with context path '/' 
14:49:22.853 -------- [restartedMain] --- INFO  --- c.app.journal.JournalAppApplication -------- Started JournalAppApplication in 7.519 seconds (process running for 8.15) 
14:49:26.888 -------- [http-nio-8080-exec-1] --- INFO  --- o.a.c.c.C.[Tomcat].[localhost].[/] -------- Initializing Spring DispatcherServlet 'dispatcherServlet' 
14:49:26.888 -------- [http-nio-8080-exec-1] --- INFO  --- o.s.web.servlet.DispatcherServlet -------- Initializing Servlet 'dispatcherServlet' 
14:49:26.890 -------- [http-nio-8080-exec-1] --- INFO  --- o.s.web.servlet.DispatcherServlet -------- Completed initialization in 1 ms 
14:49:26.917 -------- [http-nio-8080-exec-1] --- DEBUG --- o.s.security.web.FilterChainProxy -------- Securing GET /user/get-weather 
14:49:27.130 -------- [http-nio-8080-exec-1] --- DEBUG --- o.s.s.a.d.DaoAuthenticationProvider -------- Authenticated user 
14:49:27.132 -------- [http-nio-8080-exec-1] --- DEBUG --- o.s.s.w.a.w.BasicAuthenticationFilter -------- Set SecurityContextHolder to UsernamePasswordAuthenticationToken [Principal=org.springframework.security.core.userdetails.User [Username=david, Password=[PROTECTED], Enabled=true, AccountNonExpired=true, CredentialsNonExpired=true, AccountNonLocked=true, Granted Authorities=[ROLE_ADMIN, ROLE_USER]], Credentials=[PROTECTED], Authenticated=true, Details=WebAuthenticationDetails [RemoteIpAddress=0:0:0:0:0:0:0:1, SessionId=null], Granted Authorities=[ROLE_ADMIN, ROLE_USER]] 
14:49:27.137 -------- [http-nio-8080-exec-1] --- DEBUG --- o.s.security.web.FilterChainProxy -------- Secured GET /user/get-weather 
14:49:27.167 -------- [http-nio-8080-exec-1] --- INFO  --- c.app.journal.service.RedisService -------- Redis GET called for key: weather_of_Chennai 
14:49:27.767 -------- [http-nio-8080-exec-1] --- WARN  --- c.app.journal.service.RedisService -------- Cache MISS for key: weather_of_Chennai 
14:49:28.664 -------- [http-nio-8080-exec-1] --- INFO  --- c.app.journal.service.RedisService -------- Redis SET called for key: weather_of_Chennai with TTL: 300 
14:49:28.702 -------- [http-nio-8080-exec-1] --- INFO  --- c.app.journal.service.RedisService -------- Data stored successfully in Redis for key: weather_of_Chennai 
14:54:21.387 -------- [cluster-ClusterId{value='69ba6e1594e3c1824ba2932f', description='Cluster0'}-ac-jcz0paw-shard-00-00.b7jb1jb.mongodb.net:27017] --- INFO  --- org.mongodb.driver.cluster -------- Exception in monitor thread while connecting to server ac-jcz0paw-shard-00-00.b7jb1jb.mongodb.net:27017 
com.mongodb.MongoSocketReadTimeoutException: Timeout while receiving message
	at com.mongodb.internal.connection.InternalStreamConnection.createReadTimeoutException(InternalStreamConnection.java:819)
	at com.mongodb.internal.connection.InternalStreamConnection.translateReadException(InternalStreamConnection.java:807)
	at com.mongodb.internal.connection.InternalStreamConnection.receiveResponseBuffers(InternalStreamConnection.java:857)
	at com.mongodb.internal.connection.InternalStreamConnection.receiveCommandMessageResponse(InternalStreamConnection.java:517)
	at com.mongodb.internal.connection.InternalStreamConnection.receive(InternalStreamConnection.java:469)
	at com.mongodb.internal.connection.DefaultServerMonitor$ServerMonitor.lookupServerDescription(DefaultServerMonitor.java:249)
	at com.mongodb.internal.connection.DefaultServerMonitor$ServerMonitor.run(DefaultServerMonitor.java:176)
Caused by: java.net.SocketTimeoutException: Read timed out
	at java.base/sun.nio.ch.NioSocketImpl.timedRead(NioSocketImpl.java:288)
	at java.base/sun.nio.ch.NioSocketImpl.implRead(NioSocketImpl.java:314)
	at java.base/sun.nio.ch.NioSocketImpl.read(NioSocketImpl.java:355)
	at java.base/sun.nio.ch.NioSocketImpl$1.read(NioSocketImpl.java:808)
	at java.base/java.net.Socket$SocketInputStream.read(Socket.java:966)
	at java.base/sun.security.ssl.SSLSocketInputRecord.read(SSLSocketInputRecord.java:484)
	at java.base/sun.security.ssl.SSLSocketInputRecord.readHeader(SSLSocketInputRecord.java:478)
	at java.base/sun.security.ssl.SSLSocketInputRecord.bytesInCompletePacket(SSLSocketInputRecord.java:70)
	at java.base/sun.security.ssl.SSLSocketImpl.readApplicationRecord(SSLSocketImpl.java:1465)
	at java.base/sun.security.ssl.SSLSocketImpl$AppInputStream.read(SSLSocketImpl.java:1069)
	at com.mongodb.internal.connection.SocketStream.read(SocketStream.java:182)
	at com.mongodb.internal.connection.InternalStreamConnection.receiveResponseBuffers(InternalStreamConnection.java:824)
	... 4 common frames omitted
14:54:21.479 -------- [cluster-ClusterId{value='69ba6e1594e3c1824ba2932f', description='Cluster0'}-ac-jcz0paw-shard-00-01.b7jb1jb.mongodb.net:27017] --- INFO  --- org.mongodb.driver.cluster -------- Exception in monitor thread while connecting to server ac-jcz0paw-shard-00-01.b7jb1jb.mongodb.net:27017 
com.mongodb.MongoSocketReadTimeoutException: Timeout while receiving message
	at com.mongodb.internal.connection.InternalStreamConnection.createReadTimeoutException(InternalStreamConnection.java:819)
	at com.mongodb.internal.connection.InternalStreamConnection.translateReadException(InternalStreamConnection.java:807)
	at com.mongodb.internal.connection.InternalStreamConnection.receiveResponseBuffers(InternalStreamConnection.java:857)
	at com.mongodb.internal.connection.InternalStreamConnection.receiveCommandMessageResponse(InternalStreamConnection.java:517)
	at com.mongodb.internal.connection.InternalStreamConnection.receive(InternalStreamConnection.java:469)
	at com.mongodb.internal.connection.DefaultServerMonitor$ServerMonitor.lookupServerDescription(DefaultServerMonitor.java:249)
	at com.mongodb.internal.connection.DefaultServerMonitor$ServerMonitor.run(DefaultServerMonitor.java:176)
Caused by: java.net.SocketTimeoutException: Read timed out
	at java.base/sun.nio.ch.NioSocketImpl.timedRead(NioSocketImpl.java:288)
	at java.base/sun.nio.ch.NioSocketImpl.implRead(NioSocketImpl.java:314)
	at java.base/sun.nio.ch.NioSocketImpl.read(NioSocketImpl.java:355)
	at java.base/sun.nio.ch.NioSocketImpl$1.read(NioSocketImpl.java:808)
	at java.base/java.net.Socket$SocketInputStream.read(Socket.java:966)
	at java.base/sun.security.ssl.SSLSocketInputRecord.read(SSLSocketInputRecord.java:484)
	at java.base/sun.security.ssl.SSLSocketInputRecord.readHeader(SSLSocketInputRecord.java:478)
	at java.base/sun.security.ssl.SSLSocketInputRecord.bytesInCompletePacket(SSLSocketInputRecord.java:70)
	at java.base/sun.security.ssl.SSLSocketImpl.readApplicationRecord(SSLSocketImpl.java:1465)
	at java.base/sun.security.ssl.SSLSocketImpl$AppInputStream.read(SSLSocketImpl.java:1069)
	at com.mongodb.internal.connection.SocketStream.read(SocketStream.java:182)
	at com.mongodb.internal.connection.InternalStreamConnection.receiveResponseBuffers(InternalStreamConnection.java:824)
	... 4 common frames omitted
14:54:21.540 -------- [cluster-ClusterId{value='69ba6e1594e3c1824ba2932f', description='Cluster0'}-ac-jcz0paw-shard-00-02.b7jb1jb.mongodb.net:27017] --- INFO  --- org.mongodb.driver.cluster -------- Exception in monitor thread while connecting to server ac-jcz0paw-shard-00-02.b7jb1jb.mongodb.net:27017 
com.mongodb.MongoSocketReadTimeoutException: Timeout while receiving message
	at com.mongodb.internal.connection.InternalStreamConnection.createReadTimeoutException(InternalStreamConnection.java:819)
	at com.mongodb.internal.connection.InternalStreamConnection.translateReadException(InternalStreamConnection.java:807)
	at com.mongodb.internal.connection.InternalStreamConnection.receiveResponseBuffers(InternalStreamConnection.java:857)
	at com.mongodb.internal.connection.InternalStreamConnection.receiveCommandMessageResponse(InternalStreamConnection.java:517)
	at com.mongodb.internal.connection.InternalStreamConnection.receive(InternalStreamConnection.java:469)
	at com.mongodb.internal.connection.DefaultServerMonitor$ServerMonitor.lookupServerDescription(DefaultServerMonitor.java:249)
	at com.mongodb.internal.connection.DefaultServerMonitor$ServerMonitor.run(DefaultServerMonitor.java:176)
Caused by: java.net.SocketTimeoutException: Read timed out
	at java.base/sun.nio.ch.NioSocketImpl.timedRead(NioSocketImpl.java:288)
	at java.base/sun.nio.ch.NioSocketImpl.implRead(NioSocketImpl.java:314)
	at java.base/sun.nio.ch.NioSocketImpl.read(NioSocketImpl.java:355)
	at java.base/sun.nio.ch.NioSocketImpl$1.read(NioSocketImpl.java:808)
	at java.base/java.net.Socket$SocketInputStream.read(Socket.java:966)
	at java.base/sun.security.ssl.SSLSocketInputRecord.read(SSLSocketInputRecord.java:484)
	at java.base/sun.security.ssl.SSLSocketInputRecord.readHeader(SSLSocketInputRecord.java:478)
	at java.base/sun.security.ssl.SSLSocketInputRecord.bytesInCompletePacket(SSLSocketInputRecord.java:70)
	at java.base/sun.security.ssl.SSLSocketImpl.readApplicationRecord(SSLSocketImpl.java:1465)
	at java.base/sun.security.ssl.SSLSocketImpl$AppInputStream.read(SSLSocketImpl.java:1069)
	at com.mongodb.internal.connection.SocketStream.read(SocketStream.java:182)
	at com.mongodb.internal.connection.InternalStreamConnection.receiveResponseBuffers(InternalStreamConnection.java:824)
	... 4 common frames omitted
14:54:31.412 -------- [cluster-ClusterId{value='69ba6e1594e3c1824ba2932f', description='Cluster0'}-ac-jcz0paw-shard-00-00.b7jb1jb.mongodb.net:27017] --- INFO  --- org.mongodb.driver.cluster -------- Exception in monitor thread while connecting to server ac-jcz0paw-shard-00-00.b7jb1jb.mongodb.net:27017 
com.mongodb.MongoSocketOpenException: Exception opening socket
	at com.mongodb.internal.connection.SocketStream.lambda$open$0(SocketStream.java:85)
	at java.base/java.util.Optional.orElseThrow(Optional.java:403)
	at com.mongodb.internal.connection.SocketStream.open(SocketStream.java:85)
	at com.mongodb.internal.connection.InternalStreamConnection.open(InternalStreamConnection.java:233)
	at com.mongodb.internal.connection.DefaultServerMonitor$ServerMonitor.lookupServerDescription(DefaultServerMonitor.java:219)
	at com.mongodb.internal.connection.DefaultServerMonitor$ServerMonitor.run(DefaultServerMonitor.java:176)
Caused by: java.net.SocketTimeoutException: Connect timed out
	at java.base/sun.nio.ch.NioSocketImpl.timedFinishConnect(NioSocketImpl.java:551)
	at java.base/sun.nio.ch.NioSocketImpl.connect(NioSocketImpl.java:602)
	at java.base/java.net.SocksSocketImpl.connect(SocksSocketImpl.java:327)
	at java.base/java.net.Socket.connect(Socket.java:633)
	at java.base/sun.security.ssl.SSLSocketImpl.connect(SSLSocketImpl.java:304)
	at com.mongodb.internal.connection.SocketStreamHelper.initialize(SocketStreamHelper.java:76)
	at com.mongodb.internal.connection.SocketStream.initializeSocket(SocketStream.java:104)
	at com.mongodb.internal.connection.SocketStream.open(SocketStream.java:79)
	... 3 common frames omitted
14:54:31.491 -------- [cluster-ClusterId{value='69ba6e1594e3c1824ba2932f', description='Cluster0'}-ac-jcz0paw-shard-00-01.b7jb1jb.mongodb.net:27017] --- INFO  --- org.mongodb.driver.cluster -------- Exception in monitor thread while connecting to server ac-jcz0paw-shard-00-01.b7jb1jb.mongodb.net:27017 
com.mongodb.MongoSocketOpenException: Exception opening socket
	at com.mongodb.internal.connection.SocketStream.lambda$open$0(SocketStream.java:85)
	at java.base/java.util.Optional.orElseThrow(Optional.java:403)
	at com.mongodb.internal.connection.SocketStream.open(SocketStream.java:85)
	at com.mongodb.internal.connection.InternalStreamConnection.open(InternalStreamConnection.java:233)
	at com.mongodb.internal.connection.DefaultServerMonitor$ServerMonitor.lookupServerDescription(DefaultServerMonitor.java:219)
	at com.mongodb.internal.connection.DefaultServerMonitor$ServerMonitor.run(DefaultServerMonitor.java:176)
Caused by: java.net.SocketTimeoutException: Connect timed out
	at java.base/sun.nio.ch.NioSocketImpl.timedFinishConnect(NioSocketImpl.java:551)
	at java.base/sun.nio.ch.NioSocketImpl.connect(NioSocketImpl.java:602)
	at java.base/java.net.SocksSocketImpl.connect(SocksSocketImpl.java:327)
	at java.base/java.net.Socket.connect(Socket.java:633)
	at java.base/sun.security.ssl.SSLSocketImpl.connect(SSLSocketImpl.java:304)
	at com.mongodb.internal.connection.SocketStreamHelper.initialize(SocketStreamHelper.java:76)
	at com.mongodb.internal.connection.SocketStream.initializeSocket(SocketStream.java:104)
	at com.mongodb.internal.connection.SocketStream.open(SocketStream.java:79)
	... 3 common frames omitted
14:54:31.552 -------- [cluster-ClusterId{value='69ba6e1594e3c1824ba2932f', description='Cluster0'}-ac-jcz0paw-shard-00-02.b7jb1jb.mongodb.net:27017] --- INFO  --- org.mongodb.driver.cluster -------- Exception in monitor thread while connecting to server ac-jcz0paw-shard-00-02.b7jb1jb.mongodb.net:27017 
com.mongodb.MongoSocketOpenException: Exception opening socket
	at com.mongodb.internal.connection.SocketStream.lambda$open$0(SocketStream.java:85)
	at java.base/java.util.Optional.orElseThrow(Optional.java:403)
	at com.mongodb.internal.connection.SocketStream.open(SocketStream.java:85)
	at com.mongodb.internal.connection.InternalStreamConnection.open(InternalStreamConnection.java:233)
	at com.mongodb.internal.connection.DefaultServerMonitor$ServerMonitor.lookupServerDescription(DefaultServerMonitor.java:219)
	at com.mongodb.internal.connection.DefaultServerMonitor$ServerMonitor.run(DefaultServerMonitor.java:176)
Caused by: java.net.SocketTimeoutException: Connect timed out
	at java.base/sun.nio.ch.NioSocketImpl.timedFinishConnect(NioSocketImpl.java:551)
	at java.base/sun.nio.ch.NioSocketImpl.connect(NioSocketImpl.java:602)
	at java.base/java.net.SocksSocketImpl.connect(SocksSocketImpl.java:327)
	at java.base/java.net.Socket.connect(Socket.java:633)
	at java.base/sun.security.ssl.SSLSocketImpl.connect(SSLSocketImpl.java:304)
	at com.mongodb.internal.connection.SocketStreamHelper.initialize(SocketStreamHelper.java:76)
	at com.mongodb.internal.connection.SocketStream.initializeSocket(SocketStream.java:104)
	at com.mongodb.internal.connection.SocketStream.open(SocketStream.java:79)
	... 3 common frames omitted
14:55:55.122 -------- [http-nio-8080-exec-5] --- DEBUG --- o.s.security.web.FilterChainProxy -------- Securing GET /user/get-weather 
14:55:55.124 -------- [http-nio-8080-exec-5] --- INFO  --- org.mongodb.driver.cluster -------- Waiting for server to become available for operation with ID 212. Remaining time: 29999 ms. Selector: ReadPreferenceServerSelector{readPreference=primary}, topology description: {type=REPLICA_SET, servers=[{address=ac-jcz0paw-shard-00-01.b7jb1jb.mongodb.net:27017, type=UNKNOWN, state=CONNECTING, exception={com.mongodb.MongoSocketOpenException: Exception opening socket}, caused by {java.net.SocketTimeoutException: Connect timed out}}, {address=ac-jcz0paw-shard-00-02.b7jb1jb.mongodb.net:27017, type=UNKNOWN, state=CONNECTING, exception={com.mongodb.MongoSocketOpenException: Exception opening socket}, caused by {java.net.SocketTimeoutException: Connect timed out}}, {address=ac-jcz0paw-shard-00-00.b7jb1jb.mongodb.net:27017, type=UNKNOWN, state=CONNECTING, exception={com.mongodb.MongoSocketOpenException: Exception opening socket}, caused by {java.net.SocketTimeoutException: Connect timed out}}]. 
14:56:25.131 -------- [http-nio-8080-exec-5] --- DEBUG --- o.s.s.a.DefaultAuthenticationEventPublisher -------- No event was found for the exception org.springframework.security.authentication.InternalAuthenticationServiceException 
14:56:25.131 -------- [http-nio-8080-exec-5] --- DEBUG --- o.s.s.authentication.ProviderManager -------- Authentication service failed internally for user 'david' 
org.springframework.security.authentication.InternalAuthenticationServiceException: Timed out while waiting for a server that matches ReadPreferenceServerSelector{readPreference=primary}. Client view of cluster state is {type=REPLICA_SET, servers=[{address=ac-jcz0paw-shard-00-01.b7jb1jb.mongodb.net:27017, type=UNKNOWN, state=CONNECTING, exception={com.mongodb.MongoSocketOpenException: Exception opening socket}, caused by {java.net.SocketTimeoutException: Connect timed out}}, {address=ac-jcz0paw-shard-00-02.b7jb1jb.mongodb.net:27017, type=UNKNOWN, state=CONNECTING, exception={com.mongodb.MongoSocketOpenException: Exception opening socket}, caused by {java.net.SocketTimeoutException: Connect timed out}}, {address=ac-jcz0paw-shard-00-00.b7jb1jb.mongodb.net:27017, type=UNKNOWN, state=CONNECTING, exception={com.mongodb.MongoSocketOpenException: Exception opening socket}, caused by {java.net.SocketTimeoutException: Connect timed out}}]
	at org.springframework.security.authentication.dao.DaoAuthenticationProvider.retrieveUser(DaoAuthenticationProvider.java:136)
	at org.springframework.security.authentication.dao.AbstractUserDetailsAuthenticationProvider.authenticate(AbstractUserDetailsAuthenticationProvider.java:136)
	at org.springframework.security.authentication.ProviderManager.authenticate(ProviderManager.java:182)
	at org.springframework.security.authentication.ProviderManager.authenticate(ProviderManager.java:214)
	at org.springframework.security.web.authentication.www.BasicAuthenticationFilter.doFilterInternal(BasicAuthenticationFilter.java:187)
	at org.springframework.web.filter.OncePerRequestFilter.doFilter(OncePerRequestFilter.java:116)
	at org.springframework.security.web.FilterChainProxy$VirtualFilterChain.doFilter(FilterChainProxy.java:374)
	at org.springframework.security.web.authentication.logout.LogoutFilter.doFilter(LogoutFilter.java:107)
	at org.springframework.security.web.authentication.logout.LogoutFilter.doFilter(LogoutFilter.java:93)
	at org.springframework.security.web.FilterChainProxy$VirtualFilterChain.doFilter(FilterChainProxy.java:374)
	at org.springframework.security.web.header.HeaderWriterFilter.doHeadersAfter(HeaderWriterFilter.java:90)
	at org.springframework.security.web.header.HeaderWriterFilter.doFilterInternal(HeaderWriterFilter.java:75)
	at org.springframework.web.filter.OncePerRequestFilter.doFilter(OncePerRequestFilter.java:116)
	at org.springframework.security.web.FilterChainProxy$VirtualFilterChain.doFilter(FilterChainProxy.java:374)
	at org.springframework.security.web.context.SecurityContextHolderFilter.doFilter(SecurityContextHolderFilter.java:82)
	at org.springframework.security.web.context.SecurityContextHolderFilter.doFilter(SecurityContextHolderFilter.java:69)
	at org.springframework.security.web.FilterChainProxy$VirtualFilterChain.doFilter(FilterChainProxy.java:374)
	at org.springframework.security.web.context.request.async.WebAsyncManagerIntegrationFilter.doFilterInternal(WebAsyncManagerIntegrationFilter.java:62)
	at org.springframework.web.filter.OncePerRequestFilter.doFilter(OncePerRequestFilter.java:116)
	at org.springframework.security.web.FilterChainProxy$VirtualFilterChain.doFilter(FilterChainProxy.java:374)
	at org.springframework.security.web.session.DisableEncodeUrlFilter.doFilterInternal(DisableEncodeUrlFilter.java:42)
	at org.springframework.web.filter.OncePerRequestFilter.doFilter(OncePerRequestFilter.java:116)
	at org.springframework.security.web.FilterChainProxy$VirtualFilterChain.doFilter(FilterChainProxy.java:374)
	at org.springframework.security.web.FilterChainProxy.doFilterInternal(FilterChainProxy.java:233)
	at org.springframework.security.web.FilterChainProxy.doFilter(FilterChainProxy.java:191)
	at org.springframework.web.filter.CompositeFilter$VirtualFilterChain.doFilter(CompositeFilter.java:113)
	at org.springframework.web.filter.ServletRequestPathFilter.doFilter(ServletRequestPathFilter.java:52)
	at org.springframework.web.filter.CompositeFilter$VirtualFilterChain.doFilter(CompositeFilter.java:113)
	at org.springframework.web.filter.CompositeFilter.doFilter(CompositeFilter.java:74)
	at org.springframework.security.config.annotation.web.configuration.WebSecurityConfiguration$CompositeFilterChainProxy.doFilter(WebSecurityConfiguration.java:319)
	at org.springframework.web.filter.CompositeFilter$VirtualFilterChain.doFilter(CompositeFilter.java:113)
	at org.springframework.web.servlet.handler.HandlerMappingIntrospector.lambda$createCacheFilter$4(HandlerMappingIntrospector.java:267)
	at org.springframework.web.filter.CompositeFilter$VirtualFilterChain.doFilter(CompositeFilter.java:113)
	at org.springframework.web.filter.CompositeFilter.doFilter(CompositeFilter.java:74)
	at org.springframework.security.config.annotation.web.configuration.WebMvcSecurityConfiguration$CompositeFilterChainProxy.doFilter(WebMvcSecurityConfiguration.java:240)
	at org.springframework.web.filter.DelegatingFilterProxy.invokeDelegate(DelegatingFilterProxy.java:362)
	at org.springframework.web.filter.DelegatingFilterProxy.doFilter(DelegatingFilterProxy.java:278)
	at org.apache.catalina.core.ApplicationFilterChain.internalDoFilter(ApplicationFilterChain.java:162)
	at org.apache.catalina.core.ApplicationFilterChain.doFilter(ApplicationFilterChain.java:138)
	at org.springframework.web.filter.RequestContextFilter.doFilterInternal(RequestContextFilter.java:100)
	at org.springframework.web.filter.OncePerRequestFilter.doFilter(OncePerRequestFilter.java:116)
	at org.apache.catalina.core.ApplicationFilterChain.internalDoFilter(ApplicationFilterChain.java:162)
	at org.apache.catalina.core.ApplicationFilterChain.doFilter(ApplicationFilterChain.java:138)
	at org.springframework.web.filter.FormContentFilter.doFilterInternal(FormContentFilter.java:93)
	at org.springframework.web.filter.OncePerRequestFilter.doFilter(OncePerRequestFilter.java:116)
	at org.apache.catalina.core.ApplicationFilterChain.internalDoFilter(ApplicationFilterChain.java:162)
	at org.apache.catalina.core.ApplicationFilterChain.doFilter(ApplicationFilterChain.java:138)
	at org.springframework.web.filter.CharacterEncodingFilter.doFilterInternal(CharacterEncodingFilter.java:201)
	at org.springframework.web.filter.OncePerRequestFilter.doFilter(OncePerRequestFilter.java:116)
	at org.apache.catalina.core.ApplicationFilterChain.internalDoFilter(ApplicationFilterChain.java:162)
	at org.apache.catalina.core.ApplicationFilterChain.doFilter(ApplicationFilterChain.java:138)
	at org.apache.catalina.core.StandardWrapperValve.invoke(StandardWrapperValve.java:165)
	at org.apache.catalina.core.StandardContextValve.invoke(StandardContextValve.java:88)
	at org.apache.catalina.authenticator.AuthenticatorBase.invoke(AuthenticatorBase.java:492)
	at org.apache.catalina.core.StandardHostValve.invoke(StandardHostValve.java:113)
	at org.apache.catalina.valves.ErrorReportValve.invoke(ErrorReportValve.java:83)
	at org.apache.catalina.core.StandardEngineValve.invoke(StandardEngineValve.java:72)
	at org.apache.catalina.connector.CoyoteAdapter.service(CoyoteAdapter.java:342)
	at org.apache.coyote.http11.Http11Processor.service(Http11Processor.java:399)
	at org.apache.coyote.AbstractProcessorLight.process(AbstractProcessorLight.java:63)
	at org.apache.coyote.AbstractProtocol$ConnectionHandler.process(AbstractProtocol.java:903)
	at org.apache.tomcat.util.net.NioEndpoint$SocketProcessor.doRun(NioEndpoint.java:1775)
	at org.apache.tomcat.util.net.SocketProcessorBase.run(SocketProcessorBase.java:52)
	at org.apache.tomcat.util.threads.ThreadPoolExecutor.runWorker(ThreadPoolExecutor.java:973)
	at org.apache.tomcat.util.threads.ThreadPoolExecutor$Worker.run(ThreadPoolExecutor.java:491)
	at org.apache.tomcat.util.threads.TaskThread$WrappingRunnable.run(TaskThread.java:63)
	at java.base/java.lang.Thread.run(Thread.java:840)
Caused by: org.springframework.dao.DataAccessResourceFailureException: Timed out while waiting for a server that matches ReadPreferenceServerSelector{readPreference=primary}. Client view of cluster state is {type=REPLICA_SET, servers=[{address=ac-jcz0paw-shard-00-01.b7jb1jb.mongodb.net:27017, type=UNKNOWN, state=CONNECTING, exception={com.mongodb.MongoSocketOpenException: Exception opening socket}, caused by {java.net.SocketTimeoutException: Connect timed out}}, {address=ac-jcz0paw-shard-00-02.b7jb1jb.mongodb.net:27017, type=UNKNOWN, state=CONNECTING, exception={com.mongodb.MongoSocketOpenException: Exception opening socket}, caused by {java.net.SocketTimeoutException: Connect timed out}}, {address=ac-jcz0paw-shard-00-00.b7jb1jb.mongodb.net:27017, type=UNKNOWN, state=CONNECTING, exception={com.mongodb.MongoSocketOpenException: Exception opening socket}, caused by {java.net.SocketTimeoutException: Connect timed out}}]
	at org.springframework.data.mongodb.core.MongoExceptionTranslator.doTranslateException(MongoExceptionTranslator.java:97)
	at org.springframework.data.mongodb.core.MongoExceptionTranslator.translateExceptionIfPossible(MongoExceptionTranslator.java:74)
	at org.springframework.data.mongodb.core.MongoTemplate.potentiallyConvertRuntimeException(MongoTemplate.java:3037)
	at org.springframework.data.mongodb.core.MongoTemplate.executeFindMultiInternal(MongoTemplate.java:2957)
	at org.springframework.data.mongodb.core.MongoTemplate.doFind(MongoTemplate.java:2656)
	at org.springframework.data.mongodb.core.ExecutableFindOperationSupport$ExecutableFindSupport.doFind(ExecutableFindOperationSupport.java:178)
	at org.springframework.data.mongodb.core.ExecutableFindOperationSupport$ExecutableFindSupport.oneValue(ExecutableFindOperationSupport.java:113)
	at org.springframework.data.mongodb.repository.query.AbstractMongoQuery.lambda$getExecution$8(AbstractMongoQuery.java:239)
	at org.springframework.data.mongodb.repository.query.AbstractMongoQuery.doExecute(AbstractMongoQuery.java:184)
	at org.springframework.data.mongodb.repository.query.AbstractMongoQuery.execute(AbstractMongoQuery.java:156)
	at org.springframework.data.repository.core.support.RepositoryMethodInvoker.doInvoke(RepositoryMethodInvoker.java:170)
	at org.springframework.data.repository.core.support.RepositoryMethodInvoker.invoke(RepositoryMethodInvoker.java:158)
	at org.springframework.data.repository.core.support.QueryExecutorMethodInterceptor.doInvoke(QueryExecutorMethodInterceptor.java:170)
	at org.springframework.data.repository.core.support.QueryExecutorMethodInterceptor.invoke(QueryExecutorMethodInterceptor.java:149)
	at org.springframework.aop.framework.ReflectiveMethodInvocation.proceed(ReflectiveMethodInvocation.java:184)
	at org.springframework.data.projection.DefaultMethodInvokingMethodInterceptor.invoke(DefaultMethodInvokingMethodInterceptor.java:69)
	at org.springframework.aop.framework.ReflectiveMethodInvocation.proceed(ReflectiveMethodInvocation.java:184)
	at org.springframework.data.mongodb.repository.support.CrudMethodMetadataPostProcessor$CrudMethodMetadataPopulatingMethodInterceptor.invoke(CrudMethodMetadataPostProcessor.java:129)
	at org.springframework.aop.framework.ReflectiveMethodInvocation.proceed(ReflectiveMethodInvocation.java:184)
	at org.springframework.aop.framework.JdkDynamicAopProxy.invoke(JdkDynamicAopProxy.java:223)
	at jdk.proxy3/jdk.proxy3.$Proxy84.findByUserName(Unknown Source)
	at java.base/jdk.internal.reflect.NativeMethodAccessorImpl.invoke0(Native Method)
	at java.base/jdk.internal.reflect.NativeMethodAccessorImpl.invoke(NativeMethodAccessorImpl.java:77)
	at java.base/jdk.internal.reflect.DelegatingMethodAccessorImpl.invoke(DelegatingMethodAccessorImpl.java:43)
	at java.base/java.lang.reflect.Method.invoke(Method.java:569)
	at org.springframework.aop.support.AopUtils.invokeJoinpointUsingReflection(AopUtils.java:360)
	at org.springframework.aop.framework.ReflectiveMethodInvocation.invokeJoinpoint(ReflectiveMethodInvocation.java:196)
	at org.springframework.aop.framework.ReflectiveMethodInvocation.proceed(ReflectiveMethodInvocation.java:163)
	at org.springframework.dao.support.PersistenceExceptionTranslationInterceptor.invoke(PersistenceExceptionTranslationInterceptor.java:138)
	at org.springframework.aop.framework.ReflectiveMethodInvocation.proceed(ReflectiveMethodInvocation.java:184)
	at org.springframework.aop.framework.JdkDynamicAopProxy.invoke(JdkDynamicAopProxy.java:223)
	at jdk.proxy3/jdk.proxy3.$Proxy84.findByUserName(Unknown Source)
	at com.app.journal.service.UserDetailsServiceImpl.loadUserByUsername(UserDetailsServiceImpl.java:19)
	at org.springframework.security.authentication.dao.DaoAuthenticationProvider.retrieveUser(DaoAuthenticationProvider.java:121)
	... 66 common frames omitted
Caused by: com.mongodb.MongoTimeoutException: Timed out while waiting for a server that matches ReadPreferenceServerSelector{readPreference=primary}. Client view of cluster state is {type=REPLICA_SET, servers=[{address=ac-jcz0paw-shard-00-01.b7jb1jb.mongodb.net:27017, type=UNKNOWN, state=CONNECTING, exception={com.mongodb.MongoSocketOpenException: Exception opening socket}, caused by {java.net.SocketTimeoutException: Connect timed out}}, {address=ac-jcz0paw-shard-00-02.b7jb1jb.mongodb.net:27017, type=UNKNOWN, state=CONNECTING, exception={com.mongodb.MongoSocketOpenException: Exception opening socket}, caused by {java.net.SocketTimeoutException: Connect timed out}}, {address=ac-jcz0paw-shard-00-00.b7jb1jb.mongodb.net:27017, type=UNKNOWN, state=CONNECTING, exception={com.mongodb.MongoSocketOpenException: Exception opening socket}, caused by {java.net.SocketTimeoutException: Connect timed out}}]
	at com.mongodb.internal.connection.BaseCluster.logAndThrowTimeoutException(BaseCluster.java:427)
	at com.mongodb.internal.connection.BaseCluster.lambda$selectServer$0(BaseCluster.java:154)
	at com.mongodb.internal.time.Timeout.lambda$onExistsAndExpired$16(Timeout.java:236)
	at com.mongodb.internal.time.Timeout.lambda$run$10(Timeout.java:201)
	at com.mongodb.internal.time.TimePoint.checkedCall(TimePoint.java:99)
	at com.mongodb.internal.time.Timeout.call(Timeout.java:174)
	at com.mongodb.internal.time.Timeout.run(Timeout.java:194)
	at com.mongodb.internal.time.Timeout.onExistsAndExpired(Timeout.java:233)
	at com.mongodb.internal.time.Timeout.onExpired(Timeout.java:226)
	at com.mongodb.internal.connection.BaseCluster.selectServer(BaseCluster.java:153)
	at com.mongodb.internal.connection.AbstractMultiServerCluster.selectServer(AbstractMultiServerCluster.java:59)
	at com.mongodb.internal.binding.ClusterBinding.getReadConnectionSource(ClusterBinding.java:82)
	at com.mongodb.client.internal.ClientSessionBinding.getConnectionSource(ClientSessionBinding.java:108)
	at com.mongodb.client.internal.ClientSessionBinding.getReadConnectionSource(ClientSessionBinding.java:88)
	at com.mongodb.internal.operation.SyncOperationHelper.withSuppliedResource(SyncOperationHelper.java:148)
	at com.mongodb.internal.operation.SyncOperationHelper.withSourceAndConnection(SyncOperationHelper.java:129)
	at com.mongodb.internal.operation.FindOperation.lambda$execute$2(FindOperation.java:296)
	at com.mongodb.internal.operation.SyncOperationHelper.lambda$decorateReadWithRetries$13(SyncOperationHelper.java:317)
	at com.mongodb.internal.async.function.RetryingSyncSupplier.get(RetryingSyncSupplier.java:67)
	at com.mongodb.internal.operation.FindOperation.execute(FindOperation.java:307)
	at com.mongodb.internal.operation.FindOperation.execute(FindOperation.java:70)
	at com.mongodb.client.internal.MongoClusterImpl$OperationExecutorImpl.execute(MongoClusterImpl.java:424)
	at com.mongodb.client.internal.MongoIterableImpl.execute(MongoIterableImpl.java:156)
	at com.mongodb.client.internal.MongoIterableImpl.iterator(MongoIterableImpl.java:116)
	at org.springframework.data.mongodb.core.MongoTemplate.executeFindMultiInternal(MongoTemplate.java:2944)
	... 96 common frames omitted
14:56:25.134 -------- [http-nio-8080-exec-5] --- DEBUG --- o.s.s.authentication.ProviderManager -------- Denying authentication since all attempted providers failed 
14:56:25.134 -------- [http-nio-8080-exec-5] --- DEBUG --- o.s.s.w.a.w.BasicAuthenticationFilter -------- Failed to process authentication request 
org.springframework.security.authentication.InternalAuthenticationServiceException: Timed out while waiting for a server that matches ReadPreferenceServerSelector{readPreference=primary}. Client view of cluster state is {type=REPLICA_SET, servers=[{address=ac-jcz0paw-shard-00-01.b7jb1jb.mongodb.net:27017, type=UNKNOWN, state=CONNECTING, exception={com.mongodb.MongoSocketOpenException: Exception opening socket}, caused by {java.net.SocketTimeoutException: Connect timed out}}, {address=ac-jcz0paw-shard-00-02.b7jb1jb.mongodb.net:27017, type=UNKNOWN, state=CONNECTING, exception={com.mongodb.MongoSocketOpenException: Exception opening socket}, caused by {java.net.SocketTimeoutException: Connect timed out}}, {address=ac-jcz0paw-shard-00-00.b7jb1jb.mongodb.net:27017, type=UNKNOWN, state=CONNECTING, exception={com.mongodb.MongoSocketOpenException: Exception opening socket}, caused by {java.net.SocketTimeoutException: Connect timed out}}]
	at org.springframework.security.authentication.dao.DaoAuthenticationProvider.retrieveUser(DaoAuthenticationProvider.java:136)
	at org.springframework.security.authentication.dao.AbstractUserDetailsAuthenticationProvider.authenticate(AbstractUserDetailsAuthenticationProvider.java:136)
	at org.springframework.security.authentication.ProviderManager.authenticate(ProviderManager.java:182)
	at org.springframework.security.authentication.ProviderManager.authenticate(ProviderManager.java:214)
	at org.springframework.security.web.authentication.www.BasicAuthenticationFilter.doFilterInternal(BasicAuthenticationFilter.java:187)
	at org.springframework.web.filter.OncePerRequestFilter.doFilter(OncePerRequestFilter.java:116)
	at org.springframework.security.web.FilterChainProxy$VirtualFilterChain.doFilter(FilterChainProxy.java:374)
	at org.springframework.security.web.authentication.logout.LogoutFilter.doFilter(LogoutFilter.java:107)
	at org.springframework.security.web.authentication.logout.LogoutFilter.doFilter(LogoutFilter.java:93)
	at org.springframework.security.web.FilterChainProxy$VirtualFilterChain.doFilter(FilterChainProxy.java:374)
	at org.springframework.security.web.header.HeaderWriterFilter.doHeadersAfter(HeaderWriterFilter.java:90)
	at org.springframework.security.web.header.HeaderWriterFilter.doFilterInternal(HeaderWriterFilter.java:75)
	at org.springframework.web.filter.OncePerRequestFilter.doFilter(OncePerRequestFilter.java:116)
	at org.springframework.security.web.FilterChainProxy$VirtualFilterChain.doFilter(FilterChainProxy.java:374)
	at org.springframework.security.web.context.SecurityContextHolderFilter.doFilter(SecurityContextHolderFilter.java:82)
	at org.springframework.security.web.context.SecurityContextHolderFilter.doFilter(SecurityContextHolderFilter.java:69)
	at org.springframework.security.web.FilterChainProxy$VirtualFilterChain.doFilter(FilterChainProxy.java:374)
	at org.springframework.security.web.context.request.async.WebAsyncManagerIntegrationFilter.doFilterInternal(WebAsyncManagerIntegrationFilter.java:62)
	at org.springframework.web.filter.OncePerRequestFilter.doFilter(OncePerRequestFilter.java:116)
	at org.springframework.security.web.FilterChainProxy$VirtualFilterChain.doFilter(FilterChainProxy.java:374)
	at org.springframework.security.web.session.DisableEncodeUrlFilter.doFilterInternal(DisableEncodeUrlFilter.java:42)
	at org.springframework.web.filter.OncePerRequestFilter.doFilter(OncePerRequestFilter.java:116)
	at org.springframework.security.web.FilterChainProxy$VirtualFilterChain.doFilter(FilterChainProxy.java:374)
	at org.springframework.security.web.FilterChainProxy.doFilterInternal(FilterChainProxy.java:233)
	at org.springframework.security.web.FilterChainProxy.doFilter(FilterChainProxy.java:191)
	at org.springframework.web.filter.CompositeFilter$VirtualFilterChain.doFilter(CompositeFilter.java:113)
	at org.springframework.web.filter.ServletRequestPathFilter.doFilter(ServletRequestPathFilter.java:52)
	at org.springframework.web.filter.CompositeFilter$VirtualFilterChain.doFilter(CompositeFilter.java:113)
	at org.springframework.web.filter.CompositeFilter.doFilter(CompositeFilter.java:74)
	at org.springframework.security.config.annotation.web.configuration.WebSecurityConfiguration$CompositeFilterChainProxy.doFilter(WebSecurityConfiguration.java:319)
	at org.springframework.web.filter.CompositeFilter$VirtualFilterChain.doFilter(CompositeFilter.java:113)
	at org.springframework.web.servlet.handler.HandlerMappingIntrospector.lambda$createCacheFilter$4(HandlerMappingIntrospector.java:267)
	at org.springframework.web.filter.CompositeFilter$VirtualFilterChain.doFilter(CompositeFilter.java:113)
	at org.springframework.web.filter.CompositeFilter.doFilter(CompositeFilter.java:74)
	at org.springframework.security.config.annotation.web.configuration.WebMvcSecurityConfiguration$CompositeFilterChainProxy.doFilter(WebMvcSecurityConfiguration.java:240)
	at org.springframework.web.filter.DelegatingFilterProxy.invokeDelegate(DelegatingFilterProxy.java:362)
	at org.springframework.web.filter.DelegatingFilterProxy.doFilter(DelegatingFilterProxy.java:278)
	at org.apache.catalina.core.ApplicationFilterChain.internalDoFilter(ApplicationFilterChain.java:162)
	at org.apache.catalina.core.ApplicationFilterChain.doFilter(ApplicationFilterChain.java:138)
	at org.springframework.web.filter.RequestContextFilter.doFilterInternal(RequestContextFilter.java:100)
	at org.springframework.web.filter.OncePerRequestFilter.doFilter(OncePerRequestFilter.java:116)
	at org.apache.catalina.core.ApplicationFilterChain.internalDoFilter(ApplicationFilterChain.java:162)
	at org.apache.catalina.core.ApplicationFilterChain.doFilter(ApplicationFilterChain.java:138)
	at org.springframework.web.filter.FormContentFilter.doFilterInternal(FormContentFilter.java:93)
	at org.springframework.web.filter.OncePerRequestFilter.doFilter(OncePerRequestFilter.java:116)
	at org.apache.catalina.core.ApplicationFilterChain.internalDoFilter(ApplicationFilterChain.java:162)
	at org.apache.catalina.core.ApplicationFilterChain.doFilter(ApplicationFilterChain.java:138)
	at org.springframework.web.filter.CharacterEncodingFilter.doFilterInternal(CharacterEncodingFilter.java:201)
	at org.springframework.web.filter.OncePerRequestFilter.doFilter(OncePerRequestFilter.java:116)
	at org.apache.catalina.core.ApplicationFilterChain.internalDoFilter(ApplicationFilterChain.java:162)
	at org.apache.catalina.core.ApplicationFilterChain.doFilter(ApplicationFilterChain.java:138)
	at org.apache.catalina.core.StandardWrapperValve.invoke(StandardWrapperValve.java:165)
	at org.apache.catalina.core.StandardContextValve.invoke(StandardContextValve.java:88)
	at org.apache.catalina.authenticator.AuthenticatorBase.invoke(AuthenticatorBase.java:492)
	at org.apache.catalina.core.StandardHostValve.invoke(StandardHostValve.java:113)
	at org.apache.catalina.valves.ErrorReportValve.invoke(ErrorReportValve.java:83)
	at org.apache.catalina.core.StandardEngineValve.invoke(StandardEngineValve.java:72)
	at org.apache.catalina.connector.CoyoteAdapter.service(CoyoteAdapter.java:342)
	at org.apache.coyote.http11.Http11Processor.service(Http11Processor.java:399)
	at org.apache.coyote.AbstractProcessorLight.process(AbstractProcessorLight.java:63)
	at org.apache.coyote.AbstractProtocol$ConnectionHandler.process(AbstractProtocol.java:903)
	at org.apache.tomcat.util.net.NioEndpoint$SocketProcessor.doRun(NioEndpoint.java:1775)
	at org.apache.tomcat.util.net.SocketProcessorBase.run(SocketProcessorBase.java:52)
	at org.apache.tomcat.util.threads.ThreadPoolExecutor.runWorker(ThreadPoolExecutor.java:973)
	at org.apache.tomcat.util.threads.ThreadPoolExecutor$Worker.run(ThreadPoolExecutor.java:491)
	at org.apache.tomcat.util.threads.TaskThread$WrappingRunnable.run(TaskThread.java:63)
	at java.base/java.lang.Thread.run(Thread.java:840)
Caused by: org.springframework.dao.DataAccessResourceFailureException: Timed out while waiting for a server that matches ReadPreferenceServerSelector{readPreference=primary}. Client view of cluster state is {type=REPLICA_SET, servers=[{address=ac-jcz0paw-shard-00-01.b7jb1jb.mongodb.net:27017, type=UNKNOWN, state=CONNECTING, exception={com.mongodb.MongoSocketOpenException: Exception opening socket}, caused by {java.net.SocketTimeoutException: Connect timed out}}, {address=ac-jcz0paw-shard-00-02.b7jb1jb.mongodb.net:27017, type=UNKNOWN, state=CONNECTING, exception={com.mongodb.MongoSocketOpenException: Exception opening socket}, caused by {java.net.SocketTimeoutException: Connect timed out}}, {address=ac-jcz0paw-shard-00-00.b7jb1jb.mongodb.net:27017, type=UNKNOWN, state=CONNECTING, exception={com.mongodb.MongoSocketOpenException: Exception opening socket}, caused by {java.net.SocketTimeoutException: Connect timed out}}]
	at org.springframework.data.mongodb.core.MongoExceptionTranslator.doTranslateException(MongoExceptionTranslator.java:97)
	at org.springframework.data.mongodb.core.MongoExceptionTranslator.translateExceptionIfPossible(MongoExceptionTranslator.java:74)
	at org.springframework.data.mongodb.core.MongoTemplate.potentiallyConvertRuntimeException(MongoTemplate.java:3037)
	at org.springframework.data.mongodb.core.MongoTemplate.executeFindMultiInternal(MongoTemplate.java:2957)
	at org.springframework.data.mongodb.core.MongoTemplate.doFind(MongoTemplate.java:2656)
	at org.springframework.data.mongodb.core.ExecutableFindOperationSupport$ExecutableFindSupport.doFind(ExecutableFindOperationSupport.java:178)
	at org.springframework.data.mongodb.core.ExecutableFindOperationSupport$ExecutableFindSupport.oneValue(ExecutableFindOperationSupport.java:113)
	at org.springframework.data.mongodb.repository.query.AbstractMongoQuery.lambda$getExecution$8(AbstractMongoQuery.java:239)
	at org.springframework.data.mongodb.repository.query.AbstractMongoQuery.doExecute(AbstractMongoQuery.java:184)
	at org.springframework.data.mongodb.repository.query.AbstractMongoQuery.execute(AbstractMongoQuery.java:156)
	at org.springframework.data.repository.core.support.RepositoryMethodInvoker.doInvoke(RepositoryMethodInvoker.java:170)
	at org.springframework.data.repository.core.support.RepositoryMethodInvoker.invoke(RepositoryMethodInvoker.java:158)
	at org.springframework.data.repository.core.support.QueryExecutorMethodInterceptor.doInvoke(QueryExecutorMethodInterceptor.java:170)
	at org.springframework.data.repository.core.support.QueryExecutorMethodInterceptor.invoke(QueryExecutorMethodInterceptor.java:149)
	at org.springframework.aop.framework.ReflectiveMethodInvocation.proceed(ReflectiveMethodInvocation.java:184)
	at org.springframework.data.projection.DefaultMethodInvokingMethodInterceptor.invoke(DefaultMethodInvokingMethodInterceptor.java:69)
	at org.springframework.aop.framework.ReflectiveMethodInvocation.proceed(ReflectiveMethodInvocation.java:184)
	at org.springframework.data.mongodb.repository.support.CrudMethodMetadataPostProcessor$CrudMethodMetadataPopulatingMethodInterceptor.invoke(CrudMethodMetadataPostProcessor.java:129)
	at org.springframework.aop.framework.ReflectiveMethodInvocation.proceed(ReflectiveMethodInvocation.java:184)
	at org.springframework.aop.framework.JdkDynamicAopProxy.invoke(JdkDynamicAopProxy.java:223)
	at jdk.proxy3/jdk.proxy3.$Proxy84.findByUserName(Unknown Source)
	at java.base/jdk.internal.reflect.NativeMethodAccessorImpl.invoke0(Native Method)
	at java.base/jdk.internal.reflect.NativeMethodAccessorImpl.invoke(NativeMethodAccessorImpl.java:77)
	at java.base/jdk.internal.reflect.DelegatingMethodAccessorImpl.invoke(DelegatingMethodAccessorImpl.java:43)
	at java.base/java.lang.reflect.Method.invoke(Method.java:569)
	at org.springframework.aop.support.AopUtils.invokeJoinpointUsingReflection(AopUtils.java:360)
	at org.springframework.aop.framework.ReflectiveMethodInvocation.invokeJoinpoint(ReflectiveMethodInvocation.java:196)
	at org.springframework.aop.framework.ReflectiveMethodInvocation.proceed(ReflectiveMethodInvocation.java:163)
	at org.springframework.dao.support.PersistenceExceptionTranslationInterceptor.invoke(PersistenceExceptionTranslationInterceptor.java:138)
	at org.springframework.aop.framework.ReflectiveMethodInvocation.proceed(ReflectiveMethodInvocation.java:184)
	at org.springframework.aop.framework.JdkDynamicAopProxy.invoke(JdkDynamicAopProxy.java:223)
	at jdk.proxy3/jdk.proxy3.$Proxy84.findByUserName(Unknown Source)
	at com.app.journal.service.UserDetailsServiceImpl.loadUserByUsername(UserDetailsServiceImpl.java:19)
	at org.springframework.security.authentication.dao.DaoAuthenticationProvider.retrieveUser(DaoAuthenticationProvider.java:121)
	... 66 common frames omitted
Caused by: com.mongodb.MongoTimeoutException: Timed out while waiting for a server that matches ReadPreferenceServerSelector{readPreference=primary}. Client view of cluster state is {type=REPLICA_SET, servers=[{address=ac-jcz0paw-shard-00-01.b7jb1jb.mongodb.net:27017, type=UNKNOWN, state=CONNECTING, exception={com.mongodb.MongoSocketOpenException: Exception opening socket}, caused by {java.net.SocketTimeoutException: Connect timed out}}, {address=ac-jcz0paw-shard-00-02.b7jb1jb.mongodb.net:27017, type=UNKNOWN, state=CONNECTING, exception={com.mongodb.MongoSocketOpenException: Exception opening socket}, caused by {java.net.SocketTimeoutException: Connect timed out}}, {address=ac-jcz0paw-shard-00-00.b7jb1jb.mongodb.net:27017, type=UNKNOWN, state=CONNECTING, exception={com.mongodb.MongoSocketOpenException: Exception opening socket}, caused by {java.net.SocketTimeoutException: Connect timed out}}]
	at com.mongodb.internal.connection.BaseCluster.logAndThrowTimeoutException(BaseCluster.java:427)
	at com.mongodb.internal.connection.BaseCluster.lambda$selectServer$0(BaseCluster.java:154)
	at com.mongodb.internal.time.Timeout.lambda$onExistsAndExpired$16(Timeout.java:236)
	at com.mongodb.internal.time.Timeout.lambda$run$10(Timeout.java:201)
	at com.mongodb.internal.time.TimePoint.checkedCall(TimePoint.java:99)
	at com.mongodb.internal.time.Timeout.call(Timeout.java:174)
	at com.mongodb.internal.time.Timeout.run(Timeout.java:194)
	at com.mongodb.internal.time.Timeout.onExistsAndExpired(Timeout.java:233)
	at com.mongodb.internal.time.Timeout.onExpired(Timeout.java:226)
	at com.mongodb.internal.connection.BaseCluster.selectServer(BaseCluster.java:153)
	at com.mongodb.internal.connection.AbstractMultiServerCluster.selectServer(AbstractMultiServerCluster.java:59)
	at com.mongodb.internal.binding.ClusterBinding.getReadConnectionSource(ClusterBinding.java:82)
	at com.mongodb.client.internal.ClientSessionBinding.getConnectionSource(ClientSessionBinding.java:108)
	at com.mongodb.client.internal.ClientSessionBinding.getReadConnectionSource(ClientSessionBinding.java:88)
	at com.mongodb.internal.operation.SyncOperationHelper.withSuppliedResource(SyncOperationHelper.java:148)
	at com.mongodb.internal.operation.SyncOperationHelper.withSourceAndConnection(SyncOperationHelper.java:129)
	at com.mongodb.internal.operation.FindOperation.lambda$execute$2(FindOperation.java:296)
	at com.mongodb.internal.operation.SyncOperationHelper.lambda$decorateReadWithRetries$13(SyncOperationHelper.java:317)
	at com.mongodb.internal.async.function.RetryingSyncSupplier.get(RetryingSyncSupplier.java:67)
	at com.mongodb.internal.operation.FindOperation.execute(FindOperation.java:307)
	at com.mongodb.internal.operation.FindOperation.execute(FindOperation.java:70)
	at com.mongodb.client.internal.MongoClusterImpl$OperationExecutorImpl.execute(MongoClusterImpl.java:424)
	at com.mongodb.client.internal.MongoIterableImpl.execute(MongoIterableImpl.java:156)
	at com.mongodb.client.internal.MongoIterableImpl.iterator(MongoIterableImpl.java:116)
	at org.springframework.data.mongodb.core.MongoTemplate.executeFindMultiInternal(MongoTemplate.java:2944)
	... 96 common frames omitted
14:56:25.135 -------- [http-nio-8080-exec-5] --- DEBUG --- o.s.s.w.a.DelegatingAuthenticationEntryPoint -------- Trying to match using RequestHeaderRequestMatcher [expectedHeaderName=X-Requested-With, expectedHeaderValue=XMLHttpRequest] 
14:56:25.136 -------- [http-nio-8080-exec-5] --- DEBUG --- o.s.s.w.a.DelegatingAuthenticationEntryPoint -------- No match found. Using default entry point org.springframework.security.web.authentication.www.BasicAuthenticationEntryPoint@37bc4b51 
14:56:25.147 -------- [http-nio-8080-exec-5] --- DEBUG --- o.s.security.web.FilterChainProxy -------- Securing GET /error 
14:56:25.148 -------- [http-nio-8080-exec-5] --- DEBUG --- o.s.s.w.a.AnonymousAuthenticationFilter -------- Set SecurityContextHolder to anonymous SecurityContext 
14:56:25.189 -------- [http-nio-8080-exec-5] --- DEBUG --- o.s.s.w.s.HttpSessionRequestCache -------- Saved request http://localhost:8080/error?continue to session 
14:56:25.189 -------- [http-nio-8080-exec-5] --- DEBUG --- o.s.s.w.a.DelegatingAuthenticationEntryPoint -------- Trying to match using RequestHeaderRequestMatcher [expectedHeaderName=X-Requested-With, expectedHeaderValue=XMLHttpRequest] 
14:56:25.189 -------- [http-nio-8080-exec-5] --- DEBUG --- o.s.s.w.a.DelegatingAuthenticationEntryPoint -------- No match found. Using default entry point org.springframework.security.web.authentication.www.BasicAuthenticationEntryPoint@37bc4b51 
15:02:36.682 -------- [cluster-ClusterId{value='69ba6e1594e3c1824ba2932f', description='Cluster0'}-ac-jcz0paw-shard-00-01.b7jb1jb.mongodb.net:27017] --- INFO  --- org.mongodb.driver.cluster -------- Monitor thread successfully connected to server with description ServerDescription{address=ac-jcz0paw-shard-00-01.b7jb1jb.mongodb.net:27017, type=REPLICA_SET_SECONDARY, cryptd=false, state=CONNECTED, ok=true, minWireVersion=0, maxWireVersion=25, maxDocumentSize=16777216, logicalSessionTimeoutMinutes=30, roundTripTimeNanos=195903400, minRoundTripTimeNanos=0, setName='atlas-10vsg5-shard-0', canonicalAddress=ac-jcz0paw-shard-00-01.b7jb1jb.mongodb.net:27017, hosts=[ac-jcz0paw-shard-00-01.b7jb1jb.mongodb.net:27017, ac-jcz0paw-shard-00-02.b7jb1jb.mongodb.net:27017, ac-jcz0paw-shard-00-00.b7jb1jb.mongodb.net:27017], passives=[], arbiters=[], primary='ac-jcz0paw-shard-00-02.b7jb1jb.mongodb.net:27017', tagSet=TagSet{[Tag{name='availabilityZone', value='aps1-az3'}, Tag{name='diskState', value='READY'}, Tag{name='nodeType', value='ELECTABLE'}, Tag{name='provider', value='AWS'}, Tag{name='region', value='AP_SOUTH_1'}, Tag{name='workloadType', value='OPERATIONAL'}]}, electionId=null, setVersion=57, topologyVersion=TopologyVersion{processId=69b3142d06876aecd9b70acd, counter=3}, lastWriteDate=Wed Mar 18 15:02:36 IST 2026, lastUpdateTimeNanos=1614152822646800} 
15:02:36.698 -------- [cluster-ClusterId{value='69ba6e1594e3c1824ba2932f', description='Cluster0'}-ac-jcz0paw-shard-00-02.b7jb1jb.mongodb.net:27017] --- INFO  --- org.mongodb.driver.cluster -------- Monitor thread successfully connected to server with description ServerDescription{address=ac-jcz0paw-shard-00-02.b7jb1jb.mongodb.net:27017, type=REPLICA_SET_PRIMARY, cryptd=false, state=CONNECTED, ok=true, minWireVersion=0, maxWireVersion=25, maxDocumentSize=16777216, logicalSessionTimeoutMinutes=30, roundTripTimeNanos=215120900, minRoundTripTimeNanos=0, setName='atlas-10vsg5-shard-0', canonicalAddress=ac-jcz0paw-shard-00-02.b7jb1jb.mongodb.net:27017, hosts=[ac-jcz0paw-shard-00-01.b7jb1jb.mongodb.net:27017, ac-jcz0paw-shard-00-02.b7jb1jb.mongodb.net:27017, ac-jcz0paw-shard-00-00.b7jb1jb.mongodb.net:27017], passives=[], arbiters=[], primary='ac-jcz0paw-shard-00-02.b7jb1jb.mongodb.net:27017', tagSet=TagSet{[Tag{name='availabilityZone', value='aps1-az2'}, Tag{name='diskState', value='READY'}, Tag{name='nodeType', value='ELECTABLE'}, Tag{name='provider', value='AWS'}, Tag{name='region', value='AP_SOUTH_1'}, Tag{name='workloadType', value='OPERATIONAL'}]}, electionId=7fffffff00000000000000dc, setVersion=57, topologyVersion=TopologyVersion{processId=69b311ad332d80e6a3807b8e, counter=6}, lastWriteDate=Wed Mar 18 15:02:36 IST 2026, lastUpdateTimeNanos=1614152839958200} 
15:02:36.699 -------- [cluster-ClusterId{value='69ba6e1594e3c1824ba2932f', description='Cluster0'}-ac-jcz0paw-shard-00-02.b7jb1jb.mongodb.net:27017] --- INFO  --- org.mongodb.driver.cluster -------- Discovered replica set primary ac-jcz0paw-shard-00-02.b7jb1jb.mongodb.net:27017 with max election id 7fffffff00000000000000dc and max set version 57 
15:02:36.706 -------- [cluster-ClusterId{value='69ba6e1594e3c1824ba2932f', description='Cluster0'}-ac-jcz0paw-shard-00-00.b7jb1jb.mongodb.net:27017] --- INFO  --- org.mongodb.driver.cluster -------- Monitor thread successfully connected to server with description ServerDescription{address=ac-jcz0paw-shard-00-00.b7jb1jb.mongodb.net:27017, type=REPLICA_SET_SECONDARY, cryptd=false, state=CONNECTED, ok=true, minWireVersion=0, maxWireVersion=25, maxDocumentSize=16777216, logicalSessionTimeoutMinutes=30, roundTripTimeNanos=204911700, minRoundTripTimeNanos=0, setName='atlas-10vsg5-shard-0', canonicalAddress=ac-jcz0paw-shard-00-00.b7jb1jb.mongodb.net:27017, hosts=[ac-jcz0paw-shard-00-01.b7jb1jb.mongodb.net:27017, ac-jcz0paw-shard-00-02.b7jb1jb.mongodb.net:27017, ac-jcz0paw-shard-00-00.b7jb1jb.mongodb.net:27017], passives=[], arbiters=[], primary='ac-jcz0paw-shard-00-02.b7jb1jb.mongodb.net:27017', tagSet=TagSet{[Tag{name='availabilityZone', value='aps1-az1'}, Tag{name='diskState', value='READY'}, Tag{name='nodeType', value='ELECTABLE'}, Tag{name='provider', value='AWS'}, Tag{name='region', value='AP_SOUTH_1'}, Tag{name='workloadType', value='OPERATIONAL'}]}, electionId=null, setVersion=57, topologyVersion=TopologyVersion{processId=69b30fd5ea006f2a16d8bf3e, counter=4}, lastWriteDate=Wed Mar 18 15:02:36 IST 2026, lastUpdateTimeNanos=1614152849370500} 
15:04:06.790 -------- [cluster-ClusterId{value='69ba6e1594e3c1824ba2932f', description='Cluster0'}-ac-jcz0paw-shard-00-02.b7jb1jb.mongodb.net:27017] --- INFO  --- org.mongodb.driver.cluster -------- Exception in monitor thread while connecting to server ac-jcz0paw-shard-00-02.b7jb1jb.mongodb.net:27017 
com.mongodb.MongoSocketReadTimeoutException: Timeout while receiving message
	at com.mongodb.internal.connection.InternalStreamConnection.createReadTimeoutException(InternalStreamConnection.java:819)
	at com.mongodb.internal.connection.InternalStreamConnection.translateReadException(InternalStreamConnection.java:807)
	at com.mongodb.internal.connection.InternalStreamConnection.receiveResponseBuffers(InternalStreamConnection.java:857)
	at com.mongodb.internal.connection.InternalStreamConnection.receiveCommandMessageResponse(InternalStreamConnection.java:517)
	at com.mongodb.internal.connection.InternalStreamConnection.receive(InternalStreamConnection.java:469)
	at com.mongodb.internal.connection.DefaultServerMonitor$ServerMonitor.lookupServerDescription(DefaultServerMonitor.java:249)
	at com.mongodb.internal.connection.DefaultServerMonitor$ServerMonitor.run(DefaultServerMonitor.java:176)
Caused by: java.net.SocketTimeoutException: Read timed out
	at java.base/sun.nio.ch.NioSocketImpl.timedRead(NioSocketImpl.java:288)
	at java.base/sun.nio.ch.NioSocketImpl.implRead(NioSocketImpl.java:314)
	at java.base/sun.nio.ch.NioSocketImpl.read(NioSocketImpl.java:355)
	at java.base/sun.nio.ch.NioSocketImpl$1.read(NioSocketImpl.java:808)
	at java.base/java.net.Socket$SocketInputStream.read(Socket.java:966)
	at java.base/sun.security.ssl.SSLSocketInputRecord.read(SSLSocketInputRecord.java:484)
	at java.base/sun.security.ssl.SSLSocketInputRecord.readHeader(SSLSocketInputRecord.java:478)
	at java.base/sun.security.ssl.SSLSocketInputRecord.bytesInCompletePacket(SSLSocketInputRecord.java:70)
	at java.base/sun.security.ssl.SSLSocketImpl.readApplicationRecord(SSLSocketImpl.java:1465)
	at java.base/sun.security.ssl.SSLSocketImpl$AppInputStream.read(SSLSocketImpl.java:1069)
	at com.mongodb.internal.connection.SocketStream.read(SocketStream.java:182)
	at com.mongodb.internal.connection.InternalStreamConnection.receiveResponseBuffers(InternalStreamConnection.java:824)
	... 4 common frames omitted
15:04:16.802 -------- [cluster-ClusterId{value='69ba6e1594e3c1824ba2932f', description='Cluster0'}-ac-jcz0paw-shard-00-02.b7jb1jb.mongodb.net:27017] --- INFO  --- org.mongodb.driver.cluster -------- Exception in monitor thread while connecting to server ac-jcz0paw-shard-00-02.b7jb1jb.mongodb.net:27017 
com.mongodb.MongoSocketOpenException: Exception opening socket
	at com.mongodb.internal.connection.SocketStream.lambda$open$0(SocketStream.java:85)
	at java.base/java.util.Optional.orElseThrow(Optional.java:403)
	at com.mongodb.internal.connection.SocketStream.open(SocketStream.java:85)
	at com.mongodb.internal.connection.InternalStreamConnection.open(InternalStreamConnection.java:233)
	at com.mongodb.internal.connection.DefaultServerMonitor$ServerMonitor.lookupServerDescription(DefaultServerMonitor.java:219)
	at com.mongodb.internal.connection.DefaultServerMonitor$ServerMonitor.run(DefaultServerMonitor.java:176)
Caused by: java.net.SocketTimeoutException: Connect timed out
	at java.base/sun.nio.ch.NioSocketImpl.timedFinishConnect(NioSocketImpl.java:551)
	at java.base/sun.nio.ch.NioSocketImpl.connect(NioSocketImpl.java:602)
	at java.base/java.net.SocksSocketImpl.connect(SocksSocketImpl.java:327)
	at java.base/java.net.Socket.connect(Socket.java:633)
	at java.base/sun.security.ssl.SSLSocketImpl.connect(SSLSocketImpl.java:304)
	at com.mongodb.internal.connection.SocketStreamHelper.initialize(SocketStreamHelper.java:76)
	at com.mongodb.internal.connection.SocketStream.initializeSocket(SocketStream.java:104)
	at com.mongodb.internal.connection.SocketStream.open(SocketStream.java:79)
	... 3 common frames omitted
15:04:16.803 -------- [cluster-ClusterId{value='69ba6e1594e3c1824ba2932f', description='Cluster0'}-ac-jcz0paw-shard-00-00.b7jb1jb.mongodb.net:27017] --- INFO  --- org.mongodb.driver.cluster -------- Exception in monitor thread while connecting to server ac-jcz0paw-shard-00-00.b7jb1jb.mongodb.net:27017 
com.mongodb.MongoSocketReadTimeoutException: Timeout while receiving message
	at com.mongodb.internal.connection.InternalStreamConnection.createReadTimeoutException(InternalStreamConnection.java:819)
	at com.mongodb.internal.connection.InternalStreamConnection.translateReadException(InternalStreamConnection.java:807)
	at com.mongodb.internal.connection.InternalStreamConnection.receiveResponseBuffers(InternalStreamConnection.java:857)
	at com.mongodb.internal.connection.InternalStreamConnection.receiveCommandMessageResponse(InternalStreamConnection.java:517)
	at com.mongodb.internal.connection.InternalStreamConnection.receive(InternalStreamConnection.java:469)
	at com.mongodb.internal.connection.DefaultServerMonitor$ServerMonitor.lookupServerDescription(DefaultServerMonitor.java:249)
	at com.mongodb.internal.connection.DefaultServerMonitor$ServerMonitor.run(DefaultServerMonitor.java:176)
Caused by: java.net.SocketTimeoutException: Read timed out
	at java.base/sun.nio.ch.NioSocketImpl.timedRead(NioSocketImpl.java:288)
	at java.base/sun.nio.ch.NioSocketImpl.implRead(NioSocketImpl.java:314)
	at java.base/sun.nio.ch.NioSocketImpl.read(NioSocketImpl.java:355)
	at java.base/sun.nio.ch.NioSocketImpl$1.read(NioSocketImpl.java:808)
	at java.base/java.net.Socket$SocketInputStream.read(Socket.java:966)
	at java.base/sun.security.ssl.SSLSocketInputRecord.read(SSLSocketInputRecord.java:484)
	at java.base/sun.security.ssl.SSLSocketInputRecord.readHeader(SSLSocketInputRecord.java:478)
	at java.base/sun.security.ssl.SSLSocketInputRecord.bytesInCompletePacket(SSLSocketInputRecord.java:70)
	at java.base/sun.security.ssl.SSLSocketImpl.readApplicationRecord(SSLSocketImpl.java:1465)
	at java.base/sun.security.ssl.SSLSocketImpl$AppInputStream.read(SSLSocketImpl.java:1069)
	at com.mongodb.internal.connection.SocketStream.read(SocketStream.java:182)
	at com.mongodb.internal.connection.InternalStreamConnection.receiveResponseBuffers(InternalStreamConnection.java:824)
	... 4 common frames omitted
15:04:26.779 -------- [cluster-ClusterId{value='69ba6e1594e3c1824ba2932f', description='Cluster0'}-ac-jcz0paw-shard-00-01.b7jb1jb.mongodb.net:27017] --- INFO  --- org.mongodb.driver.cluster -------- Exception in monitor thread while connecting to server ac-jcz0paw-shard-00-01.b7jb1jb.mongodb.net:27017 
com.mongodb.MongoSocketReadTimeoutException: Timeout while receiving message
	at com.mongodb.internal.connection.InternalStreamConnection.createReadTimeoutException(InternalStreamConnection.java:819)
	at com.mongodb.internal.connection.InternalStreamConnection.translateReadException(InternalStreamConnection.java:807)
	at com.mongodb.internal.connection.InternalStreamConnection.receiveResponseBuffers(InternalStreamConnection.java:857)
	at com.mongodb.internal.connection.InternalStreamConnection.receiveCommandMessageResponse(InternalStreamConnection.java:517)
	at com.mongodb.internal.connection.InternalStreamConnection.receive(InternalStreamConnection.java:469)
	at com.mongodb.internal.connection.DefaultServerMonitor$ServerMonitor.lookupServerDescription(DefaultServerMonitor.java:249)
	at com.mongodb.internal.connection.DefaultServerMonitor$ServerMonitor.run(DefaultServerMonitor.java:176)
Caused by: java.net.SocketTimeoutException: Read timed out
	at java.base/sun.nio.ch.NioSocketImpl.timedRead(NioSocketImpl.java:288)
	at java.base/sun.nio.ch.NioSocketImpl.implRead(NioSocketImpl.java:314)
	at java.base/sun.nio.ch.NioSocketImpl.read(NioSocketImpl.java:355)
	at java.base/sun.nio.ch.NioSocketImpl$1.read(NioSocketImpl.java:808)
	at java.base/java.net.Socket$SocketInputStream.read(Socket.java:966)
	at java.base/sun.security.ssl.SSLSocketInputRecord.read(SSLSocketInputRecord.java:484)
	at java.base/sun.security.ssl.SSLSocketInputRecord.readHeader(SSLSocketInputRecord.java:478)
	at java.base/sun.security.ssl.SSLSocketInputRecord.bytesInCompletePacket(SSLSocketInputRecord.java:70)
	at java.base/sun.security.ssl.SSLSocketImpl.readApplicationRecord(SSLSocketImpl.java:1465)
	at java.base/sun.security.ssl.SSLSocketImpl$AppInputStream.read(SSLSocketImpl.java:1069)
	at com.mongodb.internal.connection.SocketStream.read(SocketStream.java:182)
	at com.mongodb.internal.connection.InternalStreamConnection.receiveResponseBuffers(InternalStreamConnection.java:824)
	... 4 common frames omitted
15:04:26.810 -------- [cluster-ClusterId{value='69ba6e1594e3c1824ba2932f', description='Cluster0'}-ac-jcz0paw-shard-00-00.b7jb1jb.mongodb.net:27017] --- INFO  --- org.mongodb.driver.cluster -------- Exception in monitor thread while connecting to server ac-jcz0paw-shard-00-00.b7jb1jb.mongodb.net:27017 
com.mongodb.MongoSocketOpenException: Exception opening socket
	at com.mongodb.internal.connection.SocketStream.lambda$open$0(SocketStream.java:85)
	at java.base/java.util.Optional.orElseThrow(Optional.java:403)
	at com.mongodb.internal.connection.SocketStream.open(SocketStream.java:85)
	at com.mongodb.internal.connection.InternalStreamConnection.open(InternalStreamConnection.java:233)
	at com.mongodb.internal.connection.DefaultServerMonitor$ServerMonitor.lookupServerDescription(DefaultServerMonitor.java:219)
	at com.mongodb.internal.connection.DefaultServerMonitor$ServerMonitor.run(DefaultServerMonitor.java:176)
Caused by: java.net.SocketTimeoutException: Connect timed out
	at java.base/sun.nio.ch.NioSocketImpl.timedFinishConnect(NioSocketImpl.java:551)
	at java.base/sun.nio.ch.NioSocketImpl.connect(NioSocketImpl.java:602)
	at java.base/java.net.SocksSocketImpl.connect(SocksSocketImpl.java:327)
	at java.base/java.net.Socket.connect(Socket.java:633)
	at java.base/sun.security.ssl.SSLSocketImpl.connect(SSLSocketImpl.java:304)
	at com.mongodb.internal.connection.SocketStreamHelper.initialize(SocketStreamHelper.java:76)
	at com.mongodb.internal.connection.SocketStream.initializeSocket(SocketStream.java:104)
	at com.mongodb.internal.connection.SocketStream.open(SocketStream.java:79)
	... 3 common frames omitted
15:04:36.785 -------- [cluster-ClusterId{value='69ba6e1594e3c1824ba2932f', description='Cluster0'}-ac-jcz0paw-shard-00-01.b7jb1jb.mongodb.net:27017] --- INFO  --- org.mongodb.driver.cluster -------- Exception in monitor thread while connecting to server ac-jcz0paw-shard-00-01.b7jb1jb.mongodb.net:27017 
com.mongodb.MongoSocketOpenException: Exception opening socket
	at com.mongodb.internal.connection.SocketStream.lambda$open$0(SocketStream.java:85)
	at java.base/java.util.Optional.orElseThrow(Optional.java:403)
	at com.mongodb.internal.connection.SocketStream.open(SocketStream.java:85)
	at com.mongodb.internal.connection.InternalStreamConnection.open(InternalStreamConnection.java:233)
	at com.mongodb.internal.connection.DefaultServerMonitor$ServerMonitor.lookupServerDescription(DefaultServerMonitor.java:219)
	at com.mongodb.internal.connection.DefaultServerMonitor$ServerMonitor.run(DefaultServerMonitor.java:176)
Caused by: java.net.SocketTimeoutException: Connect timed out
	at java.base/sun.nio.ch.NioSocketImpl.timedFinishConnect(NioSocketImpl.java:551)
	at java.base/sun.nio.ch.NioSocketImpl.connect(NioSocketImpl.java:602)
	at java.base/java.net.SocksSocketImpl.connect(SocksSocketImpl.java:327)
	at java.base/java.net.Socket.connect(Socket.java:633)
	at java.base/sun.security.ssl.SSLSocketImpl.connect(SSLSocketImpl.java:304)
	at com.mongodb.internal.connection.SocketStreamHelper.initialize(SocketStreamHelper.java:76)
	at com.mongodb.internal.connection.SocketStream.initializeSocket(SocketStream.java:104)
	at com.mongodb.internal.connection.SocketStream.open(SocketStream.java:79)
	... 3 common frames omitted
15:04:47.909 -------- [cluster-ClusterId{value='69ba6e1594e3c1824ba2932f', description='Cluster0'}-ac-jcz0paw-shard-00-00.b7jb1jb.mongodb.net:27017] --- INFO  --- org.mongodb.driver.cluster -------- Exception in monitor thread while connecting to server ac-jcz0paw-shard-00-00.b7jb1jb.mongodb.net:27017 
com.mongodb.MongoSocketWriteException: Exception sending message
	at com.mongodb.internal.connection.InternalStreamConnection.throwTranslatedWriteException(InternalStreamConnection.java:785)
	at com.mongodb.internal.connection.InternalStreamConnection.sendMessage(InternalStreamConnection.java:670)
	at com.mongodb.internal.connection.InternalStreamConnection.trySendMessage(InternalStreamConnection.java:507)
	at com.mongodb.internal.connection.InternalStreamConnection.sendCommandMessage(InternalStreamConnection.java:482)
	at com.mongodb.internal.connection.InternalStreamConnection.sendAndReceiveInternal(InternalStreamConnection.java:440)
	at com.mongodb.internal.connection.InternalStreamConnection.lambda$sendAndReceive$0(InternalStreamConnection.java:375)
	at com.mongodb.internal.connection.InternalStreamConnection.sendAndReceive(InternalStreamConnection.java:378)
	at com.mongodb.internal.connection.CommandHelper.sendAndReceive(CommandHelper.java:100)
	at com.mongodb.internal.connection.CommandHelper.executeCommand(CommandHelper.java:49)
	at com.mongodb.internal.connection.InternalStreamConnectionInitializer.initializeConnectionDescription(InternalStreamConnectionInitializer.java:144)
	at com.mongodb.internal.connection.InternalStreamConnectionInitializer.startHandshake(InternalStreamConnectionInitializer.java:79)
	at com.mongodb.internal.connection.InternalStreamConnection.open(InternalStreamConnection.java:235)
	at com.mongodb.internal.connection.DefaultServerMonitor$ServerMonitor.lookupServerDescription(DefaultServerMonitor.java:219)
	at com.mongodb.internal.connection.DefaultServerMonitor$ServerMonitor.run(DefaultServerMonitor.java:176)
Caused by: java.net.SocketTimeoutException: Read timed out
	at java.base/sun.nio.ch.NioSocketImpl.timedRead(NioSocketImpl.java:288)
	at java.base/sun.nio.ch.NioSocketImpl.implRead(NioSocketImpl.java:314)
	at java.base/sun.nio.ch.NioSocketImpl.read(NioSocketImpl.java:355)
	at java.base/sun.nio.ch.NioSocketImpl$1.read(NioSocketImpl.java:808)
	at java.base/java.net.Socket$SocketInputStream.read(Socket.java:966)
	at java.base/sun.security.ssl.SSLSocketInputRecord.read(SSLSocketInputRecord.java:484)
	at java.base/sun.security.ssl.SSLSocketInputRecord.readHeader(SSLSocketInputRecord.java:478)
	at java.base/sun.security.ssl.SSLSocketInputRecord.decode(SSLSocketInputRecord.java:160)
	at java.base/sun.security.ssl.SSLTransport.decode(SSLTransport.java:111)
	at java.base/sun.security.ssl.SSLSocketImpl.decode(SSLSocketImpl.java:1510)
	at java.base/sun.security.ssl.SSLSocketImpl.readHandshakeRecord(SSLSocketImpl.java:1425)
	at java.base/sun.security.ssl.SSLSocketImpl.startHandshake(SSLSocketImpl.java:455)
	at java.base/sun.security.ssl.SSLSocketImpl.ensureNegotiated(SSLSocketImpl.java:925)
	at java.base/sun.security.ssl.SSLSocketImpl$AppOutputStream.write(SSLSocketImpl.java:1295)
	at com.mongodb.internal.connection.SocketStream.write(SocketStream.java:165)
	at com.mongodb.internal.connection.InternalStreamConnection.sendMessage(InternalStreamConnection.java:667)
	... 12 common frames omitted
15:05:09.664 -------- [cluster-ClusterId{value='69ba6e1594e3c1824ba2932f', description='Cluster0'}-ac-jcz0paw-shard-00-00.b7jb1jb.mongodb.net:27017] --- INFO  --- org.mongodb.driver.cluster -------- Exception in monitor thread while connecting to server ac-jcz0paw-shard-00-00.b7jb1jb.mongodb.net:27017 
com.mongodb.MongoSocketReadTimeoutException: Timeout while receiving message
	at com.mongodb.internal.connection.InternalStreamConnection.createReadTimeoutException(InternalStreamConnection.java:819)
	at com.mongodb.internal.connection.InternalStreamConnection.translateReadException(InternalStreamConnection.java:807)
	at com.mongodb.internal.connection.InternalStreamConnection.receiveResponseBuffers(InternalStreamConnection.java:857)
	at com.mongodb.internal.connection.InternalStreamConnection.receiveCommandMessageResponse(InternalStreamConnection.java:517)
	at com.mongodb.internal.connection.InternalStreamConnection.sendAndReceiveInternal(InternalStreamConnection.java:448)
	at com.mongodb.internal.connection.InternalStreamConnection.lambda$sendAndReceive$0(InternalStreamConnection.java:375)
	at com.mongodb.internal.connection.InternalStreamConnection.sendAndReceive(InternalStreamConnection.java:378)
	at com.mongodb.internal.connection.CommandHelper.sendAndReceive(CommandHelper.java:100)
	at com.mongodb.internal.connection.CommandHelper.executeCommand(CommandHelper.java:49)
	at com.mongodb.internal.connection.InternalStreamConnectionInitializer.initializeConnectionDescription(InternalStreamConnectionInitializer.java:144)
	at com.mongodb.internal.connection.InternalStreamConnectionInitializer.startHandshake(InternalStreamConnectionInitializer.java:79)
	at com.mongodb.internal.connection.InternalStreamConnection.open(InternalStreamConnection.java:235)
	at com.mongodb.internal.connection.DefaultServerMonitor$ServerMonitor.lookupServerDescription(DefaultServerMonitor.java:219)
	at com.mongodb.internal.connection.DefaultServerMonitor$ServerMonitor.run(DefaultServerMonitor.java:176)
Caused by: java.net.SocketTimeoutException: Read timed out
	at java.base/sun.nio.ch.NioSocketImpl.timedRead(NioSocketImpl.java:288)
	at java.base/sun.nio.ch.NioSocketImpl.implRead(NioSocketImpl.java:314)
	at java.base/sun.nio.ch.NioSocketImpl.read(NioSocketImpl.java:355)
	at java.base/sun.nio.ch.NioSocketImpl$1.read(NioSocketImpl.java:808)
	at java.base/java.net.Socket$SocketInputStream.read(Socket.java:966)
	at java.base/sun.security.ssl.SSLSocketInputRecord.read(SSLSocketInputRecord.java:484)
	at java.base/sun.security.ssl.SSLSocketInputRecord.readHeader(SSLSocketInputRecord.java:478)
	at java.base/sun.security.ssl.SSLSocketInputRecord.bytesInCompletePacket(SSLSocketInputRecord.java:70)
	at java.base/sun.security.ssl.SSLSocketImpl.readApplicationRecord(SSLSocketImpl.java:1465)
	at java.base/sun.security.ssl.SSLSocketImpl$AppInputStream.read(SSLSocketImpl.java:1069)
	at com.mongodb.internal.connection.SocketStream.read(SocketStream.java:182)
	at com.mongodb.internal.connection.InternalStreamConnection.receiveResponseBuffers(InternalStreamConnection.java:824)
	... 11 common frames omitted
15:05:10.213 -------- [cluster-ClusterId{value='69ba6e1594e3c1824ba2932f', description='Cluster0'}-ac-jcz0paw-shard-00-02.b7jb1jb.mongodb.net:27017] --- INFO  --- org.mongodb.driver.cluster -------- Monitor thread successfully connected to server with description ServerDescription{address=ac-jcz0paw-shard-00-02.b7jb1jb.mongodb.net:27017, type=REPLICA_SET_PRIMARY, cryptd=false, state=CONNECTED, ok=true, minWireVersion=0, maxWireVersion=25, maxDocumentSize=16777216, logicalSessionTimeoutMinutes=30, roundTripTimeNanos=2110985300, minRoundTripTimeNanos=0, setName='atlas-10vsg5-shard-0', canonicalAddress=ac-jcz0paw-shard-00-02.b7jb1jb.mongodb.net:27017, hosts=[ac-jcz0paw-shard-00-01.b7jb1jb.mongodb.net:27017, ac-jcz0paw-shard-00-02.b7jb1jb.mongodb.net:27017, ac-jcz0paw-shard-00-00.b7jb1jb.mongodb.net:27017], passives=[], arbiters=[], primary='ac-jcz0paw-shard-00-02.b7jb1jb.mongodb.net:27017', tagSet=TagSet{[Tag{name='availabilityZone', value='aps1-az2'}, Tag{name='diskState', value='READY'}, Tag{name='nodeType', value='ELECTABLE'}, Tag{name='provider', value='AWS'}, Tag{name='region', value='AP_SOUTH_1'}, Tag{name='workloadType', value='OPERATIONAL'}]}, electionId=7fffffff00000000000000dc, setVersion=57, topologyVersion=TopologyVersion{processId=69b311ad332d80e6a3807b8e, counter=6}, lastWriteDate=Wed Mar 18 15:05:10 IST 2026, lastUpdateTimeNanos=1614306355254200} 
15:05:10.214 -------- [cluster-ClusterId{value='69ba6e1594e3c1824ba2932f', description='Cluster0'}-ac-jcz0paw-shard-00-02.b7jb1jb.mongodb.net:27017] --- INFO  --- org.mongodb.driver.cluster -------- Discovered replica set primary ac-jcz0paw-shard-00-02.b7jb1jb.mongodb.net:27017 with max election id 7fffffff00000000000000dc and max set version 57 
15:05:10.389 -------- [cluster-ClusterId{value='69ba6e1594e3c1824ba2932f', description='Cluster0'}-ac-jcz0paw-shard-00-01.b7jb1jb.mongodb.net:27017] --- INFO  --- org.mongodb.driver.cluster -------- Monitor thread successfully connected to server with description ServerDescription{address=ac-jcz0paw-shard-00-01.b7jb1jb.mongodb.net:27017, type=REPLICA_SET_SECONDARY, cryptd=false, state=CONNECTED, ok=true, minWireVersion=0, maxWireVersion=25, maxDocumentSize=16777216, logicalSessionTimeoutMinutes=30, roundTripTimeNanos=1131838000, minRoundTripTimeNanos=0, setName='atlas-10vsg5-shard-0', canonicalAddress=ac-jcz0paw-shard-00-01.b7jb1jb.mongodb.net:27017, hosts=[ac-jcz0paw-shard-00-01.b7jb1jb.mongodb.net:27017, ac-jcz0paw-shard-00-02.b7jb1jb.mongodb.net:27017, ac-jcz0paw-shard-00-00.b7jb1jb.mongodb.net:27017], passives=[], arbiters=[], primary='ac-jcz0paw-shard-00-02.b7jb1jb.mongodb.net:27017', tagSet=TagSet{[Tag{name='availabilityZone', value='aps1-az3'}, Tag{name='diskState', value='READY'}, Tag{name='nodeType', value='ELECTABLE'}, Tag{name='provider', value='AWS'}, Tag{name='region', value='AP_SOUTH_1'}, Tag{name='workloadType', value='OPERATIONAL'}]}, electionId=null, setVersion=57, topologyVersion=TopologyVersion{processId=69b3142d06876aecd9b70acd, counter=3}, lastWriteDate=Wed Mar 18 15:05:10 IST 2026, lastUpdateTimeNanos=1614306530393500} 
15:05:23.315 -------- [cluster-ClusterId{value='69ba6e1594e3c1824ba2932f', description='Cluster0'}-ac-jcz0paw-shard-00-00.b7jb1jb.mongodb.net:27017] --- INFO  --- org.mongodb.driver.cluster -------- Monitor thread successfully connected to server with description ServerDescription{address=ac-jcz0paw-shard-00-00.b7jb1jb.mongodb.net:27017, type=REPLICA_SET_SECONDARY, cryptd=false, state=CONNECTED, ok=true, minWireVersion=0, maxWireVersion=25, maxDocumentSize=16777216, logicalSessionTimeoutMinutes=30, roundTripTimeNanos=3537017800, minRoundTripTimeNanos=0, setName='atlas-10vsg5-shard-0', canonicalAddress=ac-jcz0paw-shard-00-00.b7jb1jb.mongodb.net:27017, hosts=[ac-jcz0paw-shard-00-01.b7jb1jb.mongodb.net:27017, ac-jcz0paw-shard-00-02.b7jb1jb.mongodb.net:27017, ac-jcz0paw-shard-00-00.b7jb1jb.mongodb.net:27017], passives=[], arbiters=[], primary='ac-jcz0paw-shard-00-02.b7jb1jb.mongodb.net:27017', tagSet=TagSet{[Tag{name='availabilityZone', value='aps1-az1'}, Tag{name='diskState', value='READY'}, Tag{name='nodeType', value='ELECTABLE'}, Tag{name='provider', value='AWS'}, Tag{name='region', value='AP_SOUTH_1'}, Tag{name='workloadType', value='OPERATIONAL'}]}, electionId=null, setVersion=57, topologyVersion=TopologyVersion{processId=69b30fd5ea006f2a16d8bf3e, counter=4}, lastWriteDate=Wed Mar 18 15:05:23 IST 2026, lastUpdateTimeNanos=1614319458134500} 
15:09:05.486 -------- [http-nio-8080-exec-9] --- DEBUG --- o.s.security.web.FilterChainProxy -------- Securing GET /user/get-weather 
15:09:07.765 -------- [http-nio-8080-exec-9] --- DEBUG --- o.s.s.a.d.DaoAuthenticationProvider -------- Authenticated user 
15:09:07.765 -------- [http-nio-8080-exec-9] --- DEBUG --- o.s.s.w.a.w.BasicAuthenticationFilter -------- Set SecurityContextHolder to UsernamePasswordAuthenticationToken [Principal=org.springframework.security.core.userdetails.User [Username=david, Password=[PROTECTED], Enabled=true, AccountNonExpired=true, CredentialsNonExpired=true, AccountNonLocked=true, Granted Authorities=[ROLE_ADMIN, ROLE_USER]], Credentials=[PROTECTED], Authenticated=true, Details=WebAuthenticationDetails [RemoteIpAddress=0:0:0:0:0:0:0:1, SessionId=null], Granted Authorities=[ROLE_ADMIN, ROLE_USER]] 
15:09:07.765 -------- [http-nio-8080-exec-9] --- DEBUG --- o.s.security.web.FilterChainProxy -------- Secured GET /user/get-weather 
15:09:07.771 -------- [http-nio-8080-exec-9] --- INFO  --- c.app.journal.service.RedisService -------- Redis GET called for key: weather_of_Chennai 
15:09:07.788 -------- [http-nio-8080-exec-9] --- WARN  --- c.app.journal.service.RedisService -------- Cache MISS for key: weather_of_Chennai 
15:09:08.909 -------- [http-nio-8080-exec-9] --- INFO  --- c.app.journal.service.RedisService -------- Redis SET called for key: weather_of_Chennai with TTL: 300 
15:09:08.915 -------- [http-nio-8080-exec-9] --- INFO  --- c.app.journal.service.RedisService -------- Data stored successfully in Redis for key: weather_of_Chennai 
15:12:55.165 -------- [SpringApplicationShutdownHook] --- INFO  --- o.s.b.w.e.tomcat.GracefulShutdown -------- Commencing graceful shutdown. Waiting for active requests to complete 
15:12:55.709 -------- [tomcat-shutdown] --- INFO  --- o.s.b.w.e.tomcat.GracefulShutdown -------- Graceful shutdown complete 
15:13:06.658 -------- [restartedMain] --- INFO  --- c.app.journal.JournalAppApplication -------- Starting JournalAppApplication using Java 17.0.18 with PID 6644 (C:\Users\hp\Desktop\Study\Java-programs\JournalApplication\journal\target\classes started by hp in C:\Users\hp\Desktop\Study\Java-programs\JournalApplication) 
15:13:06.666 -------- [restartedMain] --- DEBUG --- c.app.journal.JournalAppApplication -------- Running with Spring Boot v3.5.11, Spring v6.2.16 
15:13:06.669 -------- [restartedMain] --- INFO  --- c.app.journal.JournalAppApplication -------- No active profile set, falling back to 1 default profile: "default" 
15:13:06.841 -------- [restartedMain] --- INFO  --- o.s.b.d.e.DevToolsPropertyDefaultsPostProcessor -------- Devtools property defaults active! Set 'spring.devtools.add-properties' to 'false' to disable 
15:13:06.841 -------- [restartedMain] --- INFO  --- o.s.b.d.e.DevToolsPropertyDefaultsPostProcessor -------- For additional web related logging consider setting the 'logging.level.web' property to 'DEBUG' 
15:13:09.453 -------- [restartedMain] --- INFO  --- o.s.d.r.c.RepositoryConfigurationDelegate -------- Multiple Spring Data modules found, entering strict repository configuration mode 
15:13:09.456 -------- [restartedMain] --- INFO  --- o.s.d.r.c.RepositoryConfigurationDelegate -------- Bootstrapping Spring Data MongoDB repositories in DEFAULT mode. 
15:13:09.773 -------- [restartedMain] --- INFO  --- o.s.d.r.c.RepositoryConfigurationDelegate -------- Finished Spring Data repository scanning in 300 ms. Found 3 MongoDB repository interfaces. 
15:13:09.808 -------- [restartedMain] --- INFO  --- o.s.d.r.c.RepositoryConfigurationDelegate -------- Multiple Spring Data modules found, entering strict repository configuration mode 
15:13:09.811 -------- [restartedMain] --- INFO  --- o.s.d.r.c.RepositoryConfigurationDelegate -------- Bootstrapping Spring Data Redis repositories in DEFAULT mode. 
15:13:09.841 -------- [restartedMain] --- INFO  --- o.s.d.r.c.RepositoryConfigurationExtensionSupport -------- Spring Data Redis - Could not safely identify store assignment for repository candidate interface com.app.journal.repository.ConfigJournalAppRepository; If you want this repository to be a Redis repository, consider annotating your entities with one of these annotations: org.springframework.data.redis.core.RedisHash (preferred), or consider extending one of the following types with your repository: org.springframework.data.keyvalue.repository.KeyValueRepository 
15:13:09.842 -------- [restartedMain] --- INFO  --- o.s.d.r.c.RepositoryConfigurationExtensionSupport -------- Spring Data Redis - Could not safely identify store assignment for repository candidate interface com.app.journal.repository.JournalEntryRepository; If you want this repository to be a Redis repository, consider annotating your entities with one of these annotations: org.springframework.data.redis.core.RedisHash (preferred), or consider extending one of the following types with your repository: org.springframework.data.keyvalue.repository.KeyValueRepository 
15:13:09.843 -------- [restartedMain] --- INFO  --- o.s.d.r.c.RepositoryConfigurationExtensionSupport -------- Spring Data Redis - Could not safely identify store assignment for repository candidate interface com.app.journal.repository.UserRepository; If you want this repository to be a Redis repository, consider annotating your entities with one of these annotations: org.springframework.data.redis.core.RedisHash (preferred), or consider extending one of the following types with your repository: org.springframework.data.keyvalue.repository.KeyValueRepository 
15:13:09.843 -------- [restartedMain] --- INFO  --- o.s.d.r.c.RepositoryConfigurationDelegate -------- Finished Spring Data repository scanning in 13 ms. Found 0 Redis repository interfaces. 
15:13:11.256 -------- [restartedMain] --- INFO  --- o.s.b.w.e.tomcat.TomcatWebServer -------- Tomcat initialized with port 8080 (http) 
15:13:11.285 -------- [restartedMain] --- INFO  --- o.a.coyote.http11.Http11NioProtocol -------- Initializing ProtocolHandler ["http-nio-8080"] 
15:13:11.290 -------- [restartedMain] --- INFO  --- o.a.catalina.core.StandardService -------- Starting service [Tomcat] 
15:13:11.291 -------- [restartedMain] --- INFO  --- o.a.catalina.core.StandardEngine -------- Starting Servlet engine: [Apache Tomcat/10.1.52] 
15:13:11.392 -------- [restartedMain] --- INFO  --- o.a.c.c.C.[Tomcat].[localhost].[/] -------- Initializing Spring embedded WebApplicationContext 
15:13:11.395 -------- [restartedMain] --- INFO  --- o.s.b.w.s.c.ServletWebServerApplicationContext -------- Root WebApplicationContext: initialization completed in 4549 ms 
15:13:12.226 -------- [restartedMain] --- INFO  --- org.mongodb.driver.client -------- MongoClient with metadata {"application": {"name": "Cluster0"}, "driver": {"name": "mongo-java-driver|sync|spring-boot", "version": "5.5.2"}, "os": {"type": "Windows", "name": "Windows 11", "architecture": "amd64", "version": "10.0"}, "platform": "Java/Microsoft/17.0.18+8-LTS"} created with settings MongoClientSettings{readPreference=primary, writeConcern=WriteConcern{w=null, wTimeout=null ms, journal=null}, retryWrites=true, retryReads=true, readConcern=ReadConcern{level=null}, credential=MongoCredential{mechanism=null, userName='mailmerajansari_db_user', source='admin', password=<hidden>, mechanismProperties=<hidden>}, transportSettings=null, commandListeners=[], codecRegistry=ProvidersCodecRegistry{codecProviders=[ValueCodecProvider{}, BsonValueCodecProvider{}, DBRefCodecProvider{}, DBObjectCodecProvider{}, DocumentCodecProvider{}, CollectionCodecProvider{}, IterableCodecProvider{}, MapCodecProvider{}, GeoJsonCodecProvider{}, GridFSFileCodecProvider{}, Jsr310CodecProvider{}, JsonObjectCodecProvider{}, BsonCodecProvider{}, EnumCodecProvider{}, com.mongodb.client.model.mql.ExpressionCodecProvider@6397d315, com.mongodb.Jep395RecordCodecProvider@5392abc8, com.mongodb.KotlinCodecProvider@6a3ae21f]}, loggerSettings=LoggerSettings{maxDocumentLength=1000}, clusterSettings={hosts=[127.0.0.1:27017], srvHost=cluster0.b7jb1jb.mongodb.net, srvServiceName=mongodb, mode=MULTIPLE, requiredClusterType=REPLICA_SET, requiredReplicaSetName='atlas-10vsg5-shard-0', serverSelector='null', clusterListeners='[]', serverSelectionTimeout='30000 ms', localThreshold='15 ms'}, socketSettings=SocketSettings{connectTimeoutMS=10000, readTimeoutMS=0, receiveBufferSize=0, proxySettings=ProxySettings{host=null, port=null, username=null, password=null}}, heartbeatSocketSettings=SocketSettings{connectTimeoutMS=10000, readTimeoutMS=10000, receiveBufferSize=0, proxySettings=ProxySettings{host=null, port=null, username=null, password=null}}, connectionPoolSettings=ConnectionPoolSettings{maxSize=100, minSize=0, maxWaitTimeMS=120000, maxConnectionLifeTimeMS=0, maxConnectionIdleTimeMS=0, maintenanceInitialDelayMS=0, maintenanceFrequencyMS=60000, connectionPoolListeners=[], maxConnecting=2}, serverSettings=ServerSettings{heartbeatFrequencyMS=10000, minHeartbeatFrequencyMS=500, serverMonitoringMode=AUTO, serverListeners='[]', serverMonitorListeners='[]'}, sslSettings=SslSettings{enabled=true, invalidHostNameAllowed=false, context=null}, applicationName='Cluster0', compressorList=[], uuidRepresentation=JAVA_LEGACY, serverApi=null, autoEncryptionSettings=null, dnsClient=null, inetAddressResolver=null, contextProvider=null, timeoutMS=null} 
15:13:12.607 -------- [restartedMain] --- INFO  --- o.s.b.d.a.OptionalLiveReloadServer -------- LiveReload server is running on port 35729 
15:13:12.935 -------- [restartedMain] --- INFO  --- org.mongodb.driver.cluster -------- Waiting for server to become available for operation with ID 2. Remaining time: 29972 ms. Selector: WritableServerSelector, topology description: {type=UNKNOWN, servers=[]. 
15:13:13.319 -------- [cluster-ClusterId{value='69ba73b02ef7de9764f473c2', description='Cluster0'}-srv-cluster0.b7jb1jb.mongodb.net] --- INFO  --- org.mongodb.driver.cluster -------- Adding discovered server ac-jcz0paw-shard-00-00.b7jb1jb.mongodb.net:27017 to client view of cluster 
15:13:13.375 -------- [cluster-ClusterId{value='69ba73b02ef7de9764f473c2', description='Cluster0'}-srv-cluster0.b7jb1jb.mongodb.net] --- INFO  --- org.mongodb.driver.cluster -------- Adding discovered server ac-jcz0paw-shard-00-01.b7jb1jb.mongodb.net:27017 to client view of cluster 
15:13:13.379 -------- [cluster-ClusterId{value='69ba73b02ef7de9764f473c2', description='Cluster0'}-srv-cluster0.b7jb1jb.mongodb.net] --- INFO  --- org.mongodb.driver.cluster -------- Adding discovered server ac-jcz0paw-shard-00-02.b7jb1jb.mongodb.net:27017 to client view of cluster 
15:13:14.800 -------- [cluster-ClusterId{value='69ba73b02ef7de9764f473c2', description='Cluster0'}-ac-jcz0paw-shard-00-01.b7jb1jb.mongodb.net:27017] --- INFO  --- org.mongodb.driver.cluster -------- Monitor thread successfully connected to server with description ServerDescription{address=ac-jcz0paw-shard-00-01.b7jb1jb.mongodb.net:27017, type=REPLICA_SET_SECONDARY, cryptd=false, state=CONNECTED, ok=true, minWireVersion=0, maxWireVersion=25, maxDocumentSize=16777216, logicalSessionTimeoutMinutes=30, roundTripTimeNanos=919708400, minRoundTripTimeNanos=0, setName='atlas-10vsg5-shard-0', canonicalAddress=ac-jcz0paw-shard-00-01.b7jb1jb.mongodb.net:27017, hosts=[ac-jcz0paw-shard-00-01.b7jb1jb.mongodb.net:27017, ac-jcz0paw-shard-00-02.b7jb1jb.mongodb.net:27017, ac-jcz0paw-shard-00-00.b7jb1jb.mongodb.net:27017], passives=[], arbiters=[], primary='ac-jcz0paw-shard-00-02.b7jb1jb.mongodb.net:27017', tagSet=TagSet{[Tag{name='availabilityZone', value='aps1-az3'}, Tag{name='diskState', value='READY'}, Tag{name='nodeType', value='ELECTABLE'}, Tag{name='provider', value='AWS'}, Tag{name='region', value='AP_SOUTH_1'}, Tag{name='workloadType', value='OPERATIONAL'}]}, electionId=null, setVersion=57, topologyVersion=TopologyVersion{processId=69b3142d06876aecd9b70acd, counter=3}, lastWriteDate=Wed Mar 18 15:13:15 IST 2026, lastUpdateTimeNanos=1614790938512800} 
15:13:18.302 -------- [cluster-ClusterId{value='69ba73b02ef7de9764f473c2', description='Cluster0'}-ac-jcz0paw-shard-00-00.b7jb1jb.mongodb.net:27017] --- INFO  --- org.mongodb.driver.cluster -------- Monitor thread successfully connected to server with description ServerDescription{address=ac-jcz0paw-shard-00-00.b7jb1jb.mongodb.net:27017, type=REPLICA_SET_SECONDARY, cryptd=false, state=CONNECTED, ok=true, minWireVersion=0, maxWireVersion=25, maxDocumentSize=16777216, logicalSessionTimeoutMinutes=30, roundTripTimeNanos=1426074200, minRoundTripTimeNanos=0, setName='atlas-10vsg5-shard-0', canonicalAddress=ac-jcz0paw-shard-00-00.b7jb1jb.mongodb.net:27017, hosts=[ac-jcz0paw-shard-00-01.b7jb1jb.mongodb.net:27017, ac-jcz0paw-shard-00-02.b7jb1jb.mongodb.net:27017, ac-jcz0paw-shard-00-00.b7jb1jb.mongodb.net:27017], passives=[], arbiters=[], primary='ac-jcz0paw-shard-00-02.b7jb1jb.mongodb.net:27017', tagSet=TagSet{[Tag{name='availabilityZone', value='aps1-az1'}, Tag{name='diskState', value='READY'}, Tag{name='nodeType', value='ELECTABLE'}, Tag{name='provider', value='AWS'}, Tag{name='region', value='AP_SOUTH_1'}, Tag{name='workloadType', value='OPERATIONAL'}]}, electionId=null, setVersion=57, topologyVersion=TopologyVersion{processId=69b30fd5ea006f2a16d8bf3e, counter=4}, lastWriteDate=Wed Mar 18 15:13:18 IST 2026, lastUpdateTimeNanos=1614794444496700} 
15:13:18.603 -------- [cluster-ClusterId{value='69ba73b02ef7de9764f473c2', description='Cluster0'}-ac-jcz0paw-shard-00-02.b7jb1jb.mongodb.net:27017] --- INFO  --- org.mongodb.driver.cluster -------- Monitor thread successfully connected to server with description ServerDescription{address=ac-jcz0paw-shard-00-02.b7jb1jb.mongodb.net:27017, type=REPLICA_SET_PRIMARY, cryptd=false, state=CONNECTED, ok=true, minWireVersion=0, maxWireVersion=25, maxDocumentSize=16777216, logicalSessionTimeoutMinutes=30, roundTripTimeNanos=3702501200, minRoundTripTimeNanos=0, setName='atlas-10vsg5-shard-0', canonicalAddress=ac-jcz0paw-shard-00-02.b7jb1jb.mongodb.net:27017, hosts=[ac-jcz0paw-shard-00-01.b7jb1jb.mongodb.net:27017, ac-jcz0paw-shard-00-02.b7jb1jb.mongodb.net:27017, ac-jcz0paw-shard-00-00.b7jb1jb.mongodb.net:27017], passives=[], arbiters=[], primary='ac-jcz0paw-shard-00-02.b7jb1jb.mongodb.net:27017', tagSet=TagSet{[Tag{name='availabilityZone', value='aps1-az2'}, Tag{name='diskState', value='READY'}, Tag{name='nodeType', value='ELECTABLE'}, Tag{name='provider', value='AWS'}, Tag{name='region', value='AP_SOUTH_1'}, Tag{name='workloadType', value='OPERATIONAL'}]}, electionId=7fffffff00000000000000dc, setVersion=57, topologyVersion=TopologyVersion{processId=69b311ad332d80e6a3807b8e, counter=6}, lastWriteDate=Wed Mar 18 15:13:18 IST 2026, lastUpdateTimeNanos=1614794744419100} 
15:13:18.603 -------- [cluster-ClusterId{value='69ba73b02ef7de9764f473c2', description='Cluster0'}-ac-jcz0paw-shard-00-02.b7jb1jb.mongodb.net:27017] --- INFO  --- org.mongodb.driver.cluster -------- Discovered replica set primary ac-jcz0paw-shard-00-02.b7jb1jb.mongodb.net:27017 with max election id 7fffffff00000000000000dc and max set version 57 
15:13:19.339 -------- [restartedMain] --- INFO  --- com.app.journal.config.RedisConfig -------- Connected Redis Host: redis-10391.crce286.ap-south-1-1.ec2.cloud.redislabs.com 
15:13:19.342 -------- [restartedMain] --- INFO  --- com.app.journal.config.RedisConfig -------- Connected Redis Port: 10391 
15:13:20.601 -------- [restartedMain] --- INFO  --- o.s.s.c.a.a.c.InitializeAuthenticationProviderBeanManagerConfigurer$InitializeAuthenticationProviderManagerConfigurer -------- Global AuthenticationManager configured with AuthenticationProvider bean with name authenticationProvider 
15:13:20.602 -------- [restartedMain] --- WARN  --- o.s.s.c.a.a.c.InitializeUserDetailsBeanManagerConfigurer$InitializeUserDetailsManagerConfigurer -------- Global AuthenticationManager configured with an AuthenticationProvider bean. UserDetailsService beans will not be used by Spring Security for automatically configuring username/password login. Consider removing the AuthenticationProvider bean. Alternatively, consider using the UserDetailsService in a manually instantiated DaoAuthenticationProvider. If the current configuration is intentional, to turn off this warning, increase the logging level of 'org.springframework.security.config.annotation.authentication.configuration.InitializeUserDetailsBeanManagerConfigurer' to ERROR 
15:13:20.803 -------- [restartedMain] --- DEBUG --- o.s.s.web.DefaultSecurityFilterChain -------- Will secure any request with filters: DisableEncodeUrlFilter, WebAsyncManagerIntegrationFilter, SecurityContextHolderFilter, HeaderWriterFilter, LogoutFilter, BasicAuthenticationFilter, RequestCacheAwareFilter, SecurityContextHolderAwareRequestFilter, AnonymousAuthenticationFilter, ExceptionTranslationFilter, AuthorizationFilter 
15:13:21.315 -------- [restartedMain] --- INFO  --- o.a.coyote.http11.Http11NioProtocol -------- Starting ProtocolHandler ["http-nio-8080"] 
15:13:21.356 -------- [restartedMain] --- INFO  --- o.s.b.w.e.tomcat.TomcatWebServer -------- Tomcat started on port 8080 (http) with context path '/' 
15:13:21.390 -------- [restartedMain] --- INFO  --- c.app.journal.JournalAppApplication -------- Started JournalAppApplication in 16.141 seconds (process running for 18.31) 
15:13:24.366 -------- [http-nio-8080-exec-4] --- INFO  --- o.a.c.c.C.[Tomcat].[localhost].[/] -------- Initializing Spring DispatcherServlet 'dispatcherServlet' 
15:13:24.366 -------- [http-nio-8080-exec-4] --- INFO  --- o.s.web.servlet.DispatcherServlet -------- Initializing Servlet 'dispatcherServlet' 
15:13:24.370 -------- [http-nio-8080-exec-4] --- INFO  --- o.s.web.servlet.DispatcherServlet -------- Completed initialization in 3 ms 
15:13:24.409 -------- [http-nio-8080-exec-4] --- DEBUG --- o.s.security.web.FilterChainProxy -------- Securing GET /user/get-weather 
15:13:24.961 -------- [http-nio-8080-exec-4] --- DEBUG --- o.s.s.a.d.DaoAuthenticationProvider -------- Authenticated user 
15:13:24.963 -------- [http-nio-8080-exec-4] --- DEBUG --- o.s.s.w.a.w.BasicAuthenticationFilter -------- Set SecurityContextHolder to UsernamePasswordAuthenticationToken [Principal=org.springframework.security.core.userdetails.User [Username=david, Password=[PROTECTED], Enabled=true, AccountNonExpired=true, CredentialsNonExpired=true, AccountNonLocked=true, Granted Authorities=[ROLE_ADMIN, ROLE_USER]], Credentials=[PROTECTED], Authenticated=true, Details=WebAuthenticationDetails [RemoteIpAddress=0:0:0:0:0:0:0:1, SessionId=null], Granted Authorities=[ROLE_ADMIN, ROLE_USER]] 
15:13:24.975 -------- [http-nio-8080-exec-4] --- DEBUG --- o.s.security.web.FilterChainProxy -------- Secured GET /user/get-weather 
15:13:25.014 -------- [http-nio-8080-exec-4] --- INFO  --- c.app.journal.service.RedisService -------- Redis GET called for key: weather_of_Mumbai 
15:13:26.435 -------- [http-nio-8080-exec-4] --- WARN  --- c.app.journal.service.RedisService -------- Cache MISS for key: weather_of_Mumbai 
15:13:27.591 -------- [http-nio-8080-exec-4] --- INFO  --- c.app.journal.service.RedisService -------- Redis SET called for key: weather_of_Mumbai with TTL: 300 
15:13:27.679 -------- [http-nio-8080-exec-4] --- INFO  --- c.app.journal.service.RedisService -------- Data stored successfully in Redis for key: weather_of_Mumbai 
15:16:25.802 -------- [cluster-ClusterId{value='69ba73b02ef7de9764f473c2', description='Cluster0'}-ac-jcz0paw-shard-00-01.b7jb1jb.mongodb.net:27017] --- INFO  --- org.mongodb.driver.cluster -------- Exception in monitor thread while connecting to server ac-jcz0paw-shard-00-01.b7jb1jb.mongodb.net:27017 
com.mongodb.MongoSocketReadTimeoutException: Timeout while receiving message
	at com.mongodb.internal.connection.InternalStreamConnection.createReadTimeoutException(InternalStreamConnection.java:819)
	at com.mongodb.internal.connection.InternalStreamConnection.translateReadException(InternalStreamConnection.java:807)
	at com.mongodb.internal.connection.InternalStreamConnection.receiveResponseBuffers(InternalStreamConnection.java:857)
	at com.mongodb.internal.connection.InternalStreamConnection.receiveCommandMessageResponse(InternalStreamConnection.java:517)
	at com.mongodb.internal.connection.InternalStreamConnection.receive(InternalStreamConnection.java:469)
	at com.mongodb.internal.connection.DefaultServerMonitor$ServerMonitor.lookupServerDescription(DefaultServerMonitor.java:249)
	at com.mongodb.internal.connection.DefaultServerMonitor$ServerMonitor.run(DefaultServerMonitor.java:176)
Caused by: java.net.SocketTimeoutException: Read timed out
	at java.base/sun.nio.ch.NioSocketImpl.timedRead(NioSocketImpl.java:288)
	at java.base/sun.nio.ch.NioSocketImpl.implRead(NioSocketImpl.java:314)
	at java.base/sun.nio.ch.NioSocketImpl.read(NioSocketImpl.java:355)
	at java.base/sun.nio.ch.NioSocketImpl$1.read(NioSocketImpl.java:808)
	at java.base/java.net.Socket$SocketInputStream.read(Socket.java:966)
	at java.base/sun.security.ssl.SSLSocketInputRecord.read(SSLSocketInputRecord.java:484)
	at java.base/sun.security.ssl.SSLSocketInputRecord.readHeader(SSLSocketInputRecord.java:478)
	at java.base/sun.security.ssl.SSLSocketInputRecord.bytesInCompletePacket(SSLSocketInputRecord.java:70)
	at java.base/sun.security.ssl.SSLSocketImpl.readApplicationRecord(SSLSocketImpl.java:1465)
	at java.base/sun.security.ssl.SSLSocketImpl$AppInputStream.read(SSLSocketImpl.java:1069)
	at com.mongodb.internal.connection.SocketStream.read(SocketStream.java:182)
	at com.mongodb.internal.connection.InternalStreamConnection.receiveResponseBuffers(InternalStreamConnection.java:824)
	... 4 common frames omitted
15:16:35.818 -------- [cluster-ClusterId{value='69ba73b02ef7de9764f473c2', description='Cluster0'}-ac-jcz0paw-shard-00-01.b7jb1jb.mongodb.net:27017] --- INFO  --- org.mongodb.driver.cluster -------- Exception in monitor thread while connecting to server ac-jcz0paw-shard-00-01.b7jb1jb.mongodb.net:27017 
com.mongodb.MongoSocketOpenException: Exception opening socket
	at com.mongodb.internal.connection.SocketStream.lambda$open$0(SocketStream.java:85)
	at java.base/java.util.Optional.orElseThrow(Optional.java:403)
	at com.mongodb.internal.connection.SocketStream.open(SocketStream.java:85)
	at com.mongodb.internal.connection.InternalStreamConnection.open(InternalStreamConnection.java:233)
	at com.mongodb.internal.connection.DefaultServerMonitor$ServerMonitor.lookupServerDescription(DefaultServerMonitor.java:219)
	at com.mongodb.internal.connection.DefaultServerMonitor$ServerMonitor.run(DefaultServerMonitor.java:176)
Caused by: java.net.SocketTimeoutException: Connect timed out
	at java.base/sun.nio.ch.NioSocketImpl.timedFinishConnect(NioSocketImpl.java:551)
	at java.base/sun.nio.ch.NioSocketImpl.connect(NioSocketImpl.java:602)
	at java.base/java.net.SocksSocketImpl.connect(SocksSocketImpl.java:327)
	at java.base/java.net.Socket.connect(Socket.java:633)
	at java.base/sun.security.ssl.SSLSocketImpl.connect(SSLSocketImpl.java:304)
	at com.mongodb.internal.connection.SocketStreamHelper.initialize(SocketStreamHelper.java:76)
	at com.mongodb.internal.connection.SocketStream.initializeSocket(SocketStream.java:104)
	at com.mongodb.internal.connection.SocketStream.open(SocketStream.java:79)
	... 3 common frames omitted
15:17:18.842 -------- [cluster-ClusterId{value='69ba73b02ef7de9764f473c2', description='Cluster0'}-ac-jcz0paw-shard-00-02.b7jb1jb.mongodb.net:27017] --- INFO  --- org.mongodb.driver.cluster -------- Exception in monitor thread while connecting to server ac-jcz0paw-shard-00-02.b7jb1jb.mongodb.net:27017 
com.mongodb.MongoSocketReadTimeoutException: Timeout while receiving message
	at com.mongodb.internal.connection.InternalStreamConnection.createReadTimeoutException(InternalStreamConnection.java:819)
	at com.mongodb.internal.connection.InternalStreamConnection.translateReadException(InternalStreamConnection.java:807)
	at com.mongodb.internal.connection.InternalStreamConnection.receiveResponseBuffers(InternalStreamConnection.java:857)
	at com.mongodb.internal.connection.InternalStreamConnection.receiveCommandMessageResponse(InternalStreamConnection.java:517)
	at com.mongodb.internal.connection.InternalStreamConnection.receive(InternalStreamConnection.java:469)
	at com.mongodb.internal.connection.DefaultServerMonitor$ServerMonitor.lookupServerDescription(DefaultServerMonitor.java:249)
	at com.mongodb.internal.connection.DefaultServerMonitor$ServerMonitor.run(DefaultServerMonitor.java:176)
Caused by: java.net.SocketTimeoutException: Read timed out
	at java.base/sun.nio.ch.NioSocketImpl.timedRead(NioSocketImpl.java:288)
	at java.base/sun.nio.ch.NioSocketImpl.implRead(NioSocketImpl.java:314)
	at java.base/sun.nio.ch.NioSocketImpl.read(NioSocketImpl.java:355)
	at java.base/sun.nio.ch.NioSocketImpl$1.read(NioSocketImpl.java:808)
	at java.base/java.net.Socket$SocketInputStream.read(Socket.java:966)
	at java.base/sun.security.ssl.SSLSocketInputRecord.read(SSLSocketInputRecord.java:484)
	at java.base/sun.security.ssl.SSLSocketInputRecord.readHeader(SSLSocketInputRecord.java:478)
	at java.base/sun.security.ssl.SSLSocketInputRecord.bytesInCompletePacket(SSLSocketInputRecord.java:70)
	at java.base/sun.security.ssl.SSLSocketImpl.readApplicationRecord(SSLSocketImpl.java:1465)
	at java.base/sun.security.ssl.SSLSocketImpl$AppInputStream.read(SSLSocketImpl.java:1069)
	at com.mongodb.internal.connection.SocketStream.read(SocketStream.java:182)
	at com.mongodb.internal.connection.InternalStreamConnection.receiveResponseBuffers(InternalStreamConnection.java:824)
	... 4 common frames omitted
15:17:25.408 -------- [cluster-ClusterId{value='69ba73b02ef7de9764f473c2', description='Cluster0'}-ac-jcz0paw-shard-00-01.b7jb1jb.mongodb.net:27017] --- INFO  --- org.mongodb.driver.cluster -------- Exception in monitor thread while connecting to server ac-jcz0paw-shard-00-01.b7jb1jb.mongodb.net:27017 
com.mongodb.MongoSocketWriteException: Exception sending message
	at com.mongodb.internal.connection.InternalStreamConnection.throwTranslatedWriteException(InternalStreamConnection.java:785)
	at com.mongodb.internal.connection.InternalStreamConnection.sendMessage(InternalStreamConnection.java:670)
	at com.mongodb.internal.connection.InternalStreamConnection.trySendMessage(InternalStreamConnection.java:507)
	at com.mongodb.internal.connection.InternalStreamConnection.sendCommandMessage(InternalStreamConnection.java:482)
	at com.mongodb.internal.connection.InternalStreamConnection.sendAndReceiveInternal(InternalStreamConnection.java:440)
	at com.mongodb.internal.connection.InternalStreamConnection.lambda$sendAndReceive$0(InternalStreamConnection.java:375)
	at com.mongodb.internal.connection.InternalStreamConnection.sendAndReceive(InternalStreamConnection.java:378)
	at com.mongodb.internal.connection.CommandHelper.sendAndReceive(CommandHelper.java:100)
	at com.mongodb.internal.connection.CommandHelper.executeCommand(CommandHelper.java:49)
	at com.mongodb.internal.connection.InternalStreamConnectionInitializer.initializeConnectionDescription(InternalStreamConnectionInitializer.java:144)
	at com.mongodb.internal.connection.InternalStreamConnectionInitializer.startHandshake(InternalStreamConnectionInitializer.java:79)
	at com.mongodb.internal.connection.InternalStreamConnection.open(InternalStreamConnection.java:235)
	at com.mongodb.internal.connection.DefaultServerMonitor$ServerMonitor.lookupServerDescription(DefaultServerMonitor.java:219)
	at com.mongodb.internal.connection.DefaultServerMonitor$ServerMonitor.run(DefaultServerMonitor.java:176)
Caused by: java.net.SocketTimeoutException: Read timed out
	at java.base/sun.nio.ch.NioSocketImpl.timedRead(NioSocketImpl.java:288)
	at java.base/sun.nio.ch.NioSocketImpl.implRead(NioSocketImpl.java:314)
	at java.base/sun.nio.ch.NioSocketImpl.read(NioSocketImpl.java:355)
	at java.base/sun.nio.ch.NioSocketImpl$1.read(NioSocketImpl.java:808)
	at java.base/java.net.Socket$SocketInputStream.read(Socket.java:966)
	at java.base/sun.security.ssl.SSLSocketInputRecord.read(SSLSocketInputRecord.java:484)
	at java.base/sun.security.ssl.SSLSocketInputRecord.readHeader(SSLSocketInputRecord.java:478)
	at java.base/sun.security.ssl.SSLSocketInputRecord.decode(SSLSocketInputRecord.java:160)
	at java.base/sun.security.ssl.SSLTransport.decode(SSLTransport.java:111)
	at java.base/sun.security.ssl.SSLSocketImpl.decode(SSLSocketImpl.java:1510)
	at java.base/sun.security.ssl.SSLSocketImpl.readHandshakeRecord(SSLSocketImpl.java:1425)
	at java.base/sun.security.ssl.SSLSocketImpl.startHandshake(SSLSocketImpl.java:455)
	at java.base/sun.security.ssl.SSLSocketImpl.ensureNegotiated(SSLSocketImpl.java:925)
	at java.base/sun.security.ssl.SSLSocketImpl$AppOutputStream.write(SSLSocketImpl.java:1295)
	at com.mongodb.internal.connection.SocketStream.write(SocketStream.java:165)
	at com.mongodb.internal.connection.InternalStreamConnection.sendMessage(InternalStreamConnection.java:667)
	... 12 common frames omitted
15:17:28.858 -------- [cluster-ClusterId{value='69ba73b02ef7de9764f473c2', description='Cluster0'}-ac-jcz0paw-shard-00-02.b7jb1jb.mongodb.net:27017] --- INFO  --- org.mongodb.driver.cluster -------- Exception in monitor thread while connecting to server ac-jcz0paw-shard-00-02.b7jb1jb.mongodb.net:27017 
com.mongodb.MongoSocketOpenException: Exception opening socket
	at com.mongodb.internal.connection.SocketStream.lambda$open$0(SocketStream.java:85)
	at java.base/java.util.Optional.orElseThrow(Optional.java:403)
	at com.mongodb.internal.connection.SocketStream.open(SocketStream.java:85)
	at com.mongodb.internal.connection.InternalStreamConnection.open(InternalStreamConnection.java:233)
	at com.mongodb.internal.connection.DefaultServerMonitor$ServerMonitor.lookupServerDescription(DefaultServerMonitor.java:219)
	at com.mongodb.internal.connection.DefaultServerMonitor$ServerMonitor.run(DefaultServerMonitor.java:176)
Caused by: java.net.SocketTimeoutException: Connect timed out
	at java.base/sun.nio.ch.NioSocketImpl.timedFinishConnect(NioSocketImpl.java:551)
	at java.base/sun.nio.ch.NioSocketImpl.connect(NioSocketImpl.java:602)
	at java.base/java.net.SocksSocketImpl.connect(SocksSocketImpl.java:327)
	at java.base/java.net.Socket.connect(Socket.java:633)
	at java.base/sun.security.ssl.SSLSocketImpl.connect(SSLSocketImpl.java:304)
	at com.mongodb.internal.connection.SocketStreamHelper.initialize(SocketStreamHelper.java:76)
	at com.mongodb.internal.connection.SocketStream.initializeSocket(SocketStream.java:104)
	at com.mongodb.internal.connection.SocketStream.open(SocketStream.java:79)
	... 3 common frames omitted
15:17:45.434 -------- [cluster-ClusterId{value='69ba73b02ef7de9764f473c2', description='Cluster0'}-ac-jcz0paw-shard-00-01.b7jb1jb.mongodb.net:27017] --- INFO  --- org.mongodb.driver.cluster -------- Exception in monitor thread while connecting to server ac-jcz0paw-shard-00-01.b7jb1jb.mongodb.net:27017 
com.mongodb.MongoSocketOpenException: Exception opening socket
	at com.mongodb.internal.connection.SocketStream.lambda$open$0(SocketStream.java:85)
	at java.base/java.util.Optional.orElseThrow(Optional.java:403)
	at com.mongodb.internal.connection.SocketStream.open(SocketStream.java:85)
	at com.mongodb.internal.connection.InternalStreamConnection.open(InternalStreamConnection.java:233)
	at com.mongodb.internal.connection.DefaultServerMonitor$ServerMonitor.lookupServerDescription(DefaultServerMonitor.java:219)
	at com.mongodb.internal.connection.DefaultServerMonitor$ServerMonitor.run(DefaultServerMonitor.java:176)
Caused by: java.net.SocketTimeoutException: Connect timed out
	at java.base/sun.nio.ch.NioSocketImpl.timedFinishConnect(NioSocketImpl.java:551)
	at java.base/sun.nio.ch.NioSocketImpl.connect(NioSocketImpl.java:602)
	at java.base/java.net.SocksSocketImpl.connect(SocksSocketImpl.java:327)
	at java.base/java.net.Socket.connect(Socket.java:633)
	at java.base/sun.security.ssl.SSLSocketImpl.connect(SSLSocketImpl.java:304)
	at com.mongodb.internal.connection.SocketStreamHelper.initialize(SocketStreamHelper.java:76)
	at com.mongodb.internal.connection.SocketStream.initializeSocket(SocketStream.java:104)
	at com.mongodb.internal.connection.SocketStream.open(SocketStream.java:79)
	... 3 common frames omitted
15:17:48.631 -------- [cluster-ClusterId{value='69ba73b02ef7de9764f473c2', description='Cluster0'}-ac-jcz0paw-shard-00-00.b7jb1jb.mongodb.net:27017] --- INFO  --- org.mongodb.driver.cluster -------- Exception in monitor thread while connecting to server ac-jcz0paw-shard-00-00.b7jb1jb.mongodb.net:27017 
com.mongodb.MongoSocketReadTimeoutException: Timeout while receiving message
	at com.mongodb.internal.connection.InternalStreamConnection.createReadTimeoutException(InternalStreamConnection.java:819)
	at com.mongodb.internal.connection.InternalStreamConnection.translateReadException(InternalStreamConnection.java:807)
	at com.mongodb.internal.connection.InternalStreamConnection.receiveResponseBuffers(InternalStreamConnection.java:857)
	at com.mongodb.internal.connection.InternalStreamConnection.receiveCommandMessageResponse(InternalStreamConnection.java:517)
	at com.mongodb.internal.connection.InternalStreamConnection.receive(InternalStreamConnection.java:469)
	at com.mongodb.internal.connection.DefaultServerMonitor$ServerMonitor.lookupServerDescription(DefaultServerMonitor.java:249)
	at com.mongodb.internal.connection.DefaultServerMonitor$ServerMonitor.run(DefaultServerMonitor.java:176)
Caused by: java.net.SocketTimeoutException: Read timed out
	at java.base/sun.nio.ch.NioSocketImpl.timedRead(NioSocketImpl.java:288)
	at java.base/sun.nio.ch.NioSocketImpl.implRead(NioSocketImpl.java:314)
	at java.base/sun.nio.ch.NioSocketImpl.read(NioSocketImpl.java:355)
	at java.base/sun.nio.ch.NioSocketImpl$1.read(NioSocketImpl.java:808)
	at java.base/java.net.Socket$SocketInputStream.read(Socket.java:966)
	at java.base/sun.security.ssl.SSLSocketInputRecord.read(SSLSocketInputRecord.java:484)
	at java.base/sun.security.ssl.SSLSocketInputRecord.readHeader(SSLSocketInputRecord.java:478)
	at java.base/sun.security.ssl.SSLSocketInputRecord.bytesInCompletePacket(SSLSocketInputRecord.java:70)
	at java.base/sun.security.ssl.SSLSocketImpl.readApplicationRecord(SSLSocketImpl.java:1465)
	at java.base/sun.security.ssl.SSLSocketImpl$AppInputStream.read(SSLSocketImpl.java:1069)
	at com.mongodb.internal.connection.SocketStream.read(SocketStream.java:182)
	at com.mongodb.internal.connection.InternalStreamConnection.receiveResponseBuffers(InternalStreamConnection.java:824)
	... 4 common frames omitted
15:18:03.988 -------- [cluster-ClusterId{value='69ba73b02ef7de9764f473c2', description='Cluster0'}-ac-jcz0paw-shard-00-00.b7jb1jb.mongodb.net:27017] --- INFO  --- org.mongodb.driver.cluster -------- Exception in monitor thread while connecting to server ac-jcz0paw-shard-00-00.b7jb1jb.mongodb.net:27017 
com.mongodb.MongoSocketWriteException: Exception sending message
	at com.mongodb.internal.connection.InternalStreamConnection.throwTranslatedWriteException(InternalStreamConnection.java:785)
	at com.mongodb.internal.connection.InternalStreamConnection.sendMessage(InternalStreamConnection.java:670)
	at com.mongodb.internal.connection.InternalStreamConnection.trySendMessage(InternalStreamConnection.java:507)
	at com.mongodb.internal.connection.InternalStreamConnection.sendCommandMessage(InternalStreamConnection.java:482)
	at com.mongodb.internal.connection.InternalStreamConnection.sendAndReceiveInternal(InternalStreamConnection.java:440)
	at com.mongodb.internal.connection.InternalStreamConnection.lambda$sendAndReceive$0(InternalStreamConnection.java:375)
	at com.mongodb.internal.connection.InternalStreamConnection.sendAndReceive(InternalStreamConnection.java:378)
	at com.mongodb.internal.connection.CommandHelper.sendAndReceive(CommandHelper.java:100)
	at com.mongodb.internal.connection.CommandHelper.executeCommand(CommandHelper.java:49)
	at com.mongodb.internal.connection.InternalStreamConnectionInitializer.initializeConnectionDescription(InternalStreamConnectionInitializer.java:144)
	at com.mongodb.internal.connection.InternalStreamConnectionInitializer.startHandshake(InternalStreamConnectionInitializer.java:79)
	at com.mongodb.internal.connection.InternalStreamConnection.open(InternalStreamConnection.java:235)
	at com.mongodb.internal.connection.DefaultServerMonitor$ServerMonitor.lookupServerDescription(DefaultServerMonitor.java:219)
	at com.mongodb.internal.connection.DefaultServerMonitor$ServerMonitor.run(DefaultServerMonitor.java:176)
Caused by: java.net.SocketTimeoutException: Read timed out
	at java.base/sun.nio.ch.NioSocketImpl.timedRead(NioSocketImpl.java:288)
	at java.base/sun.nio.ch.NioSocketImpl.implRead(NioSocketImpl.java:314)
	at java.base/sun.nio.ch.NioSocketImpl.read(NioSocketImpl.java:355)
	at java.base/sun.nio.ch.NioSocketImpl$1.read(NioSocketImpl.java:808)
	at java.base/java.net.Socket$SocketInputStream.read(Socket.java:966)
	at java.base/sun.security.ssl.SSLSocketInputRecord.read(SSLSocketInputRecord.java:484)
	at java.base/sun.security.ssl.SSLSocketInputRecord.readHeader(SSLSocketInputRecord.java:478)
	at java.base/sun.security.ssl.SSLSocketInputRecord.decode(SSLSocketInputRecord.java:160)
	at java.base/sun.security.ssl.SSLTransport.decode(SSLTransport.java:111)
	at java.base/sun.security.ssl.SSLSocketImpl.decode(SSLSocketImpl.java:1510)
	at java.base/sun.security.ssl.SSLSocketImpl.readHandshakeRecord(SSLSocketImpl.java:1425)
	at java.base/sun.security.ssl.SSLSocketImpl.startHandshake(SSLSocketImpl.java:455)
	at java.base/sun.security.ssl.SSLSocketImpl.ensureNegotiated(SSLSocketImpl.java:925)
	at java.base/sun.security.ssl.SSLSocketImpl$AppOutputStream.write(SSLSocketImpl.java:1295)
	at com.mongodb.internal.connection.SocketStream.write(SocketStream.java:165)
	at com.mongodb.internal.connection.InternalStreamConnection.sendMessage(InternalStreamConnection.java:667)
	... 12 common frames omitted
15:18:12.386 -------- [cluster-ClusterId{value='69ba73b02ef7de9764f473c2', description='Cluster0'}-ac-jcz0paw-shard-00-02.b7jb1jb.mongodb.net:27017] --- INFO  --- org.mongodb.driver.cluster -------- Exception in monitor thread while connecting to server ac-jcz0paw-shard-00-02.b7jb1jb.mongodb.net:27017 
com.mongodb.MongoSocketWriteException: Exception sending message
	at com.mongodb.internal.connection.InternalStreamConnection.throwTranslatedWriteException(InternalStreamConnection.java:785)
	at com.mongodb.internal.connection.InternalStreamConnection.sendMessage(InternalStreamConnection.java:670)
	at com.mongodb.internal.connection.InternalStreamConnection.trySendMessage(InternalStreamConnection.java:507)
	at com.mongodb.internal.connection.InternalStreamConnection.sendCommandMessage(InternalStreamConnection.java:482)
	at com.mongodb.internal.connection.InternalStreamConnection.sendAndReceiveInternal(InternalStreamConnection.java:440)
	at com.mongodb.internal.connection.InternalStreamConnection.lambda$sendAndReceive$0(InternalStreamConnection.java:375)
	at com.mongodb.internal.connection.InternalStreamConnection.sendAndReceive(InternalStreamConnection.java:378)
	at com.mongodb.internal.connection.CommandHelper.sendAndReceive(CommandHelper.java:100)
	at com.mongodb.internal.connection.CommandHelper.executeCommand(CommandHelper.java:49)
	at com.mongodb.internal.connection.InternalStreamConnectionInitializer.initializeConnectionDescription(InternalStreamConnectionInitializer.java:144)
	at com.mongodb.internal.connection.InternalStreamConnectionInitializer.startHandshake(InternalStreamConnectionInitializer.java:79)
	at com.mongodb.internal.connection.InternalStreamConnection.open(InternalStreamConnection.java:235)
	at com.mongodb.internal.connection.DefaultServerMonitor$ServerMonitor.lookupServerDescription(DefaultServerMonitor.java:219)
	at com.mongodb.internal.connection.DefaultServerMonitor$ServerMonitor.run(DefaultServerMonitor.java:176)
Caused by: java.net.SocketTimeoutException: Read timed out
	at java.base/sun.nio.ch.NioSocketImpl.timedRead(NioSocketImpl.java:288)
	at java.base/sun.nio.ch.NioSocketImpl.implRead(NioSocketImpl.java:314)
	at java.base/sun.nio.ch.NioSocketImpl.read(NioSocketImpl.java:355)
	at java.base/sun.nio.ch.NioSocketImpl$1.read(NioSocketImpl.java:808)
	at java.base/java.net.Socket$SocketInputStream.read(Socket.java:966)
	at java.base/sun.security.ssl.SSLSocketInputRecord.read(SSLSocketInputRecord.java:484)
	at java.base/sun.security.ssl.SSLSocketInputRecord.readHeader(SSLSocketInputRecord.java:478)
	at java.base/sun.security.ssl.SSLSocketInputRecord.decode(SSLSocketInputRecord.java:160)
	at java.base/sun.security.ssl.SSLTransport.decode(SSLTransport.java:111)
	at java.base/sun.security.ssl.SSLSocketImpl.decode(SSLSocketImpl.java:1510)
	at java.base/sun.security.ssl.SSLSocketImpl.readHandshakeRecord(SSLSocketImpl.java:1425)
	at java.base/sun.security.ssl.SSLSocketImpl.startHandshake(SSLSocketImpl.java:455)
	at java.base/sun.security.ssl.SSLSocketImpl.ensureNegotiated(SSLSocketImpl.java:925)
	at java.base/sun.security.ssl.SSLSocketImpl$AppOutputStream.write(SSLSocketImpl.java:1295)
	at com.mongodb.internal.connection.SocketStream.write(SocketStream.java:165)
	at com.mongodb.internal.connection.InternalStreamConnection.sendMessage(InternalStreamConnection.java:667)
	... 12 common frames omitted
15:18:12.715 -------- [cluster-ClusterId{value='69ba73b02ef7de9764f473c2', description='Cluster0'}-ac-jcz0paw-shard-00-01.b7jb1jb.mongodb.net:27017] --- INFO  --- org.mongodb.driver.cluster -------- Exception in monitor thread while connecting to server ac-jcz0paw-shard-00-01.b7jb1jb.mongodb.net:27017 
com.mongodb.MongoSocketWriteException: Exception sending message
	at com.mongodb.internal.connection.InternalStreamConnection.throwTranslatedWriteException(InternalStreamConnection.java:785)
	at com.mongodb.internal.connection.InternalStreamConnection.sendMessage(InternalStreamConnection.java:670)
	at com.mongodb.internal.connection.InternalStreamConnection.trySendMessage(InternalStreamConnection.java:507)
	at com.mongodb.internal.connection.InternalStreamConnection.sendCommandMessage(InternalStreamConnection.java:482)
	at com.mongodb.internal.connection.InternalStreamConnection.sendAndReceiveInternal(InternalStreamConnection.java:440)
	at com.mongodb.internal.connection.InternalStreamConnection.lambda$sendAndReceive$0(InternalStreamConnection.java:375)
	at com.mongodb.internal.connection.InternalStreamConnection.sendAndReceive(InternalStreamConnection.java:378)
	at com.mongodb.internal.connection.CommandHelper.sendAndReceive(CommandHelper.java:100)
	at com.mongodb.internal.connection.CommandHelper.executeCommand(CommandHelper.java:49)
	at com.mongodb.internal.connection.InternalStreamConnectionInitializer.initializeConnectionDescription(InternalStreamConnectionInitializer.java:144)
	at com.mongodb.internal.connection.InternalStreamConnectionInitializer.startHandshake(InternalStreamConnectionInitializer.java:79)
	at com.mongodb.internal.connection.InternalStreamConnection.open(InternalStreamConnection.java:235)
	at com.mongodb.internal.connection.DefaultServerMonitor$ServerMonitor.lookupServerDescription(DefaultServerMonitor.java:219)
	at com.mongodb.internal.connection.DefaultServerMonitor$ServerMonitor.run(DefaultServerMonitor.java:176)
Caused by: java.net.SocketTimeoutException: Read timed out
	at java.base/sun.nio.ch.NioSocketImpl.timedRead(NioSocketImpl.java:288)
	at java.base/sun.nio.ch.NioSocketImpl.implRead(NioSocketImpl.java:314)
	at java.base/sun.nio.ch.NioSocketImpl.read(NioSocketImpl.java:355)
	at java.base/sun.nio.ch.NioSocketImpl$1.read(NioSocketImpl.java:808)
	at java.base/java.net.Socket$SocketInputStream.read(Socket.java:966)
	at java.base/sun.security.ssl.SSLSocketInputRecord.read(SSLSocketInputRecord.java:484)
	at java.base/sun.security.ssl.SSLSocketInputRecord.readHeader(SSLSocketInputRecord.java:478)
	at java.base/sun.security.ssl.SSLSocketInputRecord.decode(SSLSocketInputRecord.java:160)
	at java.base/sun.security.ssl.SSLTransport.decode(SSLTransport.java:111)
	at java.base/sun.security.ssl.SSLSocketImpl.decode(SSLSocketImpl.java:1510)
	at java.base/sun.security.ssl.SSLSocketImpl.readHandshakeRecord(SSLSocketImpl.java:1425)
	at java.base/sun.security.ssl.SSLSocketImpl.startHandshake(SSLSocketImpl.java:455)
	at java.base/sun.security.ssl.SSLSocketImpl.ensureNegotiated(SSLSocketImpl.java:925)
	at java.base/sun.security.ssl.SSLSocketImpl$AppOutputStream.write(SSLSocketImpl.java:1295)
	at com.mongodb.internal.connection.SocketStream.write(SocketStream.java:165)
	at com.mongodb.internal.connection.InternalStreamConnection.sendMessage(InternalStreamConnection.java:667)
	... 12 common frames omitted
15:18:24.016 -------- [cluster-ClusterId{value='69ba73b02ef7de9764f473c2', description='Cluster0'}-ac-jcz0paw-shard-00-00.b7jb1jb.mongodb.net:27017] --- INFO  --- org.mongodb.driver.cluster -------- Exception in monitor thread while connecting to server ac-jcz0paw-shard-00-00.b7jb1jb.mongodb.net:27017 
com.mongodb.MongoSocketOpenException: Exception opening socket
	at com.mongodb.internal.connection.SocketStream.lambda$open$0(SocketStream.java:85)
	at java.base/java.util.Optional.orElseThrow(Optional.java:403)
	at com.mongodb.internal.connection.SocketStream.open(SocketStream.java:85)
	at com.mongodb.internal.connection.InternalStreamConnection.open(InternalStreamConnection.java:233)
	at com.mongodb.internal.connection.DefaultServerMonitor$ServerMonitor.lookupServerDescription(DefaultServerMonitor.java:219)
	at com.mongodb.internal.connection.DefaultServerMonitor$ServerMonitor.run(DefaultServerMonitor.java:176)
Caused by: java.net.SocketTimeoutException: Connect timed out
	at java.base/sun.nio.ch.NioSocketImpl.timedFinishConnect(NioSocketImpl.java:551)
	at java.base/sun.nio.ch.NioSocketImpl.connect(NioSocketImpl.java:602)
	at java.base/java.net.SocksSocketImpl.connect(SocksSocketImpl.java:327)
	at java.base/java.net.Socket.connect(Socket.java:633)
	at java.base/sun.security.ssl.SSLSocketImpl.connect(SSLSocketImpl.java:304)
	at com.mongodb.internal.connection.SocketStreamHelper.initialize(SocketStreamHelper.java:76)
	at com.mongodb.internal.connection.SocketStream.initializeSocket(SocketStream.java:104)
	at com.mongodb.internal.connection.SocketStream.open(SocketStream.java:79)
	... 3 common frames omitted
15:18:40.008 -------- [cluster-ClusterId{value='69ba73b02ef7de9764f473c2', description='Cluster0'}-ac-jcz0paw-shard-00-02.b7jb1jb.mongodb.net:27017] --- INFO  --- org.mongodb.driver.cluster -------- Monitor thread successfully connected to server with description ServerDescription{address=ac-jcz0paw-shard-00-02.b7jb1jb.mongodb.net:27017, type=REPLICA_SET_PRIMARY, cryptd=false, state=CONNECTED, ok=true, minWireVersion=0, maxWireVersion=25, maxDocumentSize=16777216, logicalSessionTimeoutMinutes=30, roundTripTimeNanos=12062223300, minRoundTripTimeNanos=0, setName='atlas-10vsg5-shard-0', canonicalAddress=ac-jcz0paw-shard-00-02.b7jb1jb.mongodb.net:27017, hosts=[ac-jcz0paw-shard-00-01.b7jb1jb.mongodb.net:27017, ac-jcz0paw-shard-00-02.b7jb1jb.mongodb.net:27017, ac-jcz0paw-shard-00-00.b7jb1jb.mongodb.net:27017], passives=[], arbiters=[], primary='ac-jcz0paw-shard-00-02.b7jb1jb.mongodb.net:27017', tagSet=TagSet{[Tag{name='availabilityZone', value='aps1-az2'}, Tag{name='diskState', value='READY'}, Tag{name='nodeType', value='ELECTABLE'}, Tag{name='provider', value='AWS'}, Tag{name='region', value='AP_SOUTH_1'}, Tag{name='workloadType', value='OPERATIONAL'}]}, electionId=7fffffff00000000000000dc, setVersion=57, topologyVersion=TopologyVersion{processId=69b311ad332d80e6a3807b8e, counter=6}, lastWriteDate=Wed Mar 18 15:18:40 IST 2026, lastUpdateTimeNanos=1615116150191200} 
15:18:40.010 -------- [cluster-ClusterId{value='69ba73b02ef7de9764f473c2', description='Cluster0'}-ac-jcz0paw-shard-00-02.b7jb1jb.mongodb.net:27017] --- INFO  --- org.mongodb.driver.cluster -------- Discovered replica set primary ac-jcz0paw-shard-00-02.b7jb1jb.mongodb.net:27017 with max election id 7fffffff00000000000000dc and max set version 57 
15:18:49.187 -------- [cluster-ClusterId{value='69ba73b02ef7de9764f473c2', description='Cluster0'}-ac-jcz0paw-shard-00-00.b7jb1jb.mongodb.net:27017] --- INFO  --- org.mongodb.driver.cluster -------- Monitor thread successfully connected to server with description ServerDescription{address=ac-jcz0paw-shard-00-00.b7jb1jb.mongodb.net:27017, type=REPLICA_SET_SECONDARY, cryptd=false, state=CONNECTED, ok=true, minWireVersion=0, maxWireVersion=25, maxDocumentSize=16777216, logicalSessionTimeoutMinutes=30, roundTripTimeNanos=6102085900, minRoundTripTimeNanos=0, setName='atlas-10vsg5-shard-0', canonicalAddress=ac-jcz0paw-shard-00-00.b7jb1jb.mongodb.net:27017, hosts=[ac-jcz0paw-shard-00-01.b7jb1jb.mongodb.net:27017, ac-jcz0paw-shard-00-02.b7jb1jb.mongodb.net:27017, ac-jcz0paw-shard-00-00.b7jb1jb.mongodb.net:27017], passives=[], arbiters=[], primary='ac-jcz0paw-shard-00-02.b7jb1jb.mongodb.net:27017', tagSet=TagSet{[Tag{name='availabilityZone', value='aps1-az1'}, Tag{name='diskState', value='READY'}, Tag{name='nodeType', value='ELECTABLE'}, Tag{name='provider', value='AWS'}, Tag{name='region', value='AP_SOUTH_1'}, Tag{name='workloadType', value='OPERATIONAL'}]}, electionId=null, setVersion=57, topologyVersion=TopologyVersion{processId=69b30fd5ea006f2a16d8bf3e, counter=4}, lastWriteDate=Wed Mar 18 15:18:49 IST 2026, lastUpdateTimeNanos=1615125328815700} 
15:18:50.214 -------- [cluster-ClusterId{value='69ba73b02ef7de9764f473c2', description='Cluster0'}-ac-jcz0paw-shard-00-01.b7jb1jb.mongodb.net:27017] --- INFO  --- org.mongodb.driver.cluster -------- Monitor thread successfully connected to server with description ServerDescription{address=ac-jcz0paw-shard-00-01.b7jb1jb.mongodb.net:27017, type=REPLICA_SET_SECONDARY, cryptd=false, state=CONNECTED, ok=true, minWireVersion=0, maxWireVersion=25, maxDocumentSize=16777216, logicalSessionTimeoutMinutes=30, roundTripTimeNanos=21730763000, minRoundTripTimeNanos=0, setName='atlas-10vsg5-shard-0', canonicalAddress=ac-jcz0paw-shard-00-01.b7jb1jb.mongodb.net:27017, hosts=[ac-jcz0paw-shard-00-01.b7jb1jb.mongodb.net:27017, ac-jcz0paw-shard-00-02.b7jb1jb.mongodb.net:27017, ac-jcz0paw-shard-00-00.b7jb1jb.mongodb.net:27017], passives=[], arbiters=[], primary='ac-jcz0paw-shard-00-02.b7jb1jb.mongodb.net:27017', tagSet=TagSet{[Tag{name='availabilityZone', value='aps1-az3'}, Tag{name='diskState', value='READY'}, Tag{name='nodeType', value='ELECTABLE'}, Tag{name='provider', value='AWS'}, Tag{name='region', value='AP_SOUTH_1'}, Tag{name='workloadType', value='OPERATIONAL'}]}, electionId=null, setVersion=57, topologyVersion=TopologyVersion{processId=69b3142d06876aecd9b70acd, counter=3}, lastWriteDate=Wed Mar 18 15:18:50 IST 2026, lastUpdateTimeNanos=1615126356658700} 
15:24:36.699 -------- [cluster-ClusterId{value='69ba73b02ef7de9764f473c2', description='Cluster0'}-ac-jcz0paw-shard-00-02.b7jb1jb.mongodb.net:27017] --- INFO  --- org.mongodb.driver.cluster -------- Exception in monitor thread while connecting to server ac-jcz0paw-shard-00-02.b7jb1jb.mongodb.net:27017 
com.mongodb.MongoSocketReadTimeoutException: Timeout while receiving message
	at com.mongodb.internal.connection.InternalStreamConnection.createReadTimeoutException(InternalStreamConnection.java:819)
	at com.mongodb.internal.connection.InternalStreamConnection.translateReadException(InternalStreamConnection.java:807)
	at com.mongodb.internal.connection.InternalStreamConnection.receiveResponseBuffers(InternalStreamConnection.java:857)
	at com.mongodb.internal.connection.InternalStreamConnection.receiveCommandMessageResponse(InternalStreamConnection.java:517)
	at com.mongodb.internal.connection.InternalStreamConnection.receive(InternalStreamConnection.java:469)
	at com.mongodb.internal.connection.DefaultServerMonitor$ServerMonitor.lookupServerDescription(DefaultServerMonitor.java:249)
	at com.mongodb.internal.connection.DefaultServerMonitor$ServerMonitor.run(DefaultServerMonitor.java:176)
Caused by: java.net.SocketTimeoutException: Read timed out
	at java.base/sun.nio.ch.NioSocketImpl.timedRead(NioSocketImpl.java:288)
	at java.base/sun.nio.ch.NioSocketImpl.implRead(NioSocketImpl.java:314)
	at java.base/sun.nio.ch.NioSocketImpl.read(NioSocketImpl.java:355)
	at java.base/sun.nio.ch.NioSocketImpl$1.read(NioSocketImpl.java:808)
	at java.base/java.net.Socket$SocketInputStream.read(Socket.java:966)
	at java.base/sun.security.ssl.SSLSocketInputRecord.read(SSLSocketInputRecord.java:484)
	at java.base/sun.security.ssl.SSLSocketInputRecord.readHeader(SSLSocketInputRecord.java:478)
	at java.base/sun.security.ssl.SSLSocketInputRecord.bytesInCompletePacket(SSLSocketInputRecord.java:70)
	at java.base/sun.security.ssl.SSLSocketImpl.readApplicationRecord(SSLSocketImpl.java:1465)
	at java.base/sun.security.ssl.SSLSocketImpl$AppInputStream.read(SSLSocketImpl.java:1069)
	at com.mongodb.internal.connection.SocketStream.read(SocketStream.java:182)
	at com.mongodb.internal.connection.InternalStreamConnection.receiveResponseBuffers(InternalStreamConnection.java:824)
	... 4 common frames omitted
15:24:41.063 -------- [cluster-ClusterId{value='69ba73b02ef7de9764f473c2', description='Cluster0'}-ac-jcz0paw-shard-00-01.b7jb1jb.mongodb.net:27017] --- INFO  --- org.mongodb.driver.cluster -------- Exception in monitor thread while connecting to server ac-jcz0paw-shard-00-01.b7jb1jb.mongodb.net:27017 
com.mongodb.MongoSocketReadTimeoutException: Timeout while receiving message
	at com.mongodb.internal.connection.InternalStreamConnection.createReadTimeoutException(InternalStreamConnection.java:819)
	at com.mongodb.internal.connection.InternalStreamConnection.translateReadException(InternalStreamConnection.java:807)
	at com.mongodb.internal.connection.InternalStreamConnection.receiveResponseBuffers(InternalStreamConnection.java:857)
	at com.mongodb.internal.connection.InternalStreamConnection.receiveCommandMessageResponse(InternalStreamConnection.java:517)
	at com.mongodb.internal.connection.InternalStreamConnection.receive(InternalStreamConnection.java:469)
	at com.mongodb.internal.connection.DefaultServerMonitor$ServerMonitor.lookupServerDescription(DefaultServerMonitor.java:249)
	at com.mongodb.internal.connection.DefaultServerMonitor$ServerMonitor.run(DefaultServerMonitor.java:176)
Caused by: java.net.SocketTimeoutException: Read timed out
	at java.base/sun.nio.ch.NioSocketImpl.timedRead(NioSocketImpl.java:288)
	at java.base/sun.nio.ch.NioSocketImpl.implRead(NioSocketImpl.java:314)
	at java.base/sun.nio.ch.NioSocketImpl.read(NioSocketImpl.java:355)
	at java.base/sun.nio.ch.NioSocketImpl$1.read(NioSocketImpl.java:808)
	at java.base/java.net.Socket$SocketInputStream.read(Socket.java:966)
	at java.base/sun.security.ssl.SSLSocketInputRecord.read(SSLSocketInputRecord.java:484)
	at java.base/sun.security.ssl.SSLSocketInputRecord.readHeader(SSLSocketInputRecord.java:478)
	at java.base/sun.security.ssl.SSLSocketInputRecord.bytesInCompletePacket(SSLSocketInputRecord.java:70)
	at java.base/sun.security.ssl.SSLSocketImpl.readApplicationRecord(SSLSocketImpl.java:1465)
	at java.base/sun.security.ssl.SSLSocketImpl$AppInputStream.read(SSLSocketImpl.java:1069)
	at com.mongodb.internal.connection.SocketStream.read(SocketStream.java:182)
	at com.mongodb.internal.connection.InternalStreamConnection.receiveResponseBuffers(InternalStreamConnection.java:824)
	... 4 common frames omitted
15:24:46.709 -------- [cluster-ClusterId{value='69ba73b02ef7de9764f473c2', description='Cluster0'}-ac-jcz0paw-shard-00-02.b7jb1jb.mongodb.net:27017] --- INFO  --- org.mongodb.driver.cluster -------- Exception in monitor thread while connecting to server ac-jcz0paw-shard-00-02.b7jb1jb.mongodb.net:27017 
com.mongodb.MongoSocketOpenException: Exception opening socket
	at com.mongodb.internal.connection.SocketStream.lambda$open$0(SocketStream.java:85)
	at java.base/java.util.Optional.orElseThrow(Optional.java:403)
	at com.mongodb.internal.connection.SocketStream.open(SocketStream.java:85)
	at com.mongodb.internal.connection.InternalStreamConnection.open(InternalStreamConnection.java:233)
	at com.mongodb.internal.connection.DefaultServerMonitor$ServerMonitor.lookupServerDescription(DefaultServerMonitor.java:219)
	at com.mongodb.internal.connection.DefaultServerMonitor$ServerMonitor.run(DefaultServerMonitor.java:176)
Caused by: java.net.SocketTimeoutException: Connect timed out
	at java.base/sun.nio.ch.NioSocketImpl.timedFinishConnect(NioSocketImpl.java:551)
	at java.base/sun.nio.ch.NioSocketImpl.connect(NioSocketImpl.java:602)
	at java.base/java.net.SocksSocketImpl.connect(SocksSocketImpl.java:327)
	at java.base/java.net.Socket.connect(Socket.java:633)
	at java.base/sun.security.ssl.SSLSocketImpl.connect(SSLSocketImpl.java:304)
	at com.mongodb.internal.connection.SocketStreamHelper.initialize(SocketStreamHelper.java:76)
	at com.mongodb.internal.connection.SocketStream.initializeSocket(SocketStream.java:104)
	at com.mongodb.internal.connection.SocketStream.open(SocketStream.java:79)
	... 3 common frames omitted
15:24:50.755 -------- [cluster-ClusterId{value='69ba73b02ef7de9764f473c2', description='Cluster0'}-ac-jcz0paw-shard-00-00.b7jb1jb.mongodb.net:27017] --- INFO  --- org.mongodb.driver.cluster -------- Exception in monitor thread while connecting to server ac-jcz0paw-shard-00-00.b7jb1jb.mongodb.net:27017 
com.mongodb.MongoSocketReadTimeoutException: Timeout while receiving message
	at com.mongodb.internal.connection.InternalStreamConnection.createReadTimeoutException(InternalStreamConnection.java:819)
	at com.mongodb.internal.connection.InternalStreamConnection.translateReadException(InternalStreamConnection.java:807)
	at com.mongodb.internal.connection.InternalStreamConnection.receiveResponseBuffers(InternalStreamConnection.java:857)
	at com.mongodb.internal.connection.InternalStreamConnection.receiveCommandMessageResponse(InternalStreamConnection.java:517)
	at com.mongodb.internal.connection.InternalStreamConnection.receive(InternalStreamConnection.java:469)
	at com.mongodb.internal.connection.DefaultServerMonitor$ServerMonitor.lookupServerDescription(DefaultServerMonitor.java:249)
	at com.mongodb.internal.connection.DefaultServerMonitor$ServerMonitor.run(DefaultServerMonitor.java:176)
Caused by: java.net.SocketTimeoutException: Read timed out
	at java.base/sun.nio.ch.NioSocketImpl.timedRead(NioSocketImpl.java:288)
	at java.base/sun.nio.ch.NioSocketImpl.implRead(NioSocketImpl.java:314)
	at java.base/sun.nio.ch.NioSocketImpl.read(NioSocketImpl.java:355)
	at java.base/sun.nio.ch.NioSocketImpl$1.read(NioSocketImpl.java:808)
	at java.base/java.net.Socket$SocketInputStream.read(Socket.java:966)
	at java.base/sun.security.ssl.SSLSocketInputRecord.read(SSLSocketInputRecord.java:484)
	at java.base/sun.security.ssl.SSLSocketInputRecord.readHeader(SSLSocketInputRecord.java:478)
	at java.base/sun.security.ssl.SSLSocketInputRecord.bytesInCompletePacket(SSLSocketInputRecord.java:70)
	at java.base/sun.security.ssl.SSLSocketImpl.readApplicationRecord(SSLSocketImpl.java:1465)
	at java.base/sun.security.ssl.SSLSocketImpl$AppInputStream.read(SSLSocketImpl.java:1069)
	at com.mongodb.internal.connection.SocketStream.read(SocketStream.java:182)
	at com.mongodb.internal.connection.InternalStreamConnection.receiveResponseBuffers(InternalStreamConnection.java:824)
	... 4 common frames omitted
15:24:52.992 -------- [cluster-ClusterId{value='69ba73b02ef7de9764f473c2', description='Cluster0'}-ac-jcz0paw-shard-00-01.b7jb1jb.mongodb.net:27017] --- INFO  --- org.mongodb.driver.cluster -------- Exception in monitor thread while connecting to server ac-jcz0paw-shard-00-01.b7jb1jb.mongodb.net:27017 
com.mongodb.MongoSocketWriteException: Exception sending message
	at com.mongodb.internal.connection.InternalStreamConnection.throwTranslatedWriteException(InternalStreamConnection.java:785)
	at com.mongodb.internal.connection.InternalStreamConnection.sendMessage(InternalStreamConnection.java:670)
	at com.mongodb.internal.connection.InternalStreamConnection.trySendMessage(InternalStreamConnection.java:507)
	at com.mongodb.internal.connection.InternalStreamConnection.sendCommandMessage(InternalStreamConnection.java:482)
	at com.mongodb.internal.connection.InternalStreamConnection.sendAndReceiveInternal(InternalStreamConnection.java:440)
	at com.mongodb.internal.connection.InternalStreamConnection.lambda$sendAndReceive$0(InternalStreamConnection.java:375)
	at com.mongodb.internal.connection.InternalStreamConnection.sendAndReceive(InternalStreamConnection.java:378)
	at com.mongodb.internal.connection.CommandHelper.sendAndReceive(CommandHelper.java:100)
	at com.mongodb.internal.connection.CommandHelper.executeCommand(CommandHelper.java:49)
	at com.mongodb.internal.connection.InternalStreamConnectionInitializer.initializeConnectionDescription(InternalStreamConnectionInitializer.java:144)
	at com.mongodb.internal.connection.InternalStreamConnectionInitializer.startHandshake(InternalStreamConnectionInitializer.java:79)
	at com.mongodb.internal.connection.InternalStreamConnection.open(InternalStreamConnection.java:235)
	at com.mongodb.internal.connection.DefaultServerMonitor$ServerMonitor.lookupServerDescription(DefaultServerMonitor.java:219)
	at com.mongodb.internal.connection.DefaultServerMonitor$ServerMonitor.run(DefaultServerMonitor.java:176)
Caused by: java.net.SocketTimeoutException: Read timed out
	at java.base/sun.nio.ch.NioSocketImpl.timedRead(NioSocketImpl.java:288)
	at java.base/sun.nio.ch.NioSocketImpl.implRead(NioSocketImpl.java:314)
	at java.base/sun.nio.ch.NioSocketImpl.read(NioSocketImpl.java:355)
	at java.base/sun.nio.ch.NioSocketImpl$1.read(NioSocketImpl.java:808)
	at java.base/java.net.Socket$SocketInputStream.read(Socket.java:966)
	at java.base/sun.security.ssl.SSLSocketInputRecord.read(SSLSocketInputRecord.java:484)
	at java.base/sun.security.ssl.SSLSocketInputRecord.readHeader(SSLSocketInputRecord.java:478)
	at java.base/sun.security.ssl.SSLSocketInputRecord.decode(SSLSocketInputRecord.java:160)
	at java.base/sun.security.ssl.SSLTransport.decode(SSLTransport.java:111)
	at java.base/sun.security.ssl.SSLSocketImpl.decode(SSLSocketImpl.java:1510)
	at java.base/sun.security.ssl.SSLSocketImpl.readHandshakeRecord(SSLSocketImpl.java:1425)
	at java.base/sun.security.ssl.SSLSocketImpl.startHandshake(SSLSocketImpl.java:455)
	at java.base/sun.security.ssl.SSLSocketImpl.ensureNegotiated(SSLSocketImpl.java:925)
	at java.base/sun.security.ssl.SSLSocketImpl$AppOutputStream.write(SSLSocketImpl.java:1295)
	at com.mongodb.internal.connection.SocketStream.write(SocketStream.java:165)
	at com.mongodb.internal.connection.InternalStreamConnection.sendMessage(InternalStreamConnection.java:667)
	... 12 common frames omitted
15:25:05.537 -------- [cluster-ClusterId{value='69ba73b02ef7de9764f473c2', description='Cluster0'}-ac-jcz0paw-shard-00-00.b7jb1jb.mongodb.net:27017] --- INFO  --- org.mongodb.driver.cluster -------- Exception in monitor thread while connecting to server ac-jcz0paw-shard-00-00.b7jb1jb.mongodb.net:27017 
com.mongodb.MongoSocketWriteException: Exception sending message
	at com.mongodb.internal.connection.InternalStreamConnection.throwTranslatedWriteException(InternalStreamConnection.java:785)
	at com.mongodb.internal.connection.InternalStreamConnection.sendMessage(InternalStreamConnection.java:670)
	at com.mongodb.internal.connection.InternalStreamConnection.trySendMessage(InternalStreamConnection.java:507)
	at com.mongodb.internal.connection.InternalStreamConnection.sendCommandMessage(InternalStreamConnection.java:482)
	at com.mongodb.internal.connection.InternalStreamConnection.sendAndReceiveInternal(InternalStreamConnection.java:440)
	at com.mongodb.internal.connection.InternalStreamConnection.lambda$sendAndReceive$0(InternalStreamConnection.java:375)
	at com.mongodb.internal.connection.InternalStreamConnection.sendAndReceive(InternalStreamConnection.java:378)
	at com.mongodb.internal.connection.CommandHelper.sendAndReceive(CommandHelper.java:100)
	at com.mongodb.internal.connection.CommandHelper.executeCommand(CommandHelper.java:49)
	at com.mongodb.internal.connection.InternalStreamConnectionInitializer.initializeConnectionDescription(InternalStreamConnectionInitializer.java:144)
	at com.mongodb.internal.connection.InternalStreamConnectionInitializer.startHandshake(InternalStreamConnectionInitializer.java:79)
	at com.mongodb.internal.connection.InternalStreamConnection.open(InternalStreamConnection.java:235)
	at com.mongodb.internal.connection.DefaultServerMonitor$ServerMonitor.lookupServerDescription(DefaultServerMonitor.java:219)
	at com.mongodb.internal.connection.DefaultServerMonitor$ServerMonitor.run(DefaultServerMonitor.java:176)
Caused by: java.net.SocketTimeoutException: Read timed out
	at java.base/sun.nio.ch.NioSocketImpl.timedRead(NioSocketImpl.java:288)
	at java.base/sun.nio.ch.NioSocketImpl.implRead(NioSocketImpl.java:314)
	at java.base/sun.nio.ch.NioSocketImpl.read(NioSocketImpl.java:355)
	at java.base/sun.nio.ch.NioSocketImpl$1.read(NioSocketImpl.java:808)
	at java.base/java.net.Socket$SocketInputStream.read(Socket.java:966)
	at java.base/sun.security.ssl.SSLSocketInputRecord.read(SSLSocketInputRecord.java:484)
	at java.base/sun.security.ssl.SSLSocketInputRecord.readHeader(SSLSocketInputRecord.java:478)
	at java.base/sun.security.ssl.SSLSocketInputRecord.decode(SSLSocketInputRecord.java:160)
	at java.base/sun.security.ssl.SSLTransport.decode(SSLTransport.java:111)
	at java.base/sun.security.ssl.SSLSocketImpl.decode(SSLSocketImpl.java:1510)
	at java.base/sun.security.ssl.SSLSocketImpl.readHandshakeRecord(SSLSocketImpl.java:1425)
	at java.base/sun.security.ssl.SSLSocketImpl.startHandshake(SSLSocketImpl.java:455)
	at java.base/sun.security.ssl.SSLSocketImpl.ensureNegotiated(SSLSocketImpl.java:925)
	at java.base/sun.security.ssl.SSLSocketImpl$AppOutputStream.write(SSLSocketImpl.java:1295)
	at com.mongodb.internal.connection.SocketStream.write(SocketStream.java:165)
	at com.mongodb.internal.connection.InternalStreamConnection.sendMessage(InternalStreamConnection.java:667)
	... 12 common frames omitted
15:25:11.198 -------- [cluster-ClusterId{value='69ba73b02ef7de9764f473c2', description='Cluster0'}-ac-jcz0paw-shard-00-02.b7jb1jb.mongodb.net:27017] --- INFO  --- org.mongodb.driver.cluster -------- Exception in monitor thread while connecting to server ac-jcz0paw-shard-00-02.b7jb1jb.mongodb.net:27017 
com.mongodb.MongoSocketWriteException: Exception sending message
	at com.mongodb.internal.connection.InternalStreamConnection.throwTranslatedWriteException(InternalStreamConnection.java:785)
	at com.mongodb.internal.connection.InternalStreamConnection.sendMessage(InternalStreamConnection.java:670)
	at com.mongodb.internal.connection.InternalStreamConnection.trySendMessage(InternalStreamConnection.java:507)
	at com.mongodb.internal.connection.InternalStreamConnection.sendCommandMessage(InternalStreamConnection.java:482)
	at com.mongodb.internal.connection.InternalStreamConnection.sendAndReceiveInternal(InternalStreamConnection.java:440)
	at com.mongodb.internal.connection.InternalStreamConnection.lambda$sendAndReceive$0(InternalStreamConnection.java:375)
	at com.mongodb.internal.connection.InternalStreamConnection.sendAndReceive(InternalStreamConnection.java:378)
	at com.mongodb.internal.connection.CommandHelper.sendAndReceive(CommandHelper.java:100)
	at com.mongodb.internal.connection.CommandHelper.executeCommand(CommandHelper.java:49)
	at com.mongodb.internal.connection.InternalStreamConnectionInitializer.initializeConnectionDescription(InternalStreamConnectionInitializer.java:144)
	at com.mongodb.internal.connection.InternalStreamConnectionInitializer.startHandshake(InternalStreamConnectionInitializer.java:79)
	at com.mongodb.internal.connection.InternalStreamConnection.open(InternalStreamConnection.java:235)
	at com.mongodb.internal.connection.DefaultServerMonitor$ServerMonitor.lookupServerDescription(DefaultServerMonitor.java:219)
	at com.mongodb.internal.connection.DefaultServerMonitor$ServerMonitor.run(DefaultServerMonitor.java:176)
Caused by: java.net.SocketTimeoutException: Read timed out
	at java.base/sun.nio.ch.NioSocketImpl.timedRead(NioSocketImpl.java:288)
	at java.base/sun.nio.ch.NioSocketImpl.implRead(NioSocketImpl.java:314)
	at java.base/sun.nio.ch.NioSocketImpl.read(NioSocketImpl.java:355)
	at java.base/sun.nio.ch.NioSocketImpl$1.read(NioSocketImpl.java:808)
	at java.base/java.net.Socket$SocketInputStream.read(Socket.java:966)
	at java.base/sun.security.ssl.SSLSocketInputRecord.read(SSLSocketInputRecord.java:484)
	at java.base/sun.security.ssl.SSLSocketInputRecord.readHeader(SSLSocketInputRecord.java:478)
	at java.base/sun.security.ssl.SSLSocketInputRecord.decode(SSLSocketInputRecord.java:160)
	at java.base/sun.security.ssl.SSLTransport.decode(SSLTransport.java:111)
	at java.base/sun.security.ssl.SSLSocketImpl.decode(SSLSocketImpl.java:1510)
	at java.base/sun.security.ssl.SSLSocketImpl.readHandshakeRecord(SSLSocketImpl.java:1425)
	at java.base/sun.security.ssl.SSLSocketImpl.startHandshake(SSLSocketImpl.java:455)
	at java.base/sun.security.ssl.SSLSocketImpl.ensureNegotiated(SSLSocketImpl.java:925)
	at java.base/sun.security.ssl.SSLSocketImpl$AppOutputStream.write(SSLSocketImpl.java:1295)
	at com.mongodb.internal.connection.SocketStream.write(SocketStream.java:165)
	at com.mongodb.internal.connection.InternalStreamConnection.sendMessage(InternalStreamConnection.java:667)
	... 12 common frames omitted
15:25:18.798 -------- [cluster-ClusterId{value='69ba73b02ef7de9764f473c2', description='Cluster0'}-ac-jcz0paw-shard-00-01.b7jb1jb.mongodb.net:27017] --- INFO  --- org.mongodb.driver.cluster -------- Monitor thread successfully connected to server with description ServerDescription{address=ac-jcz0paw-shard-00-01.b7jb1jb.mongodb.net:27017, type=REPLICA_SET_SECONDARY, cryptd=false, state=CONNECTED, ok=true, minWireVersion=0, maxWireVersion=25, maxDocumentSize=16777216, logicalSessionTimeoutMinutes=30, roundTripTimeNanos=13301310000, minRoundTripTimeNanos=0, setName='atlas-10vsg5-shard-0', canonicalAddress=ac-jcz0paw-shard-00-01.b7jb1jb.mongodb.net:27017, hosts=[ac-jcz0paw-shard-00-01.b7jb1jb.mongodb.net:27017, ac-jcz0paw-shard-00-02.b7jb1jb.mongodb.net:27017, ac-jcz0paw-shard-00-00.b7jb1jb.mongodb.net:27017], passives=[], arbiters=[], primary='ac-jcz0paw-shard-00-02.b7jb1jb.mongodb.net:27017', tagSet=TagSet{[Tag{name='availabilityZone', value='aps1-az3'}, Tag{name='diskState', value='READY'}, Tag{name='nodeType', value='ELECTABLE'}, Tag{name='provider', value='AWS'}, Tag{name='region', value='AP_SOUTH_1'}, Tag{name='workloadType', value='OPERATIONAL'}]}, electionId=null, setVersion=57, topologyVersion=TopologyVersion{processId=69b3142d06876aecd9b70acd, counter=3}, lastWriteDate=Wed Mar 18 15:25:19 IST 2026, lastUpdateTimeNanos=1615514939451000} 
15:25:31.216 -------- [cluster-ClusterId{value='69ba73b02ef7de9764f473c2', description='Cluster0'}-ac-jcz0paw-shard-00-02.b7jb1jb.mongodb.net:27017] --- INFO  --- org.mongodb.driver.cluster -------- Exception in monitor thread while connecting to server ac-jcz0paw-shard-00-02.b7jb1jb.mongodb.net:27017 
com.mongodb.MongoSocketOpenException: Exception opening socket
	at com.mongodb.internal.connection.SocketStream.lambda$open$0(SocketStream.java:85)
	at java.base/java.util.Optional.orElseThrow(Optional.java:403)
	at com.mongodb.internal.connection.SocketStream.open(SocketStream.java:85)
	at com.mongodb.internal.connection.InternalStreamConnection.open(InternalStreamConnection.java:233)
	at com.mongodb.internal.connection.DefaultServerMonitor$ServerMonitor.lookupServerDescription(DefaultServerMonitor.java:219)
	at com.mongodb.internal.connection.DefaultServerMonitor$ServerMonitor.run(DefaultServerMonitor.java:176)
Caused by: java.net.SocketTimeoutException: Connect timed out
	at java.base/sun.nio.ch.NioSocketImpl.timedFinishConnect(NioSocketImpl.java:551)
	at java.base/sun.nio.ch.NioSocketImpl.connect(NioSocketImpl.java:602)
	at java.base/java.net.SocksSocketImpl.connect(SocksSocketImpl.java:327)
	at java.base/java.net.Socket.connect(Socket.java:633)
	at java.base/sun.security.ssl.SSLSocketImpl.connect(SSLSocketImpl.java:304)
	at com.mongodb.internal.connection.SocketStreamHelper.initialize(SocketStreamHelper.java:76)
	at com.mongodb.internal.connection.SocketStream.initializeSocket(SocketStream.java:104)
	at com.mongodb.internal.connection.SocketStream.open(SocketStream.java:79)
	... 3 common frames omitted
15:25:54.108 -------- [cluster-ClusterId{value='69ba73b02ef7de9764f473c2', description='Cluster0'}-ac-jcz0paw-shard-00-00.b7jb1jb.mongodb.net:27017] --- INFO  --- org.mongodb.driver.cluster -------- Exception in monitor thread while connecting to server ac-jcz0paw-shard-00-00.b7jb1jb.mongodb.net:27017 
com.mongodb.MongoSocketOpenException: Exception opening socket
	at com.mongodb.internal.connection.SocketStream.lambda$open$0(SocketStream.java:85)
	at java.base/java.util.Optional.orElseThrow(Optional.java:403)
	at com.mongodb.internal.connection.SocketStream.open(SocketStream.java:85)
	at com.mongodb.internal.connection.InternalStreamConnection.open(InternalStreamConnection.java:233)
	at com.mongodb.internal.connection.DefaultServerMonitor$ServerMonitor.lookupServerDescription(DefaultServerMonitor.java:219)
	at com.mongodb.internal.connection.DefaultServerMonitor$ServerMonitor.run(DefaultServerMonitor.java:176)
Caused by: java.net.SocketTimeoutException: Connect timed out
	at java.base/sun.nio.ch.NioSocketImpl.timedFinishConnect(NioSocketImpl.java:551)
	at java.base/sun.nio.ch.NioSocketImpl.connect(NioSocketImpl.java:602)
	at java.base/java.net.SocksSocketImpl.connect(SocksSocketImpl.java:327)
	at java.base/java.net.Socket.connect(Socket.java:633)
	at java.base/sun.security.ssl.SSLSocketImpl.connect(SSLSocketImpl.java:304)
	at com.mongodb.internal.connection.SocketStreamHelper.initialize(SocketStreamHelper.java:76)
	at com.mongodb.internal.connection.SocketStream.initializeSocket(SocketStream.java:104)
	at com.mongodb.internal.connection.SocketStream.open(SocketStream.java:79)
	... 3 common frames omitted
15:25:56.595 -------- [cluster-ClusterId{value='69ba73b02ef7de9764f473c2', description='Cluster0'}-ac-jcz0paw-shard-00-02.b7jb1jb.mongodb.net:27017] --- INFO  --- org.mongodb.driver.cluster -------- Exception in monitor thread while connecting to server ac-jcz0paw-shard-00-02.b7jb1jb.mongodb.net:27017 
com.mongodb.MongoSocketWriteException: Exception sending message
	at com.mongodb.internal.connection.InternalStreamConnection.throwTranslatedWriteException(InternalStreamConnection.java:785)
	at com.mongodb.internal.connection.InternalStreamConnection.sendMessage(InternalStreamConnection.java:670)
	at com.mongodb.internal.connection.InternalStreamConnection.trySendMessage(InternalStreamConnection.java:507)
	at com.mongodb.internal.connection.InternalStreamConnection.sendCommandMessage(InternalStreamConnection.java:482)
	at com.mongodb.internal.connection.InternalStreamConnection.sendAndReceiveInternal(InternalStreamConnection.java:440)
	at com.mongodb.internal.connection.InternalStreamConnection.lambda$sendAndReceive$0(InternalStreamConnection.java:375)
	at com.mongodb.internal.connection.InternalStreamConnection.sendAndReceive(InternalStreamConnection.java:378)
	at com.mongodb.internal.connection.CommandHelper.sendAndReceive(CommandHelper.java:100)
	at com.mongodb.internal.connection.CommandHelper.executeCommand(CommandHelper.java:49)
	at com.mongodb.internal.connection.InternalStreamConnectionInitializer.initializeConnectionDescription(InternalStreamConnectionInitializer.java:144)
	at com.mongodb.internal.connection.InternalStreamConnectionInitializer.startHandshake(InternalStreamConnectionInitializer.java:79)
	at com.mongodb.internal.connection.InternalStreamConnection.open(InternalStreamConnection.java:235)
	at com.mongodb.internal.connection.DefaultServerMonitor$ServerMonitor.lookupServerDescription(DefaultServerMonitor.java:219)
	at com.mongodb.internal.connection.DefaultServerMonitor$ServerMonitor.run(DefaultServerMonitor.java:176)
Caused by: java.net.SocketTimeoutException: Read timed out
	at java.base/sun.nio.ch.NioSocketImpl.timedRead(NioSocketImpl.java:288)
	at java.base/sun.nio.ch.NioSocketImpl.implRead(NioSocketImpl.java:314)
	at java.base/sun.nio.ch.NioSocketImpl.read(NioSocketImpl.java:355)
	at java.base/sun.nio.ch.NioSocketImpl$1.read(NioSocketImpl.java:808)
	at java.base/java.net.Socket$SocketInputStream.read(Socket.java:966)
	at java.base/sun.security.ssl.SSLSocketInputRecord.read(SSLSocketInputRecord.java:484)
	at java.base/sun.security.ssl.SSLSocketInputRecord.readHeader(SSLSocketInputRecord.java:478)
	at java.base/sun.security.ssl.SSLSocketInputRecord.decode(SSLSocketInputRecord.java:160)
	at java.base/sun.security.ssl.SSLTransport.decode(SSLTransport.java:111)
	at java.base/sun.security.ssl.SSLSocketImpl.decode(SSLSocketImpl.java:1510)
	at java.base/sun.security.ssl.SSLSocketImpl.readHandshakeRecord(SSLSocketImpl.java:1425)
	at java.base/sun.security.ssl.SSLSocketImpl.startHandshake(SSLSocketImpl.java:455)
	at java.base/sun.security.ssl.SSLSocketImpl.ensureNegotiated(SSLSocketImpl.java:925)
	at java.base/sun.security.ssl.SSLSocketImpl$AppOutputStream.write(SSLSocketImpl.java:1295)
	at com.mongodb.internal.connection.SocketStream.write(SocketStream.java:165)
	at com.mongodb.internal.connection.InternalStreamConnection.sendMessage(InternalStreamConnection.java:667)
	... 12 common frames omitted
15:26:00.257 -------- [cluster-ClusterId{value='69ba73b02ef7de9764f473c2', description='Cluster0'}-ac-jcz0paw-shard-00-01.b7jb1jb.mongodb.net:27017] --- INFO  --- org.mongodb.driver.cluster -------- Exception in monitor thread while connecting to server ac-jcz0paw-shard-00-01.b7jb1jb.mongodb.net:27017 
com.mongodb.MongoSocketReadTimeoutException: Timeout while receiving message
	at com.mongodb.internal.connection.InternalStreamConnection.createReadTimeoutException(InternalStreamConnection.java:819)
	at com.mongodb.internal.connection.InternalStreamConnection.translateReadException(InternalStreamConnection.java:807)
	at com.mongodb.internal.connection.InternalStreamConnection.receiveResponseBuffers(InternalStreamConnection.java:857)
	at com.mongodb.internal.connection.InternalStreamConnection.receiveCommandMessageResponse(InternalStreamConnection.java:517)
	at com.mongodb.internal.connection.InternalStreamConnection.receive(InternalStreamConnection.java:469)
	at com.mongodb.internal.connection.DefaultServerMonitor$ServerMonitor.lookupServerDescription(DefaultServerMonitor.java:249)
	at com.mongodb.internal.connection.DefaultServerMonitor$ServerMonitor.run(DefaultServerMonitor.java:176)
Caused by: java.net.SocketTimeoutException: Read timed out
	at java.base/sun.nio.ch.NioSocketImpl.timedRead(NioSocketImpl.java:288)
	at java.base/sun.nio.ch.NioSocketImpl.implRead(NioSocketImpl.java:314)
	at java.base/sun.nio.ch.NioSocketImpl.read(NioSocketImpl.java:355)
	at java.base/sun.nio.ch.NioSocketImpl$1.read(NioSocketImpl.java:808)
	at java.base/java.net.Socket$SocketInputStream.read(Socket.java:966)
	at java.base/sun.security.ssl.SSLSocketInputRecord.read(SSLSocketInputRecord.java:484)
	at java.base/sun.security.ssl.SSLSocketInputRecord.readHeader(SSLSocketInputRecord.java:478)
	at java.base/sun.security.ssl.SSLSocketInputRecord.bytesInCompletePacket(SSLSocketInputRecord.java:70)
	at java.base/sun.security.ssl.SSLSocketImpl.readApplicationRecord(SSLSocketImpl.java:1465)
	at java.base/sun.security.ssl.SSLSocketImpl$AppInputStream.read(SSLSocketImpl.java:1069)
	at com.mongodb.internal.connection.SocketStream.read(SocketStream.java:182)
	at com.mongodb.internal.connection.InternalStreamConnection.receiveResponseBuffers(InternalStreamConnection.java:824)
	... 4 common frames omitted
15:26:12.591 -------- [cluster-ClusterId{value='69ba73b02ef7de9764f473c2', description='Cluster0'}-ac-jcz0paw-shard-00-01.b7jb1jb.mongodb.net:27017] --- INFO  --- org.mongodb.driver.cluster -------- Exception in monitor thread while connecting to server ac-jcz0paw-shard-00-01.b7jb1jb.mongodb.net:27017 
com.mongodb.MongoSocketWriteException: Exception sending message
	at com.mongodb.internal.connection.InternalStreamConnection.throwTranslatedWriteException(InternalStreamConnection.java:785)
	at com.mongodb.internal.connection.InternalStreamConnection.sendMessage(InternalStreamConnection.java:670)
	at com.mongodb.internal.connection.InternalStreamConnection.trySendMessage(InternalStreamConnection.java:507)
	at com.mongodb.internal.connection.InternalStreamConnection.sendCommandMessage(InternalStreamConnection.java:482)
	at com.mongodb.internal.connection.InternalStreamConnection.sendAndReceiveInternal(InternalStreamConnection.java:440)
	at com.mongodb.internal.connection.InternalStreamConnection.lambda$sendAndReceive$0(InternalStreamConnection.java:375)
	at com.mongodb.internal.connection.InternalStreamConnection.sendAndReceive(InternalStreamConnection.java:378)
	at com.mongodb.internal.connection.CommandHelper.sendAndReceive(CommandHelper.java:100)
	at com.mongodb.internal.connection.CommandHelper.executeCommand(CommandHelper.java:49)
	at com.mongodb.internal.connection.InternalStreamConnectionInitializer.initializeConnectionDescription(InternalStreamConnectionInitializer.java:144)
	at com.mongodb.internal.connection.InternalStreamConnectionInitializer.startHandshake(InternalStreamConnectionInitializer.java:79)
	at com.mongodb.internal.connection.InternalStreamConnection.open(InternalStreamConnection.java:235)
	at com.mongodb.internal.connection.DefaultServerMonitor$ServerMonitor.lookupServerDescription(DefaultServerMonitor.java:219)
	at com.mongodb.internal.connection.DefaultServerMonitor$ServerMonitor.run(DefaultServerMonitor.java:176)
Caused by: java.net.SocketTimeoutException: Read timed out
	at java.base/sun.nio.ch.NioSocketImpl.timedRead(NioSocketImpl.java:288)
	at java.base/sun.nio.ch.NioSocketImpl.implRead(NioSocketImpl.java:314)
	at java.base/sun.nio.ch.NioSocketImpl.read(NioSocketImpl.java:355)
	at java.base/sun.nio.ch.NioSocketImpl$1.read(NioSocketImpl.java:808)
	at java.base/java.net.Socket$SocketInputStream.read(Socket.java:966)
	at java.base/sun.security.ssl.SSLSocketInputRecord.read(SSLSocketInputRecord.java:484)
	at java.base/sun.security.ssl.SSLSocketInputRecord.readHeader(SSLSocketInputRecord.java:478)
	at java.base/sun.security.ssl.SSLSocketInputRecord.decode(SSLSocketInputRecord.java:160)
	at java.base/sun.security.ssl.SSLTransport.decode(SSLTransport.java:111)
	at java.base/sun.security.ssl.SSLSocketImpl.decode(SSLSocketImpl.java:1510)
	at java.base/sun.security.ssl.SSLSocketImpl.readHandshakeRecord(SSLSocketImpl.java:1425)
	at java.base/sun.security.ssl.SSLSocketImpl.startHandshake(SSLSocketImpl.java:455)
	at java.base/sun.security.ssl.SSLSocketImpl.ensureNegotiated(SSLSocketImpl.java:925)
	at java.base/sun.security.ssl.SSLSocketImpl$AppOutputStream.write(SSLSocketImpl.java:1295)
	at com.mongodb.internal.connection.SocketStream.write(SocketStream.java:165)
	at com.mongodb.internal.connection.InternalStreamConnection.sendMessage(InternalStreamConnection.java:667)
	... 12 common frames omitted
15:26:12.677 -------- [cluster-ClusterId{value='69ba73b02ef7de9764f473c2', description='Cluster0'}-ac-jcz0paw-shard-00-00.b7jb1jb.mongodb.net:27017] --- INFO  --- org.mongodb.driver.cluster -------- Monitor thread successfully connected to server with description ServerDescription{address=ac-jcz0paw-shard-00-00.b7jb1jb.mongodb.net:27017, type=REPLICA_SET_SECONDARY, cryptd=false, state=CONNECTED, ok=true, minWireVersion=0, maxWireVersion=25, maxDocumentSize=16777216, logicalSessionTimeoutMinutes=30, roundTripTimeNanos=3902858900, minRoundTripTimeNanos=0, setName='atlas-10vsg5-shard-0', canonicalAddress=ac-jcz0paw-shard-00-00.b7jb1jb.mongodb.net:27017, hosts=[ac-jcz0paw-shard-00-01.b7jb1jb.mongodb.net:27017, ac-jcz0paw-shard-00-02.b7jb1jb.mongodb.net:27017, ac-jcz0paw-shard-00-00.b7jb1jb.mongodb.net:27017], passives=[], arbiters=[], primary='ac-jcz0paw-shard-00-02.b7jb1jb.mongodb.net:27017', tagSet=TagSet{[Tag{name='availabilityZone', value='aps1-az1'}, Tag{name='diskState', value='READY'}, Tag{name='nodeType', value='ELECTABLE'}, Tag{name='provider', value='AWS'}, Tag{name='region', value='AP_SOUTH_1'}, Tag{name='workloadType', value='OPERATIONAL'}]}, electionId=null, setVersion=57, topologyVersion=TopologyVersion{processId=69b30fd5ea006f2a16d8bf3e, counter=4}, lastWriteDate=Wed Mar 18 15:26:12 IST 2026, lastUpdateTimeNanos=1615568819821200} 
15:26:18.562 -------- [cluster-ClusterId{value='69ba73b02ef7de9764f473c2', description='Cluster0'}-ac-jcz0paw-shard-00-02.b7jb1jb.mongodb.net:27017] --- INFO  --- org.mongodb.driver.cluster -------- Monitor thread successfully connected to server with description ServerDescription{address=ac-jcz0paw-shard-00-02.b7jb1jb.mongodb.net:27017, type=REPLICA_SET_PRIMARY, cryptd=false, state=CONNECTED, ok=true, minWireVersion=0, maxWireVersion=25, maxDocumentSize=16777216, logicalSessionTimeoutMinutes=30, roundTripTimeNanos=8048355900, minRoundTripTimeNanos=0, setName='atlas-10vsg5-shard-0', canonicalAddress=ac-jcz0paw-shard-00-02.b7jb1jb.mongodb.net:27017, hosts=[ac-jcz0paw-shard-00-01.b7jb1jb.mongodb.net:27017, ac-jcz0paw-shard-00-02.b7jb1jb.mongodb.net:27017, ac-jcz0paw-shard-00-00.b7jb1jb.mongodb.net:27017], passives=[], arbiters=[], primary='ac-jcz0paw-shard-00-02.b7jb1jb.mongodb.net:27017', tagSet=TagSet{[Tag{name='availabilityZone', value='aps1-az2'}, Tag{name='diskState', value='READY'}, Tag{name='nodeType', value='ELECTABLE'}, Tag{name='provider', value='AWS'}, Tag{name='region', value='AP_SOUTH_1'}, Tag{name='workloadType', value='OPERATIONAL'}]}, electionId=7fffffff00000000000000dc, setVersion=57, topologyVersion=TopologyVersion{processId=69b311ad332d80e6a3807b8e, counter=6}, lastWriteDate=Wed Mar 18 15:26:18 IST 2026, lastUpdateTimeNanos=1615574703950800} 
15:26:18.563 -------- [cluster-ClusterId{value='69ba73b02ef7de9764f473c2', description='Cluster0'}-ac-jcz0paw-shard-00-02.b7jb1jb.mongodb.net:27017] --- INFO  --- org.mongodb.driver.cluster -------- Discovered replica set primary ac-jcz0paw-shard-00-02.b7jb1jb.mongodb.net:27017 with max election id 7fffffff00000000000000dc and max set version 57 
15:26:26.461 -------- [cluster-ClusterId{value='69ba73b02ef7de9764f473c2', description='Cluster0'}-ac-jcz0paw-shard-00-01.b7jb1jb.mongodb.net:27017] --- INFO  --- org.mongodb.driver.cluster -------- Monitor thread successfully connected to server with description ServerDescription{address=ac-jcz0paw-shard-00-01.b7jb1jb.mongodb.net:27017, type=REPLICA_SET_SECONDARY, cryptd=false, state=CONNECTED, ok=true, minWireVersion=0, maxWireVersion=25, maxDocumentSize=16777216, logicalSessionTimeoutMinutes=30, roundTripTimeNanos=569000200, minRoundTripTimeNanos=0, setName='atlas-10vsg5-shard-0', canonicalAddress=ac-jcz0paw-shard-00-01.b7jb1jb.mongodb.net:27017, hosts=[ac-jcz0paw-shard-00-01.b7jb1jb.mongodb.net:27017, ac-jcz0paw-shard-00-02.b7jb1jb.mongodb.net:27017, ac-jcz0paw-shard-00-00.b7jb1jb.mongodb.net:27017], passives=[], arbiters=[], primary='ac-jcz0paw-shard-00-02.b7jb1jb.mongodb.net:27017', tagSet=TagSet{[Tag{name='availabilityZone', value='aps1-az3'}, Tag{name='diskState', value='READY'}, Tag{name='nodeType', value='ELECTABLE'}, Tag{name='provider', value='AWS'}, Tag{name='region', value='AP_SOUTH_1'}, Tag{name='workloadType', value='OPERATIONAL'}]}, electionId=null, setVersion=57, topologyVersion=TopologyVersion{processId=69b3142d06876aecd9b70acd, counter=3}, lastWriteDate=Wed Mar 18 15:26:26 IST 2026, lastUpdateTimeNanos=1615582602987800} 
15:27:13.498 -------- [cluster-ClusterId{value='69ba73b02ef7de9764f473c2', description='Cluster0'}-ac-jcz0paw-shard-00-00.b7jb1jb.mongodb.net:27017] --- INFO  --- org.mongodb.driver.cluster -------- Exception in monitor thread while connecting to server ac-jcz0paw-shard-00-00.b7jb1jb.mongodb.net:27017 
com.mongodb.MongoSocketReadTimeoutException: Timeout while receiving message
	at com.mongodb.internal.connection.InternalStreamConnection.createReadTimeoutException(InternalStreamConnection.java:819)
	at com.mongodb.internal.connection.InternalStreamConnection.translateReadException(InternalStreamConnection.java:807)
	at com.mongodb.internal.connection.InternalStreamConnection.receiveResponseBuffers(InternalStreamConnection.java:857)
	at com.mongodb.internal.connection.InternalStreamConnection.receiveCommandMessageResponse(InternalStreamConnection.java:517)
	at com.mongodb.internal.connection.InternalStreamConnection.receive(InternalStreamConnection.java:469)
	at com.mongodb.internal.connection.DefaultServerMonitor$ServerMonitor.lookupServerDescription(DefaultServerMonitor.java:249)
	at com.mongodb.internal.connection.DefaultServerMonitor$ServerMonitor.run(DefaultServerMonitor.java:176)
Caused by: java.net.SocketTimeoutException: Read timed out
	at java.base/sun.nio.ch.NioSocketImpl.timedRead(NioSocketImpl.java:288)
	at java.base/sun.nio.ch.NioSocketImpl.implRead(NioSocketImpl.java:314)
	at java.base/sun.nio.ch.NioSocketImpl.read(NioSocketImpl.java:355)
	at java.base/sun.nio.ch.NioSocketImpl$1.read(NioSocketImpl.java:808)
	at java.base/java.net.Socket$SocketInputStream.read(Socket.java:966)
	at java.base/sun.security.ssl.SSLSocketInputRecord.read(SSLSocketInputRecord.java:484)
	at java.base/sun.security.ssl.SSLSocketInputRecord.readHeader(SSLSocketInputRecord.java:478)
	at java.base/sun.security.ssl.SSLSocketInputRecord.bytesInCompletePacket(SSLSocketInputRecord.java:70)
	at java.base/sun.security.ssl.SSLSocketImpl.readApplicationRecord(SSLSocketImpl.java:1465)
	at java.base/sun.security.ssl.SSLSocketImpl$AppInputStream.read(SSLSocketImpl.java:1069)
	at com.mongodb.internal.connection.SocketStream.read(SocketStream.java:182)
	at com.mongodb.internal.connection.InternalStreamConnection.receiveResponseBuffers(InternalStreamConnection.java:824)
	... 4 common frames omitted
15:27:17.170 -------- [cluster-ClusterId{value='69ba73b02ef7de9764f473c2', description='Cluster0'}-ac-jcz0paw-shard-00-00.b7jb1jb.mongodb.net:27017] --- INFO  --- org.mongodb.driver.cluster -------- Monitor thread successfully connected to server with description ServerDescription{address=ac-jcz0paw-shard-00-00.b7jb1jb.mongodb.net:27017, type=REPLICA_SET_SECONDARY, cryptd=false, state=CONNECTED, ok=true, minWireVersion=0, maxWireVersion=25, maxDocumentSize=16777216, logicalSessionTimeoutMinutes=30, roundTripTimeNanos=2340761300, minRoundTripTimeNanos=0, setName='atlas-10vsg5-shard-0', canonicalAddress=ac-jcz0paw-shard-00-00.b7jb1jb.mongodb.net:27017, hosts=[ac-jcz0paw-shard-00-01.b7jb1jb.mongodb.net:27017, ac-jcz0paw-shard-00-02.b7jb1jb.mongodb.net:27017, ac-jcz0paw-shard-00-00.b7jb1jb.mongodb.net:27017], passives=[], arbiters=[], primary='ac-jcz0paw-shard-00-02.b7jb1jb.mongodb.net:27017', tagSet=TagSet{[Tag{name='availabilityZone', value='aps1-az1'}, Tag{name='diskState', value='READY'}, Tag{name='nodeType', value='ELECTABLE'}, Tag{name='provider', value='AWS'}, Tag{name='region', value='AP_SOUTH_1'}, Tag{name='workloadType', value='OPERATIONAL'}]}, electionId=null, setVersion=57, topologyVersion=TopologyVersion{processId=69b30fd5ea006f2a16d8bf3e, counter=4}, lastWriteDate=Wed Mar 18 15:27:17 IST 2026, lastUpdateTimeNanos=1615633312178200} 
15:27:26.817 -------- [cluster-ClusterId{value='69ba73b02ef7de9764f473c2', description='Cluster0'}-ac-jcz0paw-shard-00-01.b7jb1jb.mongodb.net:27017] --- INFO  --- org.mongodb.driver.cluster -------- Exception in monitor thread while connecting to server ac-jcz0paw-shard-00-01.b7jb1jb.mongodb.net:27017 
com.mongodb.MongoSocketReadTimeoutException: Timeout while receiving message
	at com.mongodb.internal.connection.InternalStreamConnection.createReadTimeoutException(InternalStreamConnection.java:819)
	at com.mongodb.internal.connection.InternalStreamConnection.translateReadException(InternalStreamConnection.java:807)
	at com.mongodb.internal.connection.InternalStreamConnection.receiveResponseBuffers(InternalStreamConnection.java:857)
	at com.mongodb.internal.connection.InternalStreamConnection.receiveCommandMessageResponse(InternalStreamConnection.java:517)
	at com.mongodb.internal.connection.InternalStreamConnection.receive(InternalStreamConnection.java:469)
	at com.mongodb.internal.connection.DefaultServerMonitor$ServerMonitor.lookupServerDescription(DefaultServerMonitor.java:249)
	at com.mongodb.internal.connection.DefaultServerMonitor$ServerMonitor.run(DefaultServerMonitor.java:176)
Caused by: java.net.SocketTimeoutException: Read timed out
	at java.base/sun.nio.ch.NioSocketImpl.timedRead(NioSocketImpl.java:288)
	at java.base/sun.nio.ch.NioSocketImpl.implRead(NioSocketImpl.java:314)
	at java.base/sun.nio.ch.NioSocketImpl.read(NioSocketImpl.java:355)
	at java.base/sun.nio.ch.NioSocketImpl$1.read(NioSocketImpl.java:808)
	at java.base/java.net.Socket$SocketInputStream.read(Socket.java:966)
	at java.base/sun.security.ssl.SSLSocketInputRecord.read(SSLSocketInputRecord.java:484)
	at java.base/sun.security.ssl.SSLSocketInputRecord.readHeader(SSLSocketInputRecord.java:478)
	at java.base/sun.security.ssl.SSLSocketInputRecord.bytesInCompletePacket(SSLSocketInputRecord.java:70)
	at java.base/sun.security.ssl.SSLSocketImpl.readApplicationRecord(SSLSocketImpl.java:1465)
	at java.base/sun.security.ssl.SSLSocketImpl$AppInputStream.read(SSLSocketImpl.java:1069)
	at com.mongodb.internal.connection.SocketStream.read(SocketStream.java:182)
	at com.mongodb.internal.connection.InternalStreamConnection.receiveResponseBuffers(InternalStreamConnection.java:824)
	... 4 common frames omitted
15:27:28.535 -------- [cluster-ClusterId{value='69ba73b02ef7de9764f473c2', description='Cluster0'}-ac-jcz0paw-shard-00-01.b7jb1jb.mongodb.net:27017] --- INFO  --- org.mongodb.driver.cluster -------- Monitor thread successfully connected to server with description ServerDescription{address=ac-jcz0paw-shard-00-01.b7jb1jb.mongodb.net:27017, type=REPLICA_SET_SECONDARY, cryptd=false, state=CONNECTED, ok=true, minWireVersion=0, maxWireVersion=25, maxDocumentSize=16777216, logicalSessionTimeoutMinutes=30, roundTripTimeNanos=1337004000, minRoundTripTimeNanos=0, setName='atlas-10vsg5-shard-0', canonicalAddress=ac-jcz0paw-shard-00-01.b7jb1jb.mongodb.net:27017, hosts=[ac-jcz0paw-shard-00-01.b7jb1jb.mongodb.net:27017, ac-jcz0paw-shard-00-02.b7jb1jb.mongodb.net:27017, ac-jcz0paw-shard-00-00.b7jb1jb.mongodb.net:27017], passives=[], arbiters=[], primary='ac-jcz0paw-shard-00-02.b7jb1jb.mongodb.net:27017', tagSet=TagSet{[Tag{name='availabilityZone', value='aps1-az3'}, Tag{name='diskState', value='READY'}, Tag{name='nodeType', value='ELECTABLE'}, Tag{name='provider', value='AWS'}, Tag{name='region', value='AP_SOUTH_1'}, Tag{name='workloadType', value='OPERATIONAL'}]}, electionId=null, setVersion=57, topologyVersion=TopologyVersion{processId=69b3142d06876aecd9b70acd, counter=3}, lastWriteDate=Wed Mar 18 15:27:28 IST 2026, lastUpdateTimeNanos=1615644676239800} 
15:28:12.778 -------- [lettuce-eventExecutorLoop-1-1] --- INFO  --- i.l.core.protocol.ConnectionWatchdog -------- Reconnecting, last destination was localhost/127.0.0.1:6379 
15:28:12.850 -------- [lettuce-nioEventLoop-4-2] --- WARN  --- i.l.core.protocol.ConnectionWatchdog -------- Cannot reconnect to [localhost/<unresolved>:6379]: Connection closed prematurely 
io.lettuce.core.RedisConnectionException: Connection closed prematurely
	at io.lettuce.core.protocol.RedisHandshakeHandler.channelInactive(RedisHandshakeHandler.java:76)
	at io.netty.channel.AbstractChannelHandlerContext.invokeChannelInactive(AbstractChannelHandlerContext.java:303)
	at io.netty.channel.AbstractChannelHandlerContext.invokeChannelInactive(AbstractChannelHandlerContext.java:281)
	at io.netty.channel.AbstractChannelHandlerContext.fireChannelInactive(AbstractChannelHandlerContext.java:274)
	at io.netty.channel.ChannelInboundHandlerAdapter.channelInactive(ChannelInboundHandlerAdapter.java:81)
	at io.lettuce.core.ChannelGroupListener.channelInactive(ChannelGroupListener.java:54)
	at io.netty.channel.AbstractChannelHandlerContext.invokeChannelInactive(AbstractChannelHandlerContext.java:303)
	at io.netty.channel.AbstractChannelHandlerContext.invokeChannelInactive(AbstractChannelHandlerContext.java:281)
	at io.netty.channel.AbstractChannelHandlerContext.fireChannelInactive(AbstractChannelHandlerContext.java:274)
	at io.netty.channel.DefaultChannelPipeline$HeadContext.channelInactive(DefaultChannelPipeline.java:1352)
	at io.netty.channel.AbstractChannelHandlerContext.invokeChannelInactive(AbstractChannelHandlerContext.java:301)
	at io.netty.channel.AbstractChannelHandlerContext.invokeChannelInactive(AbstractChannelHandlerContext.java:281)
	at io.netty.channel.DefaultChannelPipeline.fireChannelInactive(DefaultChannelPipeline.java:850)
	at io.netty.channel.AbstractChannel$AbstractUnsafe$7.run(AbstractChannel.java:811)
	at io.netty.util.concurrent.AbstractEventExecutor.runTask(AbstractEventExecutor.java:173)
	at io.netty.util.concurrent.AbstractEventExecutor.safeExecute(AbstractEventExecutor.java:166)
	at io.netty.util.concurrent.SingleThreadEventExecutor.runAllTasks(SingleThreadEventExecutor.java:472)
	at io.netty.channel.nio.NioEventLoop.run(NioEventLoop.java:566)
	at io.netty.util.concurrent.SingleThreadEventExecutor$4.run(SingleThreadEventExecutor.java:998)
	at io.netty.util.internal.ThreadExecutorMap$2.run(ThreadExecutorMap.java:74)
	at io.netty.util.concurrent.FastThreadLocalRunnable.run(FastThreadLocalRunnable.java:30)
	at java.base/java.lang.Thread.run(Thread.java:840)
15:28:13.490 -------- [lettuce-nioEventLoop-4-8] --- INFO  --- i.l.c.protocol.ReconnectionHandler -------- Reconnected to localhost/<unresolved>:6379 
15:29:14.542 -------- [SpringApplicationShutdownHook] --- INFO  --- o.s.b.w.e.tomcat.GracefulShutdown -------- Commencing graceful shutdown. Waiting for active requests to complete 
15:29:16.070 -------- [tomcat-shutdown] --- INFO  --- o.s.b.w.e.tomcat.GracefulShutdown -------- Graceful shutdown complete 
15:29:39.104 -------- [restartedMain] --- INFO  --- c.app.journal.JournalAppApplication -------- Starting JournalAppApplication using Java 17.0.18 with PID 49836 (C:\Users\hp\Desktop\Study\Java-programs\JournalApplication\journal\target\classes started by hp in C:\Users\hp\Desktop\Study\Java-programs\JournalApplication) 
15:29:39.113 -------- [restartedMain] --- DEBUG --- c.app.journal.JournalAppApplication -------- Running with Spring Boot v3.5.11, Spring v6.2.16 
15:29:39.117 -------- [restartedMain] --- INFO  --- c.app.journal.JournalAppApplication -------- No active profile set, falling back to 1 default profile: "default" 
15:29:39.424 -------- [restartedMain] --- INFO  --- o.s.b.d.e.DevToolsPropertyDefaultsPostProcessor -------- Devtools property defaults active! Set 'spring.devtools.add-properties' to 'false' to disable 
15:29:39.424 -------- [restartedMain] --- INFO  --- o.s.b.d.e.DevToolsPropertyDefaultsPostProcessor -------- For additional web related logging consider setting the 'logging.level.web' property to 'DEBUG' 
15:29:43.789 -------- [restartedMain] --- INFO  --- o.s.d.r.c.RepositoryConfigurationDelegate -------- Multiple Spring Data modules found, entering strict repository configuration mode 
15:29:43.797 -------- [restartedMain] --- INFO  --- o.s.d.r.c.RepositoryConfigurationDelegate -------- Bootstrapping Spring Data MongoDB repositories in DEFAULT mode. 
15:29:44.475 -------- [restartedMain] --- INFO  --- o.s.d.r.c.RepositoryConfigurationDelegate -------- Finished Spring Data repository scanning in 650 ms. Found 3 MongoDB repository interfaces. 
15:29:44.540 -------- [restartedMain] --- INFO  --- o.s.d.r.c.RepositoryConfigurationDelegate -------- Multiple Spring Data modules found, entering strict repository configuration mode 
15:29:44.544 -------- [restartedMain] --- INFO  --- o.s.d.r.c.RepositoryConfigurationDelegate -------- Bootstrapping Spring Data Redis repositories in DEFAULT mode. 
15:29:44.603 -------- [restartedMain] --- INFO  --- o.s.d.r.c.RepositoryConfigurationExtensionSupport -------- Spring Data Redis - Could not safely identify store assignment for repository candidate interface com.app.journal.repository.ConfigJournalAppRepository; If you want this repository to be a Redis repository, consider annotating your entities with one of these annotations: org.springframework.data.redis.core.RedisHash (preferred), or consider extending one of the following types with your repository: org.springframework.data.keyvalue.repository.KeyValueRepository 
15:29:44.605 -------- [restartedMain] --- INFO  --- o.s.d.r.c.RepositoryConfigurationExtensionSupport -------- Spring Data Redis - Could not safely identify store assignment for repository candidate interface com.app.journal.repository.JournalEntryRepository; If you want this repository to be a Redis repository, consider annotating your entities with one of these annotations: org.springframework.data.redis.core.RedisHash (preferred), or consider extending one of the following types with your repository: org.springframework.data.keyvalue.repository.KeyValueRepository 
15:29:44.606 -------- [restartedMain] --- INFO  --- o.s.d.r.c.RepositoryConfigurationExtensionSupport -------- Spring Data Redis - Could not safely identify store assignment for repository candidate interface com.app.journal.repository.UserRepository; If you want this repository to be a Redis repository, consider annotating your entities with one of these annotations: org.springframework.data.redis.core.RedisHash (preferred), or consider extending one of the following types with your repository: org.springframework.data.keyvalue.repository.KeyValueRepository 
15:29:44.607 -------- [restartedMain] --- INFO  --- o.s.d.r.c.RepositoryConfigurationDelegate -------- Finished Spring Data repository scanning in 29 ms. Found 0 Redis repository interfaces. 
15:29:47.224 -------- [restartedMain] --- INFO  --- o.s.b.w.e.tomcat.TomcatWebServer -------- Tomcat initialized with port 8080 (http) 
15:29:47.274 -------- [restartedMain] --- INFO  --- o.a.coyote.http11.Http11NioProtocol -------- Initializing ProtocolHandler ["http-nio-8080"] 
15:29:47.286 -------- [restartedMain] --- INFO  --- o.a.catalina.core.StandardService -------- Starting service [Tomcat] 
15:29:47.288 -------- [restartedMain] --- INFO  --- o.a.catalina.core.StandardEngine -------- Starting Servlet engine: [Apache Tomcat/10.1.52] 
15:29:47.578 -------- [restartedMain] --- INFO  --- o.a.c.c.C.[Tomcat].[localhost].[/] -------- Initializing Spring embedded WebApplicationContext 
15:29:47.591 -------- [restartedMain] --- INFO  --- o.s.b.w.s.c.ServletWebServerApplicationContext -------- Root WebApplicationContext: initialization completed in 8156 ms 
15:29:49.274 -------- [cluster-ClusterId{value='69ba779549c00df6dcbf87a5', description='Cluster0'}-srv-cluster0.b7jb1jb.mongodb.net] --- INFO  --- org.mongodb.driver.cluster -------- Adding discovered server ac-jcz0paw-shard-00-00.b7jb1jb.mongodb.net:27017 to client view of cluster 
15:29:49.577 -------- [restartedMain] --- INFO  --- org.mongodb.driver.client -------- MongoClient with metadata {"application": {"name": "Cluster0"}, "driver": {"name": "mongo-java-driver|sync|spring-boot", "version": "5.5.2"}, "os": {"type": "Windows", "name": "Windows 11", "architecture": "amd64", "version": "10.0"}, "platform": "Java/Microsoft/17.0.18+8-LTS"} created with settings MongoClientSettings{readPreference=primary, writeConcern=WriteConcern{w=null, wTimeout=null ms, journal=null}, retryWrites=true, retryReads=true, readConcern=ReadConcern{level=null}, credential=MongoCredential{mechanism=null, userName='mailmerajansari_db_user', source='admin', password=<hidden>, mechanismProperties=<hidden>}, transportSettings=null, commandListeners=[], codecRegistry=ProvidersCodecRegistry{codecProviders=[ValueCodecProvider{}, BsonValueCodecProvider{}, DBRefCodecProvider{}, DBObjectCodecProvider{}, DocumentCodecProvider{}, CollectionCodecProvider{}, IterableCodecProvider{}, MapCodecProvider{}, GeoJsonCodecProvider{}, GridFSFileCodecProvider{}, Jsr310CodecProvider{}, JsonObjectCodecProvider{}, BsonCodecProvider{}, EnumCodecProvider{}, com.mongodb.client.model.mql.ExpressionCodecProvider@11c4a209, com.mongodb.Jep395RecordCodecProvider@7f655e49, com.mongodb.KotlinCodecProvider@227cd322]}, loggerSettings=LoggerSettings{maxDocumentLength=1000}, clusterSettings={hosts=[127.0.0.1:27017], srvHost=cluster0.b7jb1jb.mongodb.net, srvServiceName=mongodb, mode=MULTIPLE, requiredClusterType=REPLICA_SET, requiredReplicaSetName='atlas-10vsg5-shard-0', serverSelector='null', clusterListeners='[]', serverSelectionTimeout='30000 ms', localThreshold='15 ms'}, socketSettings=SocketSettings{connectTimeoutMS=10000, readTimeoutMS=0, receiveBufferSize=0, proxySettings=ProxySettings{host=null, port=null, username=null, password=null}}, heartbeatSocketSettings=SocketSettings{connectTimeoutMS=10000, readTimeoutMS=10000, receiveBufferSize=0, proxySettings=ProxySettings{host=null, port=null, username=null, password=null}}, connectionPoolSettings=ConnectionPoolSettings{maxSize=100, minSize=0, maxWaitTimeMS=120000, maxConnectionLifeTimeMS=0, maxConnectionIdleTimeMS=0, maintenanceInitialDelayMS=0, maintenanceFrequencyMS=60000, connectionPoolListeners=[], maxConnecting=2}, serverSettings=ServerSettings{heartbeatFrequencyMS=10000, minHeartbeatFrequencyMS=500, serverMonitoringMode=AUTO, serverListeners='[]', serverMonitorListeners='[]'}, sslSettings=SslSettings{enabled=true, invalidHostNameAllowed=false, context=null}, applicationName='Cluster0', compressorList=[], uuidRepresentation=JAVA_LEGACY, serverApi=null, autoEncryptionSettings=null, dnsClient=null, inetAddressResolver=null, contextProvider=null, timeoutMS=null} 
15:29:49.619 -------- [cluster-ClusterId{value='69ba779549c00df6dcbf87a5', description='Cluster0'}-srv-cluster0.b7jb1jb.mongodb.net] --- INFO  --- org.mongodb.driver.cluster -------- Adding discovered server ac-jcz0paw-shard-00-01.b7jb1jb.mongodb.net:27017 to client view of cluster 
15:29:49.631 -------- [cluster-ClusterId{value='69ba779549c00df6dcbf87a5', description='Cluster0'}-srv-cluster0.b7jb1jb.mongodb.net] --- INFO  --- org.mongodb.driver.cluster -------- Adding discovered server ac-jcz0paw-shard-00-02.b7jb1jb.mongodb.net:27017 to client view of cluster 
15:29:50.844 -------- [restartedMain] --- INFO  --- o.s.b.d.a.OptionalLiveReloadServer -------- LiveReload server is running on port 35729 
15:29:51.583 -------- [restartedMain] --- INFO  --- org.mongodb.driver.cluster -------- Waiting for server to become available for operation with ID 5. Remaining time: 29953 ms. Selector: WritableServerSelector, topology description: {type=REPLICA_SET, servers=[{address=ac-jcz0paw-shard-00-01.b7jb1jb.mongodb.net:27017, type=UNKNOWN, state=CONNECTING}, {address=ac-jcz0paw-shard-00-02.b7jb1jb.mongodb.net:27017, type=UNKNOWN, state=CONNECTING}, {address=ac-jcz0paw-shard-00-00.b7jb1jb.mongodb.net:27017, type=UNKNOWN, state=CONNECTING}]. 
15:29:53.978 -------- [cluster-ClusterId{value='69ba779549c00df6dcbf87a5', description='Cluster0'}-ac-jcz0paw-shard-00-02.b7jb1jb.mongodb.net:27017] --- INFO  --- org.mongodb.driver.cluster -------- Monitor thread successfully connected to server with description ServerDescription{address=ac-jcz0paw-shard-00-02.b7jb1jb.mongodb.net:27017, type=REPLICA_SET_PRIMARY, cryptd=false, state=CONNECTED, ok=true, minWireVersion=0, maxWireVersion=25, maxDocumentSize=16777216, logicalSessionTimeoutMinutes=30, roundTripTimeNanos=2741681600, minRoundTripTimeNanos=0, setName='atlas-10vsg5-shard-0', canonicalAddress=ac-jcz0paw-shard-00-02.b7jb1jb.mongodb.net:27017, hosts=[ac-jcz0paw-shard-00-01.b7jb1jb.mongodb.net:27017, ac-jcz0paw-shard-00-02.b7jb1jb.mongodb.net:27017, ac-jcz0paw-shard-00-00.b7jb1jb.mongodb.net:27017], passives=[], arbiters=[], primary='ac-jcz0paw-shard-00-02.b7jb1jb.mongodb.net:27017', tagSet=TagSet{[Tag{name='availabilityZone', value='aps1-az2'}, Tag{name='diskState', value='READY'}, Tag{name='nodeType', value='ELECTABLE'}, Tag{name='provider', value='AWS'}, Tag{name='region', value='AP_SOUTH_1'}, Tag{name='workloadType', value='OPERATIONAL'}]}, electionId=7fffffff00000000000000dc, setVersion=57, topologyVersion=TopologyVersion{processId=69b311ad332d80e6a3807b8e, counter=6}, lastWriteDate=Wed Mar 18 15:29:54 IST 2026, lastUpdateTimeNanos=1615790111869700} 
15:29:53.980 -------- [cluster-ClusterId{value='69ba779549c00df6dcbf87a5', description='Cluster0'}-ac-jcz0paw-shard-00-00.b7jb1jb.mongodb.net:27017] --- INFO  --- org.mongodb.driver.cluster -------- Monitor thread successfully connected to server with description ServerDescription{address=ac-jcz0paw-shard-00-00.b7jb1jb.mongodb.net:27017, type=REPLICA_SET_SECONDARY, cryptd=false, state=CONNECTED, ok=true, minWireVersion=0, maxWireVersion=25, maxDocumentSize=16777216, logicalSessionTimeoutMinutes=30, roundTripTimeNanos=2660176200, minRoundTripTimeNanos=0, setName='atlas-10vsg5-shard-0', canonicalAddress=ac-jcz0paw-shard-00-00.b7jb1jb.mongodb.net:27017, hosts=[ac-jcz0paw-shard-00-01.b7jb1jb.mongodb.net:27017, ac-jcz0paw-shard-00-02.b7jb1jb.mongodb.net:27017, ac-jcz0paw-shard-00-00.b7jb1jb.mongodb.net:27017], passives=[], arbiters=[], primary='ac-jcz0paw-shard-00-02.b7jb1jb.mongodb.net:27017', tagSet=TagSet{[Tag{name='availabilityZone', value='aps1-az1'}, Tag{name='diskState', value='READY'}, Tag{name='nodeType', value='ELECTABLE'}, Tag{name='provider', value='AWS'}, Tag{name='region', value='AP_SOUTH_1'}, Tag{name='workloadType', value='OPERATIONAL'}]}, electionId=null, setVersion=57, topologyVersion=TopologyVersion{processId=69b30fd5ea006f2a16d8bf3e, counter=4}, lastWriteDate=Wed Mar 18 15:29:54 IST 2026, lastUpdateTimeNanos=1615790111871800} 
15:29:53.980 -------- [cluster-ClusterId{value='69ba779549c00df6dcbf87a5', description='Cluster0'}-ac-jcz0paw-shard-00-01.b7jb1jb.mongodb.net:27017] --- INFO  --- org.mongodb.driver.cluster -------- Monitor thread successfully connected to server with description ServerDescription{address=ac-jcz0paw-shard-00-01.b7jb1jb.mongodb.net:27017, type=REPLICA_SET_SECONDARY, cryptd=false, state=CONNECTED, ok=true, minWireVersion=0, maxWireVersion=25, maxDocumentSize=16777216, logicalSessionTimeoutMinutes=30, roundTripTimeNanos=995978300, minRoundTripTimeNanos=0, setName='atlas-10vsg5-shard-0', canonicalAddress=ac-jcz0paw-shard-00-01.b7jb1jb.mongodb.net:27017, hosts=[ac-jcz0paw-shard-00-01.b7jb1jb.mongodb.net:27017, ac-jcz0paw-shard-00-02.b7jb1jb.mongodb.net:27017, ac-jcz0paw-shard-00-00.b7jb1jb.mongodb.net:27017], passives=[], arbiters=[], primary='ac-jcz0paw-shard-00-02.b7jb1jb.mongodb.net:27017', tagSet=TagSet{[Tag{name='availabilityZone', value='aps1-az3'}, Tag{name='diskState', value='READY'}, Tag{name='nodeType', value='ELECTABLE'}, Tag{name='provider', value='AWS'}, Tag{name='region', value='AP_SOUTH_1'}, Tag{name='workloadType', value='OPERATIONAL'}]}, electionId=null, setVersion=57, topologyVersion=TopologyVersion{processId=69b3142d06876aecd9b70acd, counter=3}, lastWriteDate=Wed Mar 18 15:29:54 IST 2026, lastUpdateTimeNanos=1615790112040400} 
15:29:53.988 -------- [cluster-ClusterId{value='69ba779549c00df6dcbf87a5', description='Cluster0'}-ac-jcz0paw-shard-00-02.b7jb1jb.mongodb.net:27017] --- INFO  --- org.mongodb.driver.cluster -------- Discovered replica set primary ac-jcz0paw-shard-00-02.b7jb1jb.mongodb.net:27017 with max election id 7fffffff00000000000000dc and max set version 57 
15:29:55.500 -------- [restartedMain] --- INFO  --- com.app.journal.config.RedisConfig -------- Connected Redis Host: redis-10391.crce286.ap-south-1-1.ec2.cloud.redislabs.com 
15:29:55.511 -------- [restartedMain] --- INFO  --- com.app.journal.config.RedisConfig -------- Connected Redis Port: 10391 
15:29:58.157 -------- [restartedMain] --- INFO  --- o.s.s.c.a.a.c.InitializeAuthenticationProviderBeanManagerConfigurer$InitializeAuthenticationProviderManagerConfigurer -------- Global AuthenticationManager configured with AuthenticationProvider bean with name authenticationProvider 
15:29:58.158 -------- [restartedMain] --- WARN  --- o.s.s.c.a.a.c.InitializeUserDetailsBeanManagerConfigurer$InitializeUserDetailsManagerConfigurer -------- Global AuthenticationManager configured with an AuthenticationProvider bean. UserDetailsService beans will not be used by Spring Security for automatically configuring username/password login. Consider removing the AuthenticationProvider bean. Alternatively, consider using the UserDetailsService in a manually instantiated DaoAuthenticationProvider. If the current configuration is intentional, to turn off this warning, increase the logging level of 'org.springframework.security.config.annotation.authentication.configuration.InitializeUserDetailsBeanManagerConfigurer' to ERROR 
15:29:58.555 -------- [restartedMain] --- DEBUG --- o.s.s.web.DefaultSecurityFilterChain -------- Will secure any request with filters: DisableEncodeUrlFilter, WebAsyncManagerIntegrationFilter, SecurityContextHolderFilter, HeaderWriterFilter, LogoutFilter, BasicAuthenticationFilter, RequestCacheAwareFilter, SecurityContextHolderAwareRequestFilter, AnonymousAuthenticationFilter, ExceptionTranslationFilter, AuthorizationFilter 
15:29:59.606 -------- [restartedMain] --- INFO  --- o.a.coyote.http11.Http11NioProtocol -------- Starting ProtocolHandler ["http-nio-8080"] 
15:29:59.685 -------- [restartedMain] --- INFO  --- o.s.b.w.e.tomcat.TomcatWebServer -------- Tomcat started on port 8080 (http) with context path '/' 
15:29:59.742 -------- [restartedMain] --- INFO  --- c.app.journal.JournalAppApplication -------- Started JournalAppApplication in 22.877 seconds (process running for 29.036) 
15:30:06.932 -------- [http-nio-8080-exec-1] --- INFO  --- o.a.c.c.C.[Tomcat].[localhost].[/] -------- Initializing Spring DispatcherServlet 'dispatcherServlet' 
15:30:06.933 -------- [http-nio-8080-exec-1] --- INFO  --- o.s.web.servlet.DispatcherServlet -------- Initializing Servlet 'dispatcherServlet' 
15:30:06.936 -------- [http-nio-8080-exec-1] --- INFO  --- o.s.web.servlet.DispatcherServlet -------- Completed initialization in 2 ms 
15:30:06.989 -------- [http-nio-8080-exec-1] --- DEBUG --- o.s.security.web.FilterChainProxy -------- Securing GET /user/get-weather 
15:30:07.587 -------- [http-nio-8080-exec-1] --- DEBUG --- o.s.s.a.d.DaoAuthenticationProvider -------- Authenticated user 
15:30:07.590 -------- [http-nio-8080-exec-1] --- DEBUG --- o.s.s.w.a.w.BasicAuthenticationFilter -------- Set SecurityContextHolder to UsernamePasswordAuthenticationToken [Principal=org.springframework.security.core.userdetails.User [Username=david, Password=[PROTECTED], Enabled=true, AccountNonExpired=true, CredentialsNonExpired=true, AccountNonLocked=true, Granted Authorities=[ROLE_ADMIN, ROLE_USER]], Credentials=[PROTECTED], Authenticated=true, Details=WebAuthenticationDetails [RemoteIpAddress=0:0:0:0:0:0:0:1, SessionId=null], Granted Authorities=[ROLE_ADMIN, ROLE_USER]] 
15:30:07.605 -------- [http-nio-8080-exec-1] --- DEBUG --- o.s.security.web.FilterChainProxy -------- Secured GET /user/get-weather 
15:30:07.667 -------- [http-nio-8080-exec-1] --- INFO  --- c.app.journal.service.RedisService -------- Redis GET called for key: weather_of_Mumbai 
15:30:10.151 -------- [http-nio-8080-exec-1] --- WARN  --- c.app.journal.service.RedisService -------- Cache MISS for key: weather_of_Mumbai 
15:30:25.511 -------- [http-nio-8080-exec-1] --- INFO  --- c.app.journal.service.RedisService -------- Redis SET called for key: weather_of_Mumbai with TTL: 300 
15:30:25.571 -------- [http-nio-8080-exec-1] --- INFO  --- c.app.journal.service.RedisService -------- Data stored successfully in Redis for key: weather_of_Mumbai 
15:34:47.159 -------- [SpringApplicationShutdownHook] --- INFO  --- o.s.b.w.e.tomcat.GracefulShutdown -------- Commencing graceful shutdown. Waiting for active requests to complete 
15:34:47.641 -------- [tomcat-shutdown] --- INFO  --- o.s.b.w.e.tomcat.GracefulShutdown -------- Graceful shutdown complete 
15:35:00.630 -------- [restartedMain] --- INFO  --- c.app.journal.JournalAppApplication -------- Starting JournalAppApplication using Java 17.0.18 with PID 47768 (C:\Users\hp\Desktop\Study\Java-programs\JournalApplication\journal\target\classes started by hp in C:\Users\hp\Desktop\Study\Java-programs\JournalApplication) 
15:35:00.640 -------- [restartedMain] --- DEBUG --- c.app.journal.JournalAppApplication -------- Running with Spring Boot v3.5.11, Spring v6.2.16 
15:35:00.644 -------- [restartedMain] --- INFO  --- c.app.journal.JournalAppApplication -------- No active profile set, falling back to 1 default profile: "default" 
15:35:00.932 -------- [restartedMain] --- INFO  --- o.s.b.d.e.DevToolsPropertyDefaultsPostProcessor -------- Devtools property defaults active! Set 'spring.devtools.add-properties' to 'false' to disable 
15:35:00.933 -------- [restartedMain] --- INFO  --- o.s.b.d.e.DevToolsPropertyDefaultsPostProcessor -------- For additional web related logging consider setting the 'logging.level.web' property to 'DEBUG' 
15:35:05.454 -------- [restartedMain] --- INFO  --- o.s.d.r.c.RepositoryConfigurationDelegate -------- Multiple Spring Data modules found, entering strict repository configuration mode 
15:35:05.462 -------- [restartedMain] --- INFO  --- o.s.d.r.c.RepositoryConfigurationDelegate -------- Bootstrapping Spring Data MongoDB repositories in DEFAULT mode. 
15:35:06.415 -------- [restartedMain] --- INFO  --- o.s.d.r.c.RepositoryConfigurationDelegate -------- Finished Spring Data repository scanning in 920 ms. Found 3 MongoDB repository interfaces. 
15:35:06.511 -------- [restartedMain] --- INFO  --- o.s.d.r.c.RepositoryConfigurationDelegate -------- Multiple Spring Data modules found, entering strict repository configuration mode 
15:35:06.518 -------- [restartedMain] --- INFO  --- o.s.d.r.c.RepositoryConfigurationDelegate -------- Bootstrapping Spring Data Redis repositories in DEFAULT mode. 
15:35:06.610 -------- [restartedMain] --- INFO  --- o.s.d.r.c.RepositoryConfigurationExtensionSupport -------- Spring Data Redis - Could not safely identify store assignment for repository candidate interface com.app.journal.repository.ConfigJournalAppRepository; If you want this repository to be a Redis repository, consider annotating your entities with one of these annotations: org.springframework.data.redis.core.RedisHash (preferred), or consider extending one of the following types with your repository: org.springframework.data.keyvalue.repository.KeyValueRepository 
15:35:06.612 -------- [restartedMain] --- INFO  --- o.s.d.r.c.RepositoryConfigurationExtensionSupport -------- Spring Data Redis - Could not safely identify store assignment for repository candidate interface com.app.journal.repository.JournalEntryRepository; If you want this repository to be a Redis repository, consider annotating your entities with one of these annotations: org.springframework.data.redis.core.RedisHash (preferred), or consider extending one of the following types with your repository: org.springframework.data.keyvalue.repository.KeyValueRepository 
15:35:06.613 -------- [restartedMain] --- INFO  --- o.s.d.r.c.RepositoryConfigurationExtensionSupport -------- Spring Data Redis - Could not safely identify store assignment for repository candidate interface com.app.journal.repository.UserRepository; If you want this repository to be a Redis repository, consider annotating your entities with one of these annotations: org.springframework.data.redis.core.RedisHash (preferred), or consider extending one of the following types with your repository: org.springframework.data.keyvalue.repository.KeyValueRepository 
15:35:06.614 -------- [restartedMain] --- INFO  --- o.s.d.r.c.RepositoryConfigurationDelegate -------- Finished Spring Data repository scanning in 40 ms. Found 0 Redis repository interfaces. 
15:35:10.061 -------- [restartedMain] --- INFO  --- o.s.b.w.e.tomcat.TomcatWebServer -------- Tomcat initialized with port 8080 (http) 
15:35:10.118 -------- [restartedMain] --- INFO  --- o.a.coyote.http11.Http11NioProtocol -------- Initializing ProtocolHandler ["http-nio-8080"] 
15:35:10.127 -------- [restartedMain] --- INFO  --- o.a.catalina.core.StandardService -------- Starting service [Tomcat] 
15:35:10.128 -------- [restartedMain] --- INFO  --- o.a.catalina.core.StandardEngine -------- Starting Servlet engine: [Apache Tomcat/10.1.52] 
15:35:10.331 -------- [restartedMain] --- INFO  --- o.a.c.c.C.[Tomcat].[localhost].[/] -------- Initializing Spring embedded WebApplicationContext 
15:35:10.336 -------- [restartedMain] --- INFO  --- o.s.b.w.s.c.ServletWebServerApplicationContext -------- Root WebApplicationContext: initialization completed in 9397 ms 
15:35:11.674 -------- [restartedMain] --- INFO  --- org.mongodb.driver.client -------- MongoClient with metadata {"application": {"name": "Cluster0"}, "driver": {"name": "mongo-java-driver|sync|spring-boot", "version": "5.5.2"}, "os": {"type": "Windows", "name": "Windows 11", "architecture": "amd64", "version": "10.0"}, "platform": "Java/Microsoft/17.0.18+8-LTS"} created with settings MongoClientSettings{readPreference=primary, writeConcern=WriteConcern{w=null, wTimeout=null ms, journal=null}, retryWrites=true, retryReads=true, readConcern=ReadConcern{level=null}, credential=MongoCredential{mechanism=null, userName='mailmerajansari_db_user', source='admin', password=<hidden>, mechanismProperties=<hidden>}, transportSettings=null, commandListeners=[], codecRegistry=ProvidersCodecRegistry{codecProviders=[ValueCodecProvider{}, BsonValueCodecProvider{}, DBRefCodecProvider{}, DBObjectCodecProvider{}, DocumentCodecProvider{}, CollectionCodecProvider{}, IterableCodecProvider{}, MapCodecProvider{}, GeoJsonCodecProvider{}, GridFSFileCodecProvider{}, Jsr310CodecProvider{}, JsonObjectCodecProvider{}, BsonCodecProvider{}, EnumCodecProvider{}, com.mongodb.client.model.mql.ExpressionCodecProvider@67417885, com.mongodb.Jep395RecordCodecProvider@7d0c3f20, com.mongodb.KotlinCodecProvider@5e8203c3]}, loggerSettings=LoggerSettings{maxDocumentLength=1000}, clusterSettings={hosts=[127.0.0.1:27017], srvHost=cluster0.b7jb1jb.mongodb.net, srvServiceName=mongodb, mode=MULTIPLE, requiredClusterType=REPLICA_SET, requiredReplicaSetName='atlas-10vsg5-shard-0', serverSelector='null', clusterListeners='[]', serverSelectionTimeout='30000 ms', localThreshold='15 ms'}, socketSettings=SocketSettings{connectTimeoutMS=10000, readTimeoutMS=0, receiveBufferSize=0, proxySettings=ProxySettings{host=null, port=null, username=null, password=null}}, heartbeatSocketSettings=SocketSettings{connectTimeoutMS=10000, readTimeoutMS=10000, receiveBufferSize=0, proxySettings=ProxySettings{host=null, port=null, username=null, password=null}}, connectionPoolSettings=ConnectionPoolSettings{maxSize=100, minSize=0, maxWaitTimeMS=120000, maxConnectionLifeTimeMS=0, maxConnectionIdleTimeMS=0, maintenanceInitialDelayMS=0, maintenanceFrequencyMS=60000, connectionPoolListeners=[], maxConnecting=2}, serverSettings=ServerSettings{heartbeatFrequencyMS=10000, minHeartbeatFrequencyMS=500, serverMonitoringMode=AUTO, serverListeners='[]', serverMonitorListeners='[]'}, sslSettings=SslSettings{enabled=true, invalidHostNameAllowed=false, context=null}, applicationName='Cluster0', compressorList=[], uuidRepresentation=JAVA_LEGACY, serverApi=null, autoEncryptionSettings=null, dnsClient=null, inetAddressResolver=null, contextProvider=null, timeoutMS=null} 
15:35:12.534 -------- [restartedMain] --- INFO  --- o.s.b.d.a.OptionalLiveReloadServer -------- LiveReload server is running on port 35729 
15:35:13.246 -------- [restartedMain] --- INFO  --- org.mongodb.driver.cluster -------- Waiting for server to become available for operation with ID 2. Remaining time: 29881 ms. Selector: WritableServerSelector, topology description: {type=UNKNOWN, servers=[]. 
15:35:14.502 -------- [cluster-ClusterId{value='69ba78d7e35c00fc7981e830', description='Cluster0'}-srv-cluster0.b7jb1jb.mongodb.net] --- INFO  --- org.mongodb.driver.cluster -------- Adding discovered server ac-jcz0paw-shard-00-00.b7jb1jb.mongodb.net:27017 to client view of cluster 
15:35:14.600 -------- [cluster-ClusterId{value='69ba78d7e35c00fc7981e830', description='Cluster0'}-srv-cluster0.b7jb1jb.mongodb.net] --- INFO  --- org.mongodb.driver.cluster -------- Adding discovered server ac-jcz0paw-shard-00-01.b7jb1jb.mongodb.net:27017 to client view of cluster 
15:35:14.618 -------- [cluster-ClusterId{value='69ba78d7e35c00fc7981e830', description='Cluster0'}-srv-cluster0.b7jb1jb.mongodb.net] --- INFO  --- org.mongodb.driver.cluster -------- Adding discovered server ac-jcz0paw-shard-00-02.b7jb1jb.mongodb.net:27017 to client view of cluster 
15:35:16.034 -------- [cluster-ClusterId{value='69ba78d7e35c00fc7981e830', description='Cluster0'}-ac-jcz0paw-shard-00-00.b7jb1jb.mongodb.net:27017] --- INFO  --- org.mongodb.driver.cluster -------- Monitor thread successfully connected to server with description ServerDescription{address=ac-jcz0paw-shard-00-00.b7jb1jb.mongodb.net:27017, type=REPLICA_SET_SECONDARY, cryptd=false, state=CONNECTED, ok=true, minWireVersion=0, maxWireVersion=25, maxDocumentSize=16777216, logicalSessionTimeoutMinutes=30, roundTripTimeNanos=858983200, minRoundTripTimeNanos=0, setName='atlas-10vsg5-shard-0', canonicalAddress=ac-jcz0paw-shard-00-00.b7jb1jb.mongodb.net:27017, hosts=[ac-jcz0paw-shard-00-01.b7jb1jb.mongodb.net:27017, ac-jcz0paw-shard-00-02.b7jb1jb.mongodb.net:27017, ac-jcz0paw-shard-00-00.b7jb1jb.mongodb.net:27017], passives=[], arbiters=[], primary='ac-jcz0paw-shard-00-02.b7jb1jb.mongodb.net:27017', tagSet=TagSet{[Tag{name='availabilityZone', value='aps1-az1'}, Tag{name='diskState', value='READY'}, Tag{name='nodeType', value='ELECTABLE'}, Tag{name='provider', value='AWS'}, Tag{name='region', value='AP_SOUTH_1'}, Tag{name='workloadType', value='OPERATIONAL'}]}, electionId=null, setVersion=57, topologyVersion=TopologyVersion{processId=69b30fd5ea006f2a16d8bf3e, counter=4}, lastWriteDate=Wed Mar 18 15:35:16 IST 2026, lastUpdateTimeNanos=1616112159899900} 
15:35:16.034 -------- [cluster-ClusterId{value='69ba78d7e35c00fc7981e830', description='Cluster0'}-ac-jcz0paw-shard-00-02.b7jb1jb.mongodb.net:27017] --- INFO  --- org.mongodb.driver.cluster -------- Monitor thread successfully connected to server with description ServerDescription{address=ac-jcz0paw-shard-00-02.b7jb1jb.mongodb.net:27017, type=REPLICA_SET_PRIMARY, cryptd=false, state=CONNECTED, ok=true, minWireVersion=0, maxWireVersion=25, maxDocumentSize=16777216, logicalSessionTimeoutMinutes=30, roundTripTimeNanos=858840300, minRoundTripTimeNanos=0, setName='atlas-10vsg5-shard-0', canonicalAddress=ac-jcz0paw-shard-00-02.b7jb1jb.mongodb.net:27017, hosts=[ac-jcz0paw-shard-00-01.b7jb1jb.mongodb.net:27017, ac-jcz0paw-shard-00-02.b7jb1jb.mongodb.net:27017, ac-jcz0paw-shard-00-00.b7jb1jb.mongodb.net:27017], passives=[], arbiters=[], primary='ac-jcz0paw-shard-00-02.b7jb1jb.mongodb.net:27017', tagSet=TagSet{[Tag{name='availabilityZone', value='aps1-az2'}, Tag{name='diskState', value='READY'}, Tag{name='nodeType', value='ELECTABLE'}, Tag{name='provider', value='AWS'}, Tag{name='region', value='AP_SOUTH_1'}, Tag{name='workloadType', value='OPERATIONAL'}]}, electionId=7fffffff00000000000000dc, setVersion=57, topologyVersion=TopologyVersion{processId=69b311ad332d80e6a3807b8e, counter=6}, lastWriteDate=Wed Mar 18 15:35:16 IST 2026, lastUpdateTimeNanos=1616112159899500} 
15:35:16.035 -------- [cluster-ClusterId{value='69ba78d7e35c00fc7981e830', description='Cluster0'}-ac-jcz0paw-shard-00-01.b7jb1jb.mongodb.net:27017] --- INFO  --- org.mongodb.driver.cluster -------- Monitor thread successfully connected to server with description ServerDescription{address=ac-jcz0paw-shard-00-01.b7jb1jb.mongodb.net:27017, type=REPLICA_SET_SECONDARY, cryptd=false, state=CONNECTED, ok=true, minWireVersion=0, maxWireVersion=25, maxDocumentSize=16777216, logicalSessionTimeoutMinutes=30, roundTripTimeNanos=859103000, minRoundTripTimeNanos=0, setName='atlas-10vsg5-shard-0', canonicalAddress=ac-jcz0paw-shard-00-01.b7jb1jb.mongodb.net:27017, hosts=[ac-jcz0paw-shard-00-01.b7jb1jb.mongodb.net:27017, ac-jcz0paw-shard-00-02.b7jb1jb.mongodb.net:27017, ac-jcz0paw-shard-00-00.b7jb1jb.mongodb.net:27017], passives=[], arbiters=[], primary='ac-jcz0paw-shard-00-02.b7jb1jb.mongodb.net:27017', tagSet=TagSet{[Tag{name='availabilityZone', value='aps1-az3'}, Tag{name='diskState', value='READY'}, Tag{name='nodeType', value='ELECTABLE'}, Tag{name='provider', value='AWS'}, Tag{name='region', value='AP_SOUTH_1'}, Tag{name='workloadType', value='OPERATIONAL'}]}, electionId=null, setVersion=57, topologyVersion=TopologyVersion{processId=69b3142d06876aecd9b70acd, counter=3}, lastWriteDate=Wed Mar 18 15:35:16 IST 2026, lastUpdateTimeNanos=1616112159900500} 
15:35:16.050 -------- [cluster-ClusterId{value='69ba78d7e35c00fc7981e830', description='Cluster0'}-ac-jcz0paw-shard-00-02.b7jb1jb.mongodb.net:27017] --- INFO  --- org.mongodb.driver.cluster -------- Discovered replica set primary ac-jcz0paw-shard-00-02.b7jb1jb.mongodb.net:27017 with max election id 7fffffff00000000000000dc and max set version 57 
15:35:17.538 -------- [restartedMain] --- INFO  --- com.app.journal.config.RedisConfig -------- Connected Redis Host: redis-10391.crce286.ap-south-1-1.ec2.cloud.redislabs.com 
15:35:17.546 -------- [restartedMain] --- INFO  --- com.app.journal.config.RedisConfig -------- Connected Redis Port: 10391 
15:35:21.883 -------- [restartedMain] --- INFO  --- o.s.s.c.a.a.c.InitializeAuthenticationProviderBeanManagerConfigurer$InitializeAuthenticationProviderManagerConfigurer -------- Global AuthenticationManager configured with AuthenticationProvider bean with name authenticationProvider 
15:35:21.884 -------- [restartedMain] --- WARN  --- o.s.s.c.a.a.c.InitializeUserDetailsBeanManagerConfigurer$InitializeUserDetailsManagerConfigurer -------- Global AuthenticationManager configured with an AuthenticationProvider bean. UserDetailsService beans will not be used by Spring Security for automatically configuring username/password login. Consider removing the AuthenticationProvider bean. Alternatively, consider using the UserDetailsService in a manually instantiated DaoAuthenticationProvider. If the current configuration is intentional, to turn off this warning, increase the logging level of 'org.springframework.security.config.annotation.authentication.configuration.InitializeUserDetailsBeanManagerConfigurer' to ERROR 
15:35:22.471 -------- [restartedMain] --- DEBUG --- o.s.s.web.DefaultSecurityFilterChain -------- Will secure any request with filters: DisableEncodeUrlFilter, WebAsyncManagerIntegrationFilter, SecurityContextHolderFilter, HeaderWriterFilter, LogoutFilter, BasicAuthenticationFilter, RequestCacheAwareFilter, SecurityContextHolderAwareRequestFilter, AnonymousAuthenticationFilter, ExceptionTranslationFilter, AuthorizationFilter 
15:35:24.133 -------- [restartedMain] --- INFO  --- o.a.coyote.http11.Http11NioProtocol -------- Starting ProtocolHandler ["http-nio-8080"] 
15:35:24.229 -------- [restartedMain] --- INFO  --- o.s.b.w.e.tomcat.TomcatWebServer -------- Tomcat started on port 8080 (http) with context path '/' 
15:35:24.319 -------- [restartedMain] --- INFO  --- c.app.journal.JournalAppApplication -------- Started JournalAppApplication in 26.158 seconds (process running for 29.312) 
15:35:53.622 -------- [http-nio-8080-exec-1] --- INFO  --- o.a.c.c.C.[Tomcat].[localhost].[/] -------- Initializing Spring DispatcherServlet 'dispatcherServlet' 
15:35:53.623 -------- [http-nio-8080-exec-1] --- INFO  --- o.s.web.servlet.DispatcherServlet -------- Initializing Servlet 'dispatcherServlet' 
15:35:53.627 -------- [http-nio-8080-exec-1] --- INFO  --- o.s.web.servlet.DispatcherServlet -------- Completed initialization in 4 ms 
15:35:53.695 -------- [http-nio-8080-exec-1] --- DEBUG --- o.s.security.web.FilterChainProxy -------- Securing GET /user/get-weather 
15:35:54.782 -------- [http-nio-8080-exec-1] --- DEBUG --- o.s.s.a.d.DaoAuthenticationProvider -------- Authenticated user 
15:35:54.784 -------- [http-nio-8080-exec-1] --- DEBUG --- o.s.s.w.a.w.BasicAuthenticationFilter -------- Set SecurityContextHolder to UsernamePasswordAuthenticationToken [Principal=org.springframework.security.core.userdetails.User [Username=david, Password=[PROTECTED], Enabled=true, AccountNonExpired=true, CredentialsNonExpired=true, AccountNonLocked=true, Granted Authorities=[ROLE_ADMIN, ROLE_USER]], Credentials=[PROTECTED], Authenticated=true, Details=WebAuthenticationDetails [RemoteIpAddress=0:0:0:0:0:0:0:1, SessionId=null], Granted Authorities=[ROLE_ADMIN, ROLE_USER]] 
15:35:54.803 -------- [http-nio-8080-exec-1] --- DEBUG --- o.s.security.web.FilterChainProxy -------- Secured GET /user/get-weather 
15:35:54.896 -------- [http-nio-8080-exec-1] --- INFO  --- c.app.journal.service.RedisService -------- Redis GET called for key: weather_of_Mumbai 
15:35:58.163 -------- [http-nio-8080-exec-1] --- WARN  --- c.app.journal.service.RedisService -------- Cache MISS for key: weather_of_Mumbai 
15:36:02.963 -------- [http-nio-8080-exec-1] --- INFO  --- c.app.journal.service.RedisService -------- Redis SET called for key: weather_of_Mumbai with TTL: 300 
15:36:03.049 -------- [http-nio-8080-exec-1] --- INFO  --- c.app.journal.service.RedisService -------- Data stored successfully in Redis for key: weather_of_Mumbai 
15:42:03.169 -------- [SpringApplicationShutdownHook] --- INFO  --- o.s.b.w.e.tomcat.GracefulShutdown -------- Commencing graceful shutdown. Waiting for active requests to complete 
15:42:03.363 -------- [tomcat-shutdown] --- INFO  --- o.s.b.w.e.tomcat.GracefulShutdown -------- Graceful shutdown complete 
15:42:05.702 -------- [restartedMain] --- INFO  --- c.app.journal.JournalAppApplication -------- Starting JournalAppApplication using Java 17.0.18 with PID 19840 (C:\Users\hp\Desktop\Study\Java-programs\JournalApplication\journal\target\classes started by hp in C:\Users\hp\Desktop\Study\Java-programs\JournalApplication) 
15:42:05.704 -------- [restartedMain] --- DEBUG --- c.app.journal.JournalAppApplication -------- Running with Spring Boot v3.5.11, Spring v6.2.16 
15:42:05.705 -------- [restartedMain] --- INFO  --- c.app.journal.JournalAppApplication -------- No active profile set, falling back to 1 default profile: "default" 
15:42:05.766 -------- [restartedMain] --- INFO  --- o.s.b.d.e.DevToolsPropertyDefaultsPostProcessor -------- Devtools property defaults active! Set 'spring.devtools.add-properties' to 'false' to disable 
15:42:05.767 -------- [restartedMain] --- INFO  --- o.s.b.d.e.DevToolsPropertyDefaultsPostProcessor -------- For additional web related logging consider setting the 'logging.level.web' property to 'DEBUG' 
15:42:06.609 -------- [restartedMain] --- INFO  --- o.s.d.r.c.RepositoryConfigurationDelegate -------- Multiple Spring Data modules found, entering strict repository configuration mode 
15:42:06.610 -------- [restartedMain] --- INFO  --- o.s.d.r.c.RepositoryConfigurationDelegate -------- Bootstrapping Spring Data MongoDB repositories in DEFAULT mode. 
15:42:06.737 -------- [restartedMain] --- INFO  --- o.s.d.r.c.RepositoryConfigurationDelegate -------- Finished Spring Data repository scanning in 121 ms. Found 3 MongoDB repository interfaces. 
15:42:06.755 -------- [restartedMain] --- INFO  --- o.s.d.r.c.RepositoryConfigurationDelegate -------- Multiple Spring Data modules found, entering strict repository configuration mode 
15:42:06.756 -------- [restartedMain] --- INFO  --- o.s.d.r.c.RepositoryConfigurationDelegate -------- Bootstrapping Spring Data Redis repositories in DEFAULT mode. 
15:42:06.770 -------- [restartedMain] --- INFO  --- o.s.d.r.c.RepositoryConfigurationExtensionSupport -------- Spring Data Redis - Could not safely identify store assignment for repository candidate interface com.app.journal.repository.ConfigJournalAppRepository; If you want this repository to be a Redis repository, consider annotating your entities with one of these annotations: org.springframework.data.redis.core.RedisHash (preferred), or consider extending one of the following types with your repository: org.springframework.data.keyvalue.repository.KeyValueRepository 
15:42:06.771 -------- [restartedMain] --- INFO  --- o.s.d.r.c.RepositoryConfigurationExtensionSupport -------- Spring Data Redis - Could not safely identify store assignment for repository candidate interface com.app.journal.repository.JournalEntryRepository; If you want this repository to be a Redis repository, consider annotating your entities with one of these annotations: org.springframework.data.redis.core.RedisHash (preferred), or consider extending one of the following types with your repository: org.springframework.data.keyvalue.repository.KeyValueRepository 
15:42:06.771 -------- [restartedMain] --- INFO  --- o.s.d.r.c.RepositoryConfigurationExtensionSupport -------- Spring Data Redis - Could not safely identify store assignment for repository candidate interface com.app.journal.repository.UserRepository; If you want this repository to be a Redis repository, consider annotating your entities with one of these annotations: org.springframework.data.redis.core.RedisHash (preferred), or consider extending one of the following types with your repository: org.springframework.data.keyvalue.repository.KeyValueRepository 
15:42:06.771 -------- [restartedMain] --- INFO  --- o.s.d.r.c.RepositoryConfigurationDelegate -------- Finished Spring Data repository scanning in 7 ms. Found 0 Redis repository interfaces. 
15:42:07.381 -------- [restartedMain] --- INFO  --- o.s.b.w.e.tomcat.TomcatWebServer -------- Tomcat initialized with port 8080 (http) 
15:42:07.392 -------- [restartedMain] --- INFO  --- o.a.coyote.http11.Http11NioProtocol -------- Initializing ProtocolHandler ["http-nio-8080"] 
15:42:07.395 -------- [restartedMain] --- INFO  --- o.a.catalina.core.StandardService -------- Starting service [Tomcat] 
15:42:07.396 -------- [restartedMain] --- INFO  --- o.a.catalina.core.StandardEngine -------- Starting Servlet engine: [Apache Tomcat/10.1.52] 
15:42:07.438 -------- [restartedMain] --- INFO  --- o.a.c.c.C.[Tomcat].[localhost].[/] -------- Initializing Spring embedded WebApplicationContext 
15:42:07.439 -------- [restartedMain] --- INFO  --- o.s.b.w.s.c.ServletWebServerApplicationContext -------- Root WebApplicationContext: initialization completed in 1671 ms 
15:42:07.765 -------- [restartedMain] --- INFO  --- org.mongodb.driver.client -------- MongoClient with metadata {"application": {"name": "Cluster0"}, "driver": {"name": "mongo-java-driver|sync|spring-boot", "version": "5.5.2"}, "os": {"type": "Windows", "name": "Windows 11", "architecture": "amd64", "version": "10.0"}, "platform": "Java/Microsoft/17.0.18+8-LTS"} created with settings MongoClientSettings{readPreference=primary, writeConcern=WriteConcern{w=null, wTimeout=null ms, journal=null}, retryWrites=true, retryReads=true, readConcern=ReadConcern{level=null}, credential=MongoCredential{mechanism=null, userName='mailmerajansari_db_user', source='admin', password=<hidden>, mechanismProperties=<hidden>}, transportSettings=null, commandListeners=[], codecRegistry=ProvidersCodecRegistry{codecProviders=[ValueCodecProvider{}, BsonValueCodecProvider{}, DBRefCodecProvider{}, DBObjectCodecProvider{}, DocumentCodecProvider{}, CollectionCodecProvider{}, IterableCodecProvider{}, MapCodecProvider{}, GeoJsonCodecProvider{}, GridFSFileCodecProvider{}, Jsr310CodecProvider{}, JsonObjectCodecProvider{}, BsonCodecProvider{}, EnumCodecProvider{}, com.mongodb.client.model.mql.ExpressionCodecProvider@b9c587a, com.mongodb.Jep395RecordCodecProvider@73a27fc9, com.mongodb.KotlinCodecProvider@6df54c2f]}, loggerSettings=LoggerSettings{maxDocumentLength=1000}, clusterSettings={hosts=[127.0.0.1:27017], srvHost=cluster0.b7jb1jb.mongodb.net, srvServiceName=mongodb, mode=MULTIPLE, requiredClusterType=REPLICA_SET, requiredReplicaSetName='atlas-10vsg5-shard-0', serverSelector='null', clusterListeners='[]', serverSelectionTimeout='30000 ms', localThreshold='15 ms'}, socketSettings=SocketSettings{connectTimeoutMS=10000, readTimeoutMS=0, receiveBufferSize=0, proxySettings=ProxySettings{host=null, port=null, username=null, password=null}}, heartbeatSocketSettings=SocketSettings{connectTimeoutMS=10000, readTimeoutMS=10000, receiveBufferSize=0, proxySettings=ProxySettings{host=null, port=null, username=null, password=null}}, connectionPoolSettings=ConnectionPoolSettings{maxSize=100, minSize=0, maxWaitTimeMS=120000, maxConnectionLifeTimeMS=0, maxConnectionIdleTimeMS=0, maintenanceInitialDelayMS=0, maintenanceFrequencyMS=60000, connectionPoolListeners=[], maxConnecting=2}, serverSettings=ServerSettings{heartbeatFrequencyMS=10000, minHeartbeatFrequencyMS=500, serverMonitoringMode=AUTO, serverListeners='[]', serverMonitorListeners='[]'}, sslSettings=SslSettings{enabled=true, invalidHostNameAllowed=false, context=null}, applicationName='Cluster0', compressorList=[], uuidRepresentation=JAVA_LEGACY, serverApi=null, autoEncryptionSettings=null, dnsClient=null, inetAddressResolver=null, contextProvider=null, timeoutMS=null} 
15:42:07.779 -------- [cluster-ClusterId{value='69ba7a7786329eab1d8f45cb', description='Cluster0'}-srv-cluster0.b7jb1jb.mongodb.net] --- INFO  --- org.mongodb.driver.cluster -------- Adding discovered server ac-jcz0paw-shard-00-00.b7jb1jb.mongodb.net:27017 to client view of cluster 
15:42:07.828 -------- [cluster-ClusterId{value='69ba7a7786329eab1d8f45cb', description='Cluster0'}-srv-cluster0.b7jb1jb.mongodb.net] --- INFO  --- org.mongodb.driver.cluster -------- Adding discovered server ac-jcz0paw-shard-00-01.b7jb1jb.mongodb.net:27017 to client view of cluster 
15:42:07.830 -------- [cluster-ClusterId{value='69ba7a7786329eab1d8f45cb', description='Cluster0'}-srv-cluster0.b7jb1jb.mongodb.net] --- INFO  --- org.mongodb.driver.cluster -------- Adding discovered server ac-jcz0paw-shard-00-02.b7jb1jb.mongodb.net:27017 to client view of cluster 
15:42:08.024 -------- [restartedMain] --- INFO  --- o.s.b.d.a.OptionalLiveReloadServer -------- LiveReload server is running on port 35729 
15:42:08.175 -------- [restartedMain] --- INFO  --- org.mongodb.driver.cluster -------- Waiting for server to become available for operation with ID 5. Remaining time: 29993 ms. Selector: WritableServerSelector, topology description: {type=REPLICA_SET, servers=[{address=ac-jcz0paw-shard-00-01.b7jb1jb.mongodb.net:27017, type=UNKNOWN, state=CONNECTING}, {address=ac-jcz0paw-shard-00-02.b7jb1jb.mongodb.net:27017, type=UNKNOWN, state=CONNECTING}, {address=ac-jcz0paw-shard-00-00.b7jb1jb.mongodb.net:27017, type=UNKNOWN, state=CONNECTING}]. 
15:42:08.280 -------- [cluster-ClusterId{value='69ba7a7786329eab1d8f45cb', description='Cluster0'}-ac-jcz0paw-shard-00-02.b7jb1jb.mongodb.net:27017] --- INFO  --- org.mongodb.driver.cluster -------- Monitor thread successfully connected to server with description ServerDescription{address=ac-jcz0paw-shard-00-02.b7jb1jb.mongodb.net:27017, type=REPLICA_SET_PRIMARY, cryptd=false, state=CONNECTED, ok=true, minWireVersion=0, maxWireVersion=25, maxDocumentSize=16777216, logicalSessionTimeoutMinutes=30, roundTripTimeNanos=243852400, minRoundTripTimeNanos=0, setName='atlas-10vsg5-shard-0', canonicalAddress=ac-jcz0paw-shard-00-02.b7jb1jb.mongodb.net:27017, hosts=[ac-jcz0paw-shard-00-01.b7jb1jb.mongodb.net:27017, ac-jcz0paw-shard-00-02.b7jb1jb.mongodb.net:27017, ac-jcz0paw-shard-00-00.b7jb1jb.mongodb.net:27017], passives=[], arbiters=[], primary='ac-jcz0paw-shard-00-02.b7jb1jb.mongodb.net:27017', tagSet=TagSet{[Tag{name='availabilityZone', value='aps1-az2'}, Tag{name='diskState', value='READY'}, Tag{name='nodeType', value='ELECTABLE'}, Tag{name='provider', value='AWS'}, Tag{name='region', value='AP_SOUTH_1'}, Tag{name='workloadType', value='OPERATIONAL'}]}, electionId=7fffffff00000000000000dc, setVersion=57, topologyVersion=TopologyVersion{processId=69b311ad332d80e6a3807b8e, counter=6}, lastWriteDate=Wed Mar 18 15:42:08 IST 2026, lastUpdateTimeNanos=1616524419542600} 
15:42:08.280 -------- [cluster-ClusterId{value='69ba7a7786329eab1d8f45cb', description='Cluster0'}-ac-jcz0paw-shard-00-01.b7jb1jb.mongodb.net:27017] --- INFO  --- org.mongodb.driver.cluster -------- Monitor thread successfully connected to server with description ServerDescription{address=ac-jcz0paw-shard-00-01.b7jb1jb.mongodb.net:27017, type=REPLICA_SET_SECONDARY, cryptd=false, state=CONNECTED, ok=true, minWireVersion=0, maxWireVersion=25, maxDocumentSize=16777216, logicalSessionTimeoutMinutes=30, roundTripTimeNanos=243857200, minRoundTripTimeNanos=0, setName='atlas-10vsg5-shard-0', canonicalAddress=ac-jcz0paw-shard-00-01.b7jb1jb.mongodb.net:27017, hosts=[ac-jcz0paw-shard-00-01.b7jb1jb.mongodb.net:27017, ac-jcz0paw-shard-00-02.b7jb1jb.mongodb.net:27017, ac-jcz0paw-shard-00-00.b7jb1jb.mongodb.net:27017], passives=[], arbiters=[], primary='ac-jcz0paw-shard-00-02.b7jb1jb.mongodb.net:27017', tagSet=TagSet{[Tag{name='availabilityZone', value='aps1-az3'}, Tag{name='diskState', value='READY'}, Tag{name='nodeType', value='ELECTABLE'}, Tag{name='provider', value='AWS'}, Tag{name='region', value='AP_SOUTH_1'}, Tag{name='workloadType', value='OPERATIONAL'}]}, electionId=null, setVersion=57, topologyVersion=TopologyVersion{processId=69b3142d06876aecd9b70acd, counter=3}, lastWriteDate=Wed Mar 18 15:42:08 IST 2026, lastUpdateTimeNanos=1616524419542500} 
15:42:08.283 -------- [cluster-ClusterId{value='69ba7a7786329eab1d8f45cb', description='Cluster0'}-ac-jcz0paw-shard-00-02.b7jb1jb.mongodb.net:27017] --- INFO  --- org.mongodb.driver.cluster -------- Discovered replica set primary ac-jcz0paw-shard-00-02.b7jb1jb.mongodb.net:27017 with max election id 7fffffff00000000000000dc and max set version 57 
15:42:08.284 -------- [cluster-ClusterId{value='69ba7a7786329eab1d8f45cb', description='Cluster0'}-ac-jcz0paw-shard-00-00.b7jb1jb.mongodb.net:27017] --- INFO  --- org.mongodb.driver.cluster -------- Monitor thread successfully connected to server with description ServerDescription{address=ac-jcz0paw-shard-00-00.b7jb1jb.mongodb.net:27017, type=REPLICA_SET_SECONDARY, cryptd=false, state=CONNECTED, ok=true, minWireVersion=0, maxWireVersion=25, maxDocumentSize=16777216, logicalSessionTimeoutMinutes=30, roundTripTimeNanos=250275400, minRoundTripTimeNanos=0, setName='atlas-10vsg5-shard-0', canonicalAddress=ac-jcz0paw-shard-00-00.b7jb1jb.mongodb.net:27017, hosts=[ac-jcz0paw-shard-00-01.b7jb1jb.mongodb.net:27017, ac-jcz0paw-shard-00-02.b7jb1jb.mongodb.net:27017, ac-jcz0paw-shard-00-00.b7jb1jb.mongodb.net:27017], passives=[], arbiters=[], primary='ac-jcz0paw-shard-00-02.b7jb1jb.mongodb.net:27017', tagSet=TagSet{[Tag{name='availabilityZone', value='aps1-az1'}, Tag{name='diskState', value='READY'}, Tag{name='nodeType', value='ELECTABLE'}, Tag{name='provider', value='AWS'}, Tag{name='region', value='AP_SOUTH_1'}, Tag{name='workloadType', value='OPERATIONAL'}]}, electionId=null, setVersion=57, topologyVersion=TopologyVersion{processId=69b30fd5ea006f2a16d8bf3e, counter=4}, lastWriteDate=Wed Mar 18 15:42:08 IST 2026, lastUpdateTimeNanos=1616524425956300} 
15:42:08.858 -------- [restartedMain] --- INFO  --- com.app.journal.config.RedisConfig -------- Connected Redis Host: redis-10391.crce286.ap-south-1-1.ec2.cloud.redislabs.com 
15:42:08.859 -------- [restartedMain] --- INFO  --- com.app.journal.config.RedisConfig -------- Connected Redis Port: 10391 
15:42:09.528 -------- [restartedMain] --- INFO  --- o.s.s.c.a.a.c.InitializeAuthenticationProviderBeanManagerConfigurer$InitializeAuthenticationProviderManagerConfigurer -------- Global AuthenticationManager configured with AuthenticationProvider bean with name authenticationProvider 
15:42:09.528 -------- [restartedMain] --- WARN  --- o.s.s.c.a.a.c.InitializeUserDetailsBeanManagerConfigurer$InitializeUserDetailsManagerConfigurer -------- Global AuthenticationManager configured with an AuthenticationProvider bean. UserDetailsService beans will not be used by Spring Security for automatically configuring username/password login. Consider removing the AuthenticationProvider bean. Alternatively, consider using the UserDetailsService in a manually instantiated DaoAuthenticationProvider. If the current configuration is intentional, to turn off this warning, increase the logging level of 'org.springframework.security.config.annotation.authentication.configuration.InitializeUserDetailsBeanManagerConfigurer' to ERROR 
15:42:09.635 -------- [restartedMain] --- DEBUG --- o.s.s.web.DefaultSecurityFilterChain -------- Will secure any request with filters: DisableEncodeUrlFilter, WebAsyncManagerIntegrationFilter, SecurityContextHolderFilter, HeaderWriterFilter, LogoutFilter, BasicAuthenticationFilter, RequestCacheAwareFilter, SecurityContextHolderAwareRequestFilter, AnonymousAuthenticationFilter, ExceptionTranslationFilter, AuthorizationFilter 
15:42:09.918 -------- [restartedMain] --- INFO  --- o.a.coyote.http11.Http11NioProtocol -------- Starting ProtocolHandler ["http-nio-8080"] 
15:42:09.939 -------- [restartedMain] --- INFO  --- o.s.b.w.e.tomcat.TomcatWebServer -------- Tomcat started on port 8080 (http) with context path '/' 
15:42:09.954 -------- [restartedMain] --- INFO  --- c.app.journal.JournalAppApplication -------- Started JournalAppApplication in 4.636 seconds (process running for 5.237) 
15:42:16.534 -------- [http-nio-8080-exec-1] --- INFO  --- o.a.c.c.C.[Tomcat].[localhost].[/] -------- Initializing Spring DispatcherServlet 'dispatcherServlet' 
15:42:16.535 -------- [http-nio-8080-exec-1] --- INFO  --- o.s.web.servlet.DispatcherServlet -------- Initializing Servlet 'dispatcherServlet' 
15:42:16.536 -------- [http-nio-8080-exec-1] --- INFO  --- o.s.web.servlet.DispatcherServlet -------- Completed initialization in 1 ms 
15:42:16.555 -------- [http-nio-8080-exec-1] --- DEBUG --- o.s.security.web.FilterChainProxy -------- Securing GET /user/get-weather 
15:42:16.802 -------- [http-nio-8080-exec-1] --- DEBUG --- o.s.s.a.d.DaoAuthenticationProvider -------- Authenticated user 
15:42:16.803 -------- [http-nio-8080-exec-1] --- DEBUG --- o.s.s.w.a.w.BasicAuthenticationFilter -------- Set SecurityContextHolder to UsernamePasswordAuthenticationToken [Principal=org.springframework.security.core.userdetails.User [Username=david, Password=[PROTECTED], Enabled=true, AccountNonExpired=true, CredentialsNonExpired=true, AccountNonLocked=true, Granted Authorities=[ROLE_ADMIN, ROLE_USER]], Credentials=[PROTECTED], Authenticated=true, Details=WebAuthenticationDetails [RemoteIpAddress=0:0:0:0:0:0:0:1, SessionId=null], Granted Authorities=[ROLE_ADMIN, ROLE_USER]] 
15:42:16.810 -------- [http-nio-8080-exec-1] --- DEBUG --- o.s.security.web.FilterChainProxy -------- Secured GET /user/get-weather 
15:42:16.838 -------- [http-nio-8080-exec-1] --- INFO  --- c.app.journal.service.RedisService -------- Redis GET called for key: weather_of_Mumbai 
15:42:17.364 -------- [http-nio-8080-exec-1] --- WARN  --- c.app.journal.service.RedisService -------- Cache MISS for key: weather_of_Mumbai 
15:42:18.405 -------- [http-nio-8080-exec-1] --- INFO  --- c.app.journal.service.RedisService -------- Redis SET called for key: weather_of_Mumbai with TTL: 300 
15:42:18.486 -------- [http-nio-8080-exec-1] --- INFO  --- c.app.journal.service.RedisService -------- Data stored successfully in Redis for key: weather_of_Mumbai 
16:20:31.176 -------- [cluster-ClusterId{value='69ba7a7786329eab1d8f45cb', description='Cluster0'}-ac-jcz0paw-shard-00-02.b7jb1jb.mongodb.net:27017] --- INFO  --- org.mongodb.driver.cluster -------- Exception in monitor thread while connecting to server ac-jcz0paw-shard-00-02.b7jb1jb.mongodb.net:27017 
com.mongodb.MongoSocketReadTimeoutException: Timeout while receiving message
	at com.mongodb.internal.connection.InternalStreamConnection.createReadTimeoutException(InternalStreamConnection.java:819)
	at com.mongodb.internal.connection.InternalStreamConnection.translateReadException(InternalStreamConnection.java:807)
	at com.mongodb.internal.connection.InternalStreamConnection.receiveResponseBuffers(InternalStreamConnection.java:857)
	at com.mongodb.internal.connection.InternalStreamConnection.receiveCommandMessageResponse(InternalStreamConnection.java:517)
	at com.mongodb.internal.connection.InternalStreamConnection.receive(InternalStreamConnection.java:469)
	at com.mongodb.internal.connection.DefaultServerMonitor$ServerMonitor.lookupServerDescription(DefaultServerMonitor.java:249)
	at com.mongodb.internal.connection.DefaultServerMonitor$ServerMonitor.run(DefaultServerMonitor.java:176)
Caused by: java.net.SocketTimeoutException: Read timed out
	at java.base/sun.nio.ch.NioSocketImpl.timedRead(NioSocketImpl.java:288)
	at java.base/sun.nio.ch.NioSocketImpl.implRead(NioSocketImpl.java:314)
	at java.base/sun.nio.ch.NioSocketImpl.read(NioSocketImpl.java:355)
	at java.base/sun.nio.ch.NioSocketImpl$1.read(NioSocketImpl.java:808)
	at java.base/java.net.Socket$SocketInputStream.read(Socket.java:966)
	at java.base/sun.security.ssl.SSLSocketInputRecord.read(SSLSocketInputRecord.java:484)
	at java.base/sun.security.ssl.SSLSocketInputRecord.readHeader(SSLSocketInputRecord.java:478)
	at java.base/sun.security.ssl.SSLSocketInputRecord.bytesInCompletePacket(SSLSocketInputRecord.java:70)
	at java.base/sun.security.ssl.SSLSocketImpl.readApplicationRecord(SSLSocketImpl.java:1465)
	at java.base/sun.security.ssl.SSLSocketImpl$AppInputStream.read(SSLSocketImpl.java:1069)
	at com.mongodb.internal.connection.SocketStream.read(SocketStream.java:182)
	at com.mongodb.internal.connection.InternalStreamConnection.receiveResponseBuffers(InternalStreamConnection.java:824)
	... 4 common frames omitted
16:20:34.678 -------- [cluster-ClusterId{value='69ba7a7786329eab1d8f45cb', description='Cluster0'}-ac-jcz0paw-shard-00-02.b7jb1jb.mongodb.net:27017] --- INFO  --- org.mongodb.driver.cluster -------- Monitor thread successfully connected to server with description ServerDescription{address=ac-jcz0paw-shard-00-02.b7jb1jb.mongodb.net:27017, type=REPLICA_SET_PRIMARY, cryptd=false, state=CONNECTED, ok=true, minWireVersion=0, maxWireVersion=25, maxDocumentSize=16777216, logicalSessionTimeoutMinutes=30, roundTripTimeNanos=1618153900, minRoundTripTimeNanos=0, setName='atlas-10vsg5-shard-0', canonicalAddress=ac-jcz0paw-shard-00-02.b7jb1jb.mongodb.net:27017, hosts=[ac-jcz0paw-shard-00-01.b7jb1jb.mongodb.net:27017, ac-jcz0paw-shard-00-02.b7jb1jb.mongodb.net:27017, ac-jcz0paw-shard-00-00.b7jb1jb.mongodb.net:27017], passives=[], arbiters=[], primary='ac-jcz0paw-shard-00-02.b7jb1jb.mongodb.net:27017', tagSet=TagSet{[Tag{name='availabilityZone', value='aps1-az2'}, Tag{name='diskState', value='READY'}, Tag{name='nodeType', value='ELECTABLE'}, Tag{name='provider', value='AWS'}, Tag{name='region', value='AP_SOUTH_1'}, Tag{name='workloadType', value='OPERATIONAL'}]}, electionId=7fffffff00000000000000dc, setVersion=57, topologyVersion=TopologyVersion{processId=69b311ad332d80e6a3807b8e, counter=6}, lastWriteDate=Wed Mar 18 16:20:33 IST 2026, lastUpdateTimeNanos=1618829740123500} 
16:20:34.680 -------- [cluster-ClusterId{value='69ba7a7786329eab1d8f45cb', description='Cluster0'}-ac-jcz0paw-shard-00-02.b7jb1jb.mongodb.net:27017] --- INFO  --- org.mongodb.driver.cluster -------- Discovered replica set primary ac-jcz0paw-shard-00-02.b7jb1jb.mongodb.net:27017 with max election id 7fffffff00000000000000dc and max set version 57 
16:21:55.999 -------- [cluster-ClusterId{value='69ba7a7786329eab1d8f45cb', description='Cluster0'}-ac-jcz0paw-shard-00-00.b7jb1jb.mongodb.net:27017] --- INFO  --- org.mongodb.driver.cluster -------- Exception in monitor thread while connecting to server ac-jcz0paw-shard-00-00.b7jb1jb.mongodb.net:27017 
com.mongodb.MongoSocketReadException: Exception receiving message
	at com.mongodb.internal.connection.InternalStreamConnection.translateReadException(InternalStreamConnection.java:809)
	at com.mongodb.internal.connection.InternalStreamConnection.receiveResponseBuffers(InternalStreamConnection.java:857)
	at com.mongodb.internal.connection.InternalStreamConnection.receiveCommandMessageResponse(InternalStreamConnection.java:517)
	at com.mongodb.internal.connection.InternalStreamConnection.receive(InternalStreamConnection.java:469)
	at com.mongodb.internal.connection.DefaultServerMonitor$ServerMonitor.lookupServerDescription(DefaultServerMonitor.java:249)
	at com.mongodb.internal.connection.DefaultServerMonitor$ServerMonitor.run(DefaultServerMonitor.java:176)
Caused by: java.net.SocketException: Connection reset
	at java.base/sun.nio.ch.NioSocketImpl.implRead(NioSocketImpl.java:328)
	at java.base/sun.nio.ch.NioSocketImpl.read(NioSocketImpl.java:355)
	at java.base/sun.nio.ch.NioSocketImpl$1.read(NioSocketImpl.java:808)
	at java.base/java.net.Socket$SocketInputStream.read(Socket.java:966)
	at java.base/sun.security.ssl.SSLSocketInputRecord.read(SSLSocketInputRecord.java:484)
	at java.base/sun.security.ssl.SSLSocketInputRecord.readHeader(SSLSocketInputRecord.java:478)
	at java.base/sun.security.ssl.SSLSocketInputRecord.bytesInCompletePacket(SSLSocketInputRecord.java:70)
	at java.base/sun.security.ssl.SSLSocketImpl.readApplicationRecord(SSLSocketImpl.java:1465)
	at java.base/sun.security.ssl.SSLSocketImpl$AppInputStream.read(SSLSocketImpl.java:1069)
	at com.mongodb.internal.connection.SocketStream.read(SocketStream.java:182)
	at com.mongodb.internal.connection.InternalStreamConnection.receiveResponseBuffers(InternalStreamConnection.java:824)
	... 4 common frames omitted
16:21:55.999 -------- [cluster-ClusterId{value='69ba7a7786329eab1d8f45cb', description='Cluster0'}-ac-jcz0paw-shard-00-02.b7jb1jb.mongodb.net:27017] --- INFO  --- org.mongodb.driver.cluster -------- Exception in monitor thread while connecting to server ac-jcz0paw-shard-00-02.b7jb1jb.mongodb.net:27017 
com.mongodb.MongoSocketReadException: Exception receiving message
	at com.mongodb.internal.connection.InternalStreamConnection.translateReadException(InternalStreamConnection.java:809)
	at com.mongodb.internal.connection.InternalStreamConnection.receiveResponseBuffers(InternalStreamConnection.java:857)
	at com.mongodb.internal.connection.InternalStreamConnection.receiveCommandMessageResponse(InternalStreamConnection.java:517)
	at com.mongodb.internal.connection.InternalStreamConnection.receive(InternalStreamConnection.java:469)
	at com.mongodb.internal.connection.DefaultServerMonitor$ServerMonitor.lookupServerDescription(DefaultServerMonitor.java:249)
	at com.mongodb.internal.connection.DefaultServerMonitor$ServerMonitor.run(DefaultServerMonitor.java:176)
Caused by: java.net.SocketException: Connection reset
	at java.base/sun.nio.ch.NioSocketImpl.implRead(NioSocketImpl.java:328)
	at java.base/sun.nio.ch.NioSocketImpl.read(NioSocketImpl.java:355)
	at java.base/sun.nio.ch.NioSocketImpl$1.read(NioSocketImpl.java:808)
	at java.base/java.net.Socket$SocketInputStream.read(Socket.java:966)
	at java.base/sun.security.ssl.SSLSocketInputRecord.read(SSLSocketInputRecord.java:484)
	at java.base/sun.security.ssl.SSLSocketInputRecord.readHeader(SSLSocketInputRecord.java:478)
	at java.base/sun.security.ssl.SSLSocketInputRecord.bytesInCompletePacket(SSLSocketInputRecord.java:70)
	at java.base/sun.security.ssl.SSLSocketImpl.readApplicationRecord(SSLSocketImpl.java:1465)
	at java.base/sun.security.ssl.SSLSocketImpl$AppInputStream.read(SSLSocketImpl.java:1069)
	at com.mongodb.internal.connection.SocketStream.read(SocketStream.java:182)
	at com.mongodb.internal.connection.InternalStreamConnection.receiveResponseBuffers(InternalStreamConnection.java:824)
	... 4 common frames omitted
16:21:55.999 -------- [cluster-ClusterId{value='69ba7a7786329eab1d8f45cb', description='Cluster0'}-ac-jcz0paw-shard-00-01.b7jb1jb.mongodb.net:27017] --- INFO  --- org.mongodb.driver.cluster -------- Exception in monitor thread while connecting to server ac-jcz0paw-shard-00-01.b7jb1jb.mongodb.net:27017 
com.mongodb.MongoSocketReadException: Exception receiving message
	at com.mongodb.internal.connection.InternalStreamConnection.translateReadException(InternalStreamConnection.java:809)
	at com.mongodb.internal.connection.InternalStreamConnection.receiveResponseBuffers(InternalStreamConnection.java:857)
	at com.mongodb.internal.connection.InternalStreamConnection.receiveCommandMessageResponse(InternalStreamConnection.java:517)
	at com.mongodb.internal.connection.InternalStreamConnection.receive(InternalStreamConnection.java:469)
	at com.mongodb.internal.connection.DefaultServerMonitor$ServerMonitor.lookupServerDescription(DefaultServerMonitor.java:249)
	at com.mongodb.internal.connection.DefaultServerMonitor$ServerMonitor.run(DefaultServerMonitor.java:176)
Caused by: java.net.SocketException: Connection reset
	at java.base/sun.nio.ch.NioSocketImpl.implRead(NioSocketImpl.java:328)
	at java.base/sun.nio.ch.NioSocketImpl.read(NioSocketImpl.java:355)
	at java.base/sun.nio.ch.NioSocketImpl$1.read(NioSocketImpl.java:808)
	at java.base/java.net.Socket$SocketInputStream.read(Socket.java:966)
	at java.base/sun.security.ssl.SSLSocketInputRecord.read(SSLSocketInputRecord.java:484)
	at java.base/sun.security.ssl.SSLSocketInputRecord.readHeader(SSLSocketInputRecord.java:478)
	at java.base/sun.security.ssl.SSLSocketInputRecord.bytesInCompletePacket(SSLSocketInputRecord.java:70)
	at java.base/sun.security.ssl.SSLSocketImpl.readApplicationRecord(SSLSocketImpl.java:1465)
	at java.base/sun.security.ssl.SSLSocketImpl$AppInputStream.read(SSLSocketImpl.java:1069)
	at com.mongodb.internal.connection.SocketStream.read(SocketStream.java:182)
	at com.mongodb.internal.connection.InternalStreamConnection.receiveResponseBuffers(InternalStreamConnection.java:824)
	... 4 common frames omitted
16:21:56.019 -------- [cluster-ClusterId{value='69ba7a7786329eab1d8f45cb', description='Cluster0'}-ac-jcz0paw-shard-00-02.b7jb1jb.mongodb.net:27017] --- INFO  --- org.mongodb.driver.cluster -------- Exception in monitor thread while connecting to server ac-jcz0paw-shard-00-02.b7jb1jb.mongodb.net:27017 
com.mongodb.MongoSocketException: No such host is known (ac-jcz0paw-shard-00-02.b7jb1jb.mongodb.net)
	at com.mongodb.internal.connection.ServerAddressHelper.getSocketAddresses(ServerAddressHelper.java:75)
	at com.mongodb.internal.connection.SocketStream.initializeSocket(SocketStream.java:100)
	at com.mongodb.internal.connection.SocketStream.open(SocketStream.java:79)
	at com.mongodb.internal.connection.InternalStreamConnection.open(InternalStreamConnection.java:233)
	at com.mongodb.internal.connection.DefaultServerMonitor$ServerMonitor.lookupServerDescription(DefaultServerMonitor.java:219)
	at com.mongodb.internal.connection.DefaultServerMonitor$ServerMonitor.run(DefaultServerMonitor.java:176)
Caused by: java.net.UnknownHostException: No such host is known (ac-jcz0paw-shard-00-02.b7jb1jb.mongodb.net)
	at java.base/java.net.Inet6AddressImpl.lookupAllHostAddr(Native Method)
	at java.base/java.net.InetAddress$PlatformNameService.lookupAllHostAddr(InetAddress.java:934)
	at java.base/java.net.InetAddress.getAddressesFromNameService(InetAddress.java:1543)
	at java.base/java.net.InetAddress$NameServiceAddresses.get(InetAddress.java:852)
	at java.base/java.net.InetAddress.getAllByName0(InetAddress.java:1533)
	at java.base/java.net.InetAddress.getAllByName(InetAddress.java:1385)
	at java.base/java.net.InetAddress.getAllByName(InetAddress.java:1306)
	at com.mongodb.internal.connection.DefaultInetAddressResolver.lookupByName(DefaultInetAddressResolver.java:34)
	at com.mongodb.internal.connection.ServerAddressHelper.getSocketAddresses(ServerAddressHelper.java:71)
	... 5 common frames omitted
16:21:56.019 -------- [cluster-ClusterId{value='69ba7a7786329eab1d8f45cb', description='Cluster0'}-ac-jcz0paw-shard-00-00.b7jb1jb.mongodb.net:27017] --- INFO  --- org.mongodb.driver.cluster -------- Exception in monitor thread while connecting to server ac-jcz0paw-shard-00-00.b7jb1jb.mongodb.net:27017 
com.mongodb.MongoSocketException: No such host is known (ac-jcz0paw-shard-00-00.b7jb1jb.mongodb.net)
	at com.mongodb.internal.connection.ServerAddressHelper.getSocketAddresses(ServerAddressHelper.java:75)
	at com.mongodb.internal.connection.SocketStream.initializeSocket(SocketStream.java:100)
	at com.mongodb.internal.connection.SocketStream.open(SocketStream.java:79)
	at com.mongodb.internal.connection.InternalStreamConnection.open(InternalStreamConnection.java:233)
	at com.mongodb.internal.connection.DefaultServerMonitor$ServerMonitor.lookupServerDescription(DefaultServerMonitor.java:219)
	at com.mongodb.internal.connection.DefaultServerMonitor$ServerMonitor.run(DefaultServerMonitor.java:176)
Caused by: java.net.UnknownHostException: No such host is known (ac-jcz0paw-shard-00-00.b7jb1jb.mongodb.net)
	at java.base/java.net.Inet6AddressImpl.lookupAllHostAddr(Native Method)
	at java.base/java.net.InetAddress$PlatformNameService.lookupAllHostAddr(InetAddress.java:934)
	at java.base/java.net.InetAddress.getAddressesFromNameService(InetAddress.java:1543)
	at java.base/java.net.InetAddress$NameServiceAddresses.get(InetAddress.java:852)
	at java.base/java.net.InetAddress.getAllByName0(InetAddress.java:1533)
	at java.base/java.net.InetAddress.getAllByName(InetAddress.java:1385)
	at java.base/java.net.InetAddress.getAllByName(InetAddress.java:1306)
	at com.mongodb.internal.connection.DefaultInetAddressResolver.lookupByName(DefaultInetAddressResolver.java:34)
	at com.mongodb.internal.connection.ServerAddressHelper.getSocketAddresses(ServerAddressHelper.java:71)
	... 5 common frames omitted
16:21:56.057 -------- [cluster-ClusterId{value='69ba7a7786329eab1d8f45cb', description='Cluster0'}-ac-jcz0paw-shard-00-01.b7jb1jb.mongodb.net:27017] --- INFO  --- org.mongodb.driver.cluster -------- Exception in monitor thread while connecting to server ac-jcz0paw-shard-00-01.b7jb1jb.mongodb.net:27017 
com.mongodb.MongoSocketException: No such host is known (ac-jcz0paw-shard-00-01.b7jb1jb.mongodb.net)
	at com.mongodb.internal.connection.ServerAddressHelper.getSocketAddresses(ServerAddressHelper.java:75)
	at com.mongodb.internal.connection.SocketStream.initializeSocket(SocketStream.java:100)
	at com.mongodb.internal.connection.SocketStream.open(SocketStream.java:79)
	at com.mongodb.internal.connection.InternalStreamConnection.open(InternalStreamConnection.java:233)
	at com.mongodb.internal.connection.DefaultServerMonitor$ServerMonitor.lookupServerDescription(DefaultServerMonitor.java:219)
	at com.mongodb.internal.connection.DefaultServerMonitor$ServerMonitor.run(DefaultServerMonitor.java:176)
Caused by: java.net.UnknownHostException: No such host is known (ac-jcz0paw-shard-00-01.b7jb1jb.mongodb.net)
	at java.base/java.net.Inet6AddressImpl.lookupAllHostAddr(Native Method)
	at java.base/java.net.InetAddress$PlatformNameService.lookupAllHostAddr(InetAddress.java:934)
	at java.base/java.net.InetAddress.getAddressesFromNameService(InetAddress.java:1543)
	at java.base/java.net.InetAddress$NameServiceAddresses.get(InetAddress.java:852)
	at java.base/java.net.InetAddress.getAllByName0(InetAddress.java:1533)
	at java.base/java.net.InetAddress.getAllByName(InetAddress.java:1385)
	at java.base/java.net.InetAddress.getAllByName(InetAddress.java:1306)
	at com.mongodb.internal.connection.DefaultInetAddressResolver.lookupByName(DefaultInetAddressResolver.java:34)
	at com.mongodb.internal.connection.ServerAddressHelper.getSocketAddresses(ServerAddressHelper.java:71)
	... 5 common frames omitted
16:22:16.053 -------- [cluster-ClusterId{value='69ba7a7786329eab1d8f45cb', description='Cluster0'}-ac-jcz0paw-shard-00-02.b7jb1jb.mongodb.net:27017] --- INFO  --- org.mongodb.driver.cluster -------- Exception in monitor thread while connecting to server ac-jcz0paw-shard-00-02.b7jb1jb.mongodb.net:27017 
com.mongodb.MongoSocketException: ac-jcz0paw-shard-00-02.b7jb1jb.mongodb.net
	at com.mongodb.internal.connection.ServerAddressHelper.getSocketAddresses(ServerAddressHelper.java:75)
	at com.mongodb.internal.connection.SocketStream.initializeSocket(SocketStream.java:100)
	at com.mongodb.internal.connection.SocketStream.open(SocketStream.java:79)
	at com.mongodb.internal.connection.InternalStreamConnection.open(InternalStreamConnection.java:233)
	at com.mongodb.internal.connection.DefaultServerMonitor$ServerMonitor.lookupServerDescription(DefaultServerMonitor.java:219)
	at com.mongodb.internal.connection.DefaultServerMonitor$ServerMonitor.run(DefaultServerMonitor.java:176)
Caused by: java.net.UnknownHostException: ac-jcz0paw-shard-00-02.b7jb1jb.mongodb.net
	at java.base/java.net.InetAddress$CachedAddresses.get(InetAddress.java:801)
	at java.base/java.net.InetAddress.getAllByName0(InetAddress.java:1533)
	at java.base/java.net.InetAddress.getAllByName(InetAddress.java:1385)
	at java.base/java.net.InetAddress.getAllByName(InetAddress.java:1306)
	at com.mongodb.internal.connection.DefaultInetAddressResolver.lookupByName(DefaultInetAddressResolver.java:34)
	at com.mongodb.internal.connection.ServerAddressHelper.getSocketAddresses(ServerAddressHelper.java:71)
	... 5 common frames omitted
16:22:36.078 -------- [cluster-ClusterId{value='69ba7a7786329eab1d8f45cb', description='Cluster0'}-ac-jcz0paw-shard-00-00.b7jb1jb.mongodb.net:27017] --- INFO  --- org.mongodb.driver.cluster -------- Exception in monitor thread while connecting to server ac-jcz0paw-shard-00-00.b7jb1jb.mongodb.net:27017 
com.mongodb.MongoSocketException: ac-jcz0paw-shard-00-00.b7jb1jb.mongodb.net
	at com.mongodb.internal.connection.ServerAddressHelper.getSocketAddresses(ServerAddressHelper.java:75)
	at com.mongodb.internal.connection.SocketStream.initializeSocket(SocketStream.java:100)
	at com.mongodb.internal.connection.SocketStream.open(SocketStream.java:79)
	at com.mongodb.internal.connection.InternalStreamConnection.open(InternalStreamConnection.java:233)
	at com.mongodb.internal.connection.DefaultServerMonitor$ServerMonitor.lookupServerDescription(DefaultServerMonitor.java:219)
	at com.mongodb.internal.connection.DefaultServerMonitor$ServerMonitor.run(DefaultServerMonitor.java:176)
Caused by: java.net.UnknownHostException: ac-jcz0paw-shard-00-00.b7jb1jb.mongodb.net
	at java.base/java.net.InetAddress$CachedAddresses.get(InetAddress.java:801)
	at java.base/java.net.InetAddress.getAllByName0(InetAddress.java:1533)
	at java.base/java.net.InetAddress.getAllByName(InetAddress.java:1385)
	at java.base/java.net.InetAddress.getAllByName(InetAddress.java:1306)
	at com.mongodb.internal.connection.DefaultInetAddressResolver.lookupByName(DefaultInetAddressResolver.java:34)
	at com.mongodb.internal.connection.ServerAddressHelper.getSocketAddresses(ServerAddressHelper.java:71)
	... 5 common frames omitted
16:22:36.618 -------- [cluster-ClusterId{value='69ba7a7786329eab1d8f45cb', description='Cluster0'}-ac-jcz0paw-shard-00-02.b7jb1jb.mongodb.net:27017] --- INFO  --- org.mongodb.driver.cluster -------- Exception in monitor thread while connecting to server ac-jcz0paw-shard-00-02.b7jb1jb.mongodb.net:27017 
com.mongodb.MongoSocketWriteException: Exception sending message
	at com.mongodb.internal.connection.InternalStreamConnection.throwTranslatedWriteException(InternalStreamConnection.java:785)
	at com.mongodb.internal.connection.InternalStreamConnection.sendMessage(InternalStreamConnection.java:670)
	at com.mongodb.internal.connection.InternalStreamConnection.trySendMessage(InternalStreamConnection.java:507)
	at com.mongodb.internal.connection.InternalStreamConnection.sendCommandMessage(InternalStreamConnection.java:482)
	at com.mongodb.internal.connection.InternalStreamConnection.sendAndReceiveInternal(InternalStreamConnection.java:440)
	at com.mongodb.internal.connection.InternalStreamConnection.lambda$sendAndReceive$0(InternalStreamConnection.java:375)
	at com.mongodb.internal.connection.InternalStreamConnection.sendAndReceive(InternalStreamConnection.java:378)
	at com.mongodb.internal.connection.CommandHelper.sendAndReceive(CommandHelper.java:100)
	at com.mongodb.internal.connection.CommandHelper.executeCommand(CommandHelper.java:49)
	at com.mongodb.internal.connection.InternalStreamConnectionInitializer.initializeConnectionDescription(InternalStreamConnectionInitializer.java:144)
	at com.mongodb.internal.connection.InternalStreamConnectionInitializer.startHandshake(InternalStreamConnectionInitializer.java:79)
	at com.mongodb.internal.connection.InternalStreamConnection.open(InternalStreamConnection.java:235)
	at com.mongodb.internal.connection.DefaultServerMonitor$ServerMonitor.lookupServerDescription(DefaultServerMonitor.java:219)
	at com.mongodb.internal.connection.DefaultServerMonitor$ServerMonitor.run(DefaultServerMonitor.java:176)
Caused by: javax.net.ssl.SSLException: Received fatal alert: internal_error
	at java.base/sun.security.ssl.Alert.createSSLException(Alert.java:133)
	at java.base/sun.security.ssl.Alert.createSSLException(Alert.java:117)
	at java.base/sun.security.ssl.TransportContext.fatal(TransportContext.java:370)
	at java.base/sun.security.ssl.Alert$AlertConsumer.consume(Alert.java:293)
	at java.base/sun.security.ssl.TransportContext.dispatch(TransportContext.java:209)
	at java.base/sun.security.ssl.SSLTransport.decode(SSLTransport.java:172)
	at java.base/sun.security.ssl.SSLSocketImpl.decode(SSLSocketImpl.java:1510)
	at java.base/sun.security.ssl.SSLSocketImpl.readHandshakeRecord(SSLSocketImpl.java:1425)
	at java.base/sun.security.ssl.SSLSocketImpl.startHandshake(SSLSocketImpl.java:455)
	at java.base/sun.security.ssl.SSLSocketImpl.ensureNegotiated(SSLSocketImpl.java:925)
	at java.base/sun.security.ssl.SSLSocketImpl$AppOutputStream.write(SSLSocketImpl.java:1295)
	at com.mongodb.internal.connection.SocketStream.write(SocketStream.java:165)
	at com.mongodb.internal.connection.InternalStreamConnection.sendMessage(InternalStreamConnection.java:667)
	... 12 common frames omitted
16:22:36.892 -------- [cluster-ClusterId{value='69ba7a7786329eab1d8f45cb', description='Cluster0'}-ac-jcz0paw-shard-00-01.b7jb1jb.mongodb.net:27017] --- INFO  --- org.mongodb.driver.cluster -------- Exception in monitor thread while connecting to server ac-jcz0paw-shard-00-01.b7jb1jb.mongodb.net:27017 
com.mongodb.MongoSocketWriteException: Exception sending message
	at com.mongodb.internal.connection.InternalStreamConnection.throwTranslatedWriteException(InternalStreamConnection.java:785)
	at com.mongodb.internal.connection.InternalStreamConnection.sendMessage(InternalStreamConnection.java:670)
	at com.mongodb.internal.connection.InternalStreamConnection.trySendMessage(InternalStreamConnection.java:507)
	at com.mongodb.internal.connection.InternalStreamConnection.sendCommandMessage(InternalStreamConnection.java:482)
	at com.mongodb.internal.connection.InternalStreamConnection.sendAndReceiveInternal(InternalStreamConnection.java:440)
	at com.mongodb.internal.connection.InternalStreamConnection.lambda$sendAndReceive$0(InternalStreamConnection.java:375)
	at com.mongodb.internal.connection.InternalStreamConnection.sendAndReceive(InternalStreamConnection.java:378)
	at com.mongodb.internal.connection.CommandHelper.sendAndReceive(CommandHelper.java:100)
	at com.mongodb.internal.connection.CommandHelper.executeCommand(CommandHelper.java:49)
	at com.mongodb.internal.connection.InternalStreamConnectionInitializer.initializeConnectionDescription(InternalStreamConnectionInitializer.java:144)
	at com.mongodb.internal.connection.InternalStreamConnectionInitializer.startHandshake(InternalStreamConnectionInitializer.java:79)
	at com.mongodb.internal.connection.InternalStreamConnection.open(InternalStreamConnection.java:235)
	at com.mongodb.internal.connection.DefaultServerMonitor$ServerMonitor.lookupServerDescription(DefaultServerMonitor.java:219)
	at com.mongodb.internal.connection.DefaultServerMonitor$ServerMonitor.run(DefaultServerMonitor.java:176)
Caused by: javax.net.ssl.SSLException: Received fatal alert: internal_error
	at java.base/sun.security.ssl.Alert.createSSLException(Alert.java:133)
	at java.base/sun.security.ssl.Alert.createSSLException(Alert.java:117)
	at java.base/sun.security.ssl.TransportContext.fatal(TransportContext.java:370)
	at java.base/sun.security.ssl.Alert$AlertConsumer.consume(Alert.java:293)
	at java.base/sun.security.ssl.TransportContext.dispatch(TransportContext.java:209)
	at java.base/sun.security.ssl.SSLTransport.decode(SSLTransport.java:172)
	at java.base/sun.security.ssl.SSLSocketImpl.decode(SSLSocketImpl.java:1510)
	at java.base/sun.security.ssl.SSLSocketImpl.readHandshakeRecord(SSLSocketImpl.java:1425)
	at java.base/sun.security.ssl.SSLSocketImpl.startHandshake(SSLSocketImpl.java:455)
	at java.base/sun.security.ssl.SSLSocketImpl.ensureNegotiated(SSLSocketImpl.java:925)
	at java.base/sun.security.ssl.SSLSocketImpl$AppOutputStream.write(SSLSocketImpl.java:1295)
	at com.mongodb.internal.connection.SocketStream.write(SocketStream.java:165)
	at com.mongodb.internal.connection.InternalStreamConnection.sendMessage(InternalStreamConnection.java:667)
	... 12 common frames omitted
16:22:46.839 -------- [cluster-ClusterId{value='69ba7a7786329eab1d8f45cb', description='Cluster0'}-ac-jcz0paw-shard-00-00.b7jb1jb.mongodb.net:27017] --- INFO  --- org.mongodb.driver.cluster -------- Exception in monitor thread while connecting to server ac-jcz0paw-shard-00-00.b7jb1jb.mongodb.net:27017 
com.mongodb.MongoSocketWriteException: Exception sending message
	at com.mongodb.internal.connection.InternalStreamConnection.throwTranslatedWriteException(InternalStreamConnection.java:785)
	at com.mongodb.internal.connection.InternalStreamConnection.sendMessage(InternalStreamConnection.java:670)
	at com.mongodb.internal.connection.InternalStreamConnection.trySendMessage(InternalStreamConnection.java:507)
	at com.mongodb.internal.connection.InternalStreamConnection.sendCommandMessage(InternalStreamConnection.java:482)
	at com.mongodb.internal.connection.InternalStreamConnection.sendAndReceiveInternal(InternalStreamConnection.java:440)
	at com.mongodb.internal.connection.InternalStreamConnection.lambda$sendAndReceive$0(InternalStreamConnection.java:375)
	at com.mongodb.internal.connection.InternalStreamConnection.sendAndReceive(InternalStreamConnection.java:378)
	at com.mongodb.internal.connection.CommandHelper.sendAndReceive(CommandHelper.java:100)
	at com.mongodb.internal.connection.CommandHelper.executeCommand(CommandHelper.java:49)
	at com.mongodb.internal.connection.InternalStreamConnectionInitializer.initializeConnectionDescription(InternalStreamConnectionInitializer.java:144)
	at com.mongodb.internal.connection.InternalStreamConnectionInitializer.startHandshake(InternalStreamConnectionInitializer.java:79)
	at com.mongodb.internal.connection.InternalStreamConnection.open(InternalStreamConnection.java:235)
	at com.mongodb.internal.connection.DefaultServerMonitor$ServerMonitor.lookupServerDescription(DefaultServerMonitor.java:219)
	at com.mongodb.internal.connection.DefaultServerMonitor$ServerMonitor.run(DefaultServerMonitor.java:176)
Caused by: javax.net.ssl.SSLException: Received fatal alert: internal_error
	at java.base/sun.security.ssl.Alert.createSSLException(Alert.java:133)
	at java.base/sun.security.ssl.Alert.createSSLException(Alert.java:117)
	at java.base/sun.security.ssl.TransportContext.fatal(TransportContext.java:370)
	at java.base/sun.security.ssl.Alert$AlertConsumer.consume(Alert.java:293)
	at java.base/sun.security.ssl.TransportContext.dispatch(TransportContext.java:209)
	at java.base/sun.security.ssl.SSLTransport.decode(SSLTransport.java:172)
	at java.base/sun.security.ssl.SSLSocketImpl.decode(SSLSocketImpl.java:1510)
	at java.base/sun.security.ssl.SSLSocketImpl.readHandshakeRecord(SSLSocketImpl.java:1425)
	at java.base/sun.security.ssl.SSLSocketImpl.startHandshake(SSLSocketImpl.java:455)
	at java.base/sun.security.ssl.SSLSocketImpl.ensureNegotiated(SSLSocketImpl.java:925)
	at java.base/sun.security.ssl.SSLSocketImpl$AppOutputStream.write(SSLSocketImpl.java:1295)
	at com.mongodb.internal.connection.SocketStream.write(SocketStream.java:165)
	at com.mongodb.internal.connection.InternalStreamConnection.sendMessage(InternalStreamConnection.java:667)
	... 12 common frames omitted
16:29:34.497 -------- [cluster-ClusterId{value='69ba7a7786329eab1d8f45cb', description='Cluster0'}-ac-jcz0paw-shard-00-02.b7jb1jb.mongodb.net:27017] --- INFO  --- org.mongodb.driver.cluster -------- Exception in monitor thread while connecting to server ac-jcz0paw-shard-00-02.b7jb1jb.mongodb.net:27017 
com.mongodb.MongoSocketOpenException: Exception opening socket
	at com.mongodb.internal.connection.SocketStream.lambda$open$0(SocketStream.java:85)
	at java.base/java.util.Optional.orElseThrow(Optional.java:403)
	at com.mongodb.internal.connection.SocketStream.open(SocketStream.java:85)
	at com.mongodb.internal.connection.InternalStreamConnection.open(InternalStreamConnection.java:233)
	at com.mongodb.internal.connection.DefaultServerMonitor$ServerMonitor.lookupServerDescription(DefaultServerMonitor.java:219)
	at com.mongodb.internal.connection.DefaultServerMonitor$ServerMonitor.run(DefaultServerMonitor.java:176)
Caused by: java.net.SocketTimeoutException: Connect timed out
	at java.base/sun.nio.ch.NioSocketImpl.timedFinishConnect(NioSocketImpl.java:551)
	at java.base/sun.nio.ch.NioSocketImpl.connect(NioSocketImpl.java:602)
	at java.base/java.net.SocksSocketImpl.connect(SocksSocketImpl.java:327)
	at java.base/java.net.Socket.connect(Socket.java:633)
	at java.base/sun.security.ssl.SSLSocketImpl.connect(SSLSocketImpl.java:304)
	at com.mongodb.internal.connection.SocketStreamHelper.initialize(SocketStreamHelper.java:76)
	at com.mongodb.internal.connection.SocketStream.initializeSocket(SocketStream.java:104)
	at com.mongodb.internal.connection.SocketStream.open(SocketStream.java:79)
	... 3 common frames omitted
16:29:38.111 -------- [cluster-ClusterId{value='69ba7a7786329eab1d8f45cb', description='Cluster0'}-ac-jcz0paw-shard-00-00.b7jb1jb.mongodb.net:27017] --- INFO  --- org.mongodb.driver.cluster -------- Exception in monitor thread while connecting to server ac-jcz0paw-shard-00-00.b7jb1jb.mongodb.net:27017 
com.mongodb.MongoSocketReadTimeoutException: Timeout while receiving message
	at com.mongodb.internal.connection.InternalStreamConnection.createReadTimeoutException(InternalStreamConnection.java:819)
	at com.mongodb.internal.connection.InternalStreamConnection.translateReadException(InternalStreamConnection.java:807)
	at com.mongodb.internal.connection.InternalStreamConnection.receiveResponseBuffers(InternalStreamConnection.java:857)
	at com.mongodb.internal.connection.InternalStreamConnection.receiveCommandMessageResponse(InternalStreamConnection.java:517)
	at com.mongodb.internal.connection.InternalStreamConnection.sendAndReceiveInternal(InternalStreamConnection.java:448)
	at com.mongodb.internal.connection.InternalStreamConnection.lambda$sendAndReceive$0(InternalStreamConnection.java:375)
	at com.mongodb.internal.connection.InternalStreamConnection.sendAndReceive(InternalStreamConnection.java:378)
	at com.mongodb.internal.connection.CommandHelper.sendAndReceive(CommandHelper.java:100)
	at com.mongodb.internal.connection.CommandHelper.executeCommand(CommandHelper.java:49)
	at com.mongodb.internal.connection.InternalStreamConnectionInitializer.initializeConnectionDescription(InternalStreamConnectionInitializer.java:144)
	at com.mongodb.internal.connection.InternalStreamConnectionInitializer.startHandshake(InternalStreamConnectionInitializer.java:79)
	at com.mongodb.internal.connection.InternalStreamConnection.open(InternalStreamConnection.java:235)
	at com.mongodb.internal.connection.DefaultServerMonitor$ServerMonitor.lookupServerDescription(DefaultServerMonitor.java:219)
	at com.mongodb.internal.connection.DefaultServerMonitor$ServerMonitor.run(DefaultServerMonitor.java:176)
Caused by: java.net.SocketTimeoutException: Read timed out
	at java.base/sun.nio.ch.NioSocketImpl.timedRead(NioSocketImpl.java:288)
	at java.base/sun.nio.ch.NioSocketImpl.implRead(NioSocketImpl.java:314)
	at java.base/sun.nio.ch.NioSocketImpl.read(NioSocketImpl.java:355)
	at java.base/sun.nio.ch.NioSocketImpl$1.read(NioSocketImpl.java:808)
	at java.base/java.net.Socket$SocketInputStream.read(Socket.java:966)
	at java.base/sun.security.ssl.SSLSocketInputRecord.read(SSLSocketInputRecord.java:484)
	at java.base/sun.security.ssl.SSLSocketInputRecord.readHeader(SSLSocketInputRecord.java:478)
	at java.base/sun.security.ssl.SSLSocketInputRecord.bytesInCompletePacket(SSLSocketInputRecord.java:70)
	at java.base/sun.security.ssl.SSLSocketImpl.readApplicationRecord(SSLSocketImpl.java:1465)
	at java.base/sun.security.ssl.SSLSocketImpl$AppInputStream.read(SSLSocketImpl.java:1069)
	at com.mongodb.internal.connection.SocketStream.read(SocketStream.java:182)
	at com.mongodb.internal.connection.InternalStreamConnection.receiveResponseBuffers(InternalStreamConnection.java:824)
	... 11 common frames omitted
16:29:38.390 -------- [cluster-ClusterId{value='69ba7a7786329eab1d8f45cb', description='Cluster0'}-ac-jcz0paw-shard-00-01.b7jb1jb.mongodb.net:27017] --- INFO  --- org.mongodb.driver.cluster -------- Exception in monitor thread while connecting to server ac-jcz0paw-shard-00-01.b7jb1jb.mongodb.net:27017 
com.mongodb.MongoSocketOpenException: Exception opening socket
	at com.mongodb.internal.connection.SocketStream.lambda$open$0(SocketStream.java:85)
	at java.base/java.util.Optional.orElseThrow(Optional.java:403)
	at com.mongodb.internal.connection.SocketStream.open(SocketStream.java:85)
	at com.mongodb.internal.connection.InternalStreamConnection.open(InternalStreamConnection.java:233)
	at com.mongodb.internal.connection.DefaultServerMonitor$ServerMonitor.lookupServerDescription(DefaultServerMonitor.java:219)
	at com.mongodb.internal.connection.DefaultServerMonitor$ServerMonitor.run(DefaultServerMonitor.java:176)
Caused by: java.net.SocketTimeoutException: Connect timed out
	at java.base/sun.nio.ch.NioSocketImpl.timedFinishConnect(NioSocketImpl.java:551)
	at java.base/sun.nio.ch.NioSocketImpl.connect(NioSocketImpl.java:602)
	at java.base/java.net.SocksSocketImpl.connect(SocksSocketImpl.java:327)
	at java.base/java.net.Socket.connect(Socket.java:633)
	at java.base/sun.security.ssl.SSLSocketImpl.connect(SSLSocketImpl.java:304)
	at com.mongodb.internal.connection.SocketStreamHelper.initialize(SocketStreamHelper.java:76)
	at com.mongodb.internal.connection.SocketStream.initializeSocket(SocketStream.java:104)
	at com.mongodb.internal.connection.SocketStream.open(SocketStream.java:79)
	... 3 common frames omitted
16:29:49.119 -------- [cluster-ClusterId{value='69ba7a7786329eab1d8f45cb', description='Cluster0'}-ac-jcz0paw-shard-00-00.b7jb1jb.mongodb.net:27017] --- INFO  --- org.mongodb.driver.cluster -------- Exception in monitor thread while connecting to server ac-jcz0paw-shard-00-00.b7jb1jb.mongodb.net:27017 
com.mongodb.MongoSocketException: ac-jcz0paw-shard-00-00.b7jb1jb.mongodb.net
	at com.mongodb.internal.connection.ServerAddressHelper.getSocketAddresses(ServerAddressHelper.java:75)
	at com.mongodb.internal.connection.SocketStream.initializeSocket(SocketStream.java:100)
	at com.mongodb.internal.connection.SocketStream.open(SocketStream.java:79)
	at com.mongodb.internal.connection.InternalStreamConnection.open(InternalStreamConnection.java:233)
	at com.mongodb.internal.connection.DefaultServerMonitor$ServerMonitor.lookupServerDescription(DefaultServerMonitor.java:219)
	at com.mongodb.internal.connection.DefaultServerMonitor$ServerMonitor.run(DefaultServerMonitor.java:176)
Caused by: java.net.UnknownHostException: ac-jcz0paw-shard-00-00.b7jb1jb.mongodb.net
	at java.base/java.net.InetAddress$CachedAddresses.get(InetAddress.java:801)
	at java.base/java.net.InetAddress$NameServiceAddresses.get(InetAddress.java:887)
	at java.base/java.net.InetAddress.getAllByName0(InetAddress.java:1533)
	at java.base/java.net.InetAddress.getAllByName(InetAddress.java:1385)
	at java.base/java.net.InetAddress.getAllByName(InetAddress.java:1306)
	at com.mongodb.internal.connection.DefaultInetAddressResolver.lookupByName(DefaultInetAddressResolver.java:34)
	at com.mongodb.internal.connection.ServerAddressHelper.getSocketAddresses(ServerAddressHelper.java:71)
	... 5 common frames omitted
16:30:08.381 -------- [cluster-ClusterId{value='69ba7a7786329eab1d8f45cb', description='Cluster0'}-ac-jcz0paw-shard-00-01.b7jb1jb.mongodb.net:27017] --- INFO  --- org.mongodb.driver.cluster -------- Monitor thread successfully connected to server with description ServerDescription{address=ac-jcz0paw-shard-00-01.b7jb1jb.mongodb.net:27017, type=REPLICA_SET_SECONDARY, cryptd=false, state=CONNECTED, ok=true, minWireVersion=0, maxWireVersion=25, maxDocumentSize=16777216, logicalSessionTimeoutMinutes=30, roundTripTimeNanos=6542696700, minRoundTripTimeNanos=0, setName='atlas-10vsg5-shard-0', canonicalAddress=ac-jcz0paw-shard-00-01.b7jb1jb.mongodb.net:27017, hosts=[ac-jcz0paw-shard-00-01.b7jb1jb.mongodb.net:27017, ac-jcz0paw-shard-00-02.b7jb1jb.mongodb.net:27017, ac-jcz0paw-shard-00-00.b7jb1jb.mongodb.net:27017], passives=[], arbiters=[], primary='ac-jcz0paw-shard-00-02.b7jb1jb.mongodb.net:27017', tagSet=TagSet{[Tag{name='availabilityZone', value='aps1-az3'}, Tag{name='diskState', value='READY'}, Tag{name='nodeType', value='ELECTABLE'}, Tag{name='provider', value='AWS'}, Tag{name='region', value='AP_SOUTH_1'}, Tag{name='workloadType', value='OPERATIONAL'}]}, electionId=null, setVersion=57, topologyVersion=TopologyVersion{processId=69b3142d06876aecd9b70acd, counter=3}, lastWriteDate=Wed Mar 18 16:30:07 IST 2026, lastUpdateTimeNanos=1619403442383100} 
16:30:12.853 -------- [cluster-ClusterId{value='69ba7a7786329eab1d8f45cb', description='Cluster0'}-ac-jcz0paw-shard-00-00.b7jb1jb.mongodb.net:27017] --- INFO  --- org.mongodb.driver.cluster -------- Monitor thread successfully connected to server with description ServerDescription{address=ac-jcz0paw-shard-00-00.b7jb1jb.mongodb.net:27017, type=REPLICA_SET_SECONDARY, cryptd=false, state=CONNECTED, ok=true, minWireVersion=0, maxWireVersion=25, maxDocumentSize=16777216, logicalSessionTimeoutMinutes=30, roundTripTimeNanos=3437871900, minRoundTripTimeNanos=0, setName='atlas-10vsg5-shard-0', canonicalAddress=ac-jcz0paw-shard-00-00.b7jb1jb.mongodb.net:27017, hosts=[ac-jcz0paw-shard-00-01.b7jb1jb.mongodb.net:27017, ac-jcz0paw-shard-00-02.b7jb1jb.mongodb.net:27017, ac-jcz0paw-shard-00-00.b7jb1jb.mongodb.net:27017], passives=[], arbiters=[], primary='ac-jcz0paw-shard-00-02.b7jb1jb.mongodb.net:27017', tagSet=TagSet{[Tag{name='availabilityZone', value='aps1-az1'}, Tag{name='diskState', value='READY'}, Tag{name='nodeType', value='ELECTABLE'}, Tag{name='provider', value='AWS'}, Tag{name='region', value='AP_SOUTH_1'}, Tag{name='workloadType', value='OPERATIONAL'}]}, electionId=null, setVersion=57, topologyVersion=TopologyVersion{processId=69b30fd5ea006f2a16d8bf3e, counter=4}, lastWriteDate=Wed Mar 18 16:30:12 IST 2026, lastUpdateTimeNanos=1619407915081100} 
16:30:20.934 -------- [cluster-ClusterId{value='69ba7a7786329eab1d8f45cb', description='Cluster0'}-ac-jcz0paw-shard-00-02.b7jb1jb.mongodb.net:27017] --- INFO  --- org.mongodb.driver.cluster -------- Exception in monitor thread while connecting to server ac-jcz0paw-shard-00-02.b7jb1jb.mongodb.net:27017 
com.mongodb.MongoSocketWriteException: Exception sending message
	at com.mongodb.internal.connection.InternalStreamConnection.throwTranslatedWriteException(InternalStreamConnection.java:785)
	at com.mongodb.internal.connection.InternalStreamConnection.sendMessage(InternalStreamConnection.java:670)
	at com.mongodb.internal.connection.InternalStreamConnection.trySendMessage(InternalStreamConnection.java:507)
	at com.mongodb.internal.connection.InternalStreamConnection.sendCommandMessage(InternalStreamConnection.java:482)
	at com.mongodb.internal.connection.InternalStreamConnection.sendAndReceiveInternal(InternalStreamConnection.java:440)
	at com.mongodb.internal.connection.InternalStreamConnection.lambda$sendAndReceive$0(InternalStreamConnection.java:375)
	at com.mongodb.internal.connection.InternalStreamConnection.sendAndReceive(InternalStreamConnection.java:378)
	at com.mongodb.internal.connection.CommandHelper.sendAndReceive(CommandHelper.java:100)
	at com.mongodb.internal.connection.CommandHelper.executeCommand(CommandHelper.java:49)
	at com.mongodb.internal.connection.InternalStreamConnectionInitializer.initializeConnectionDescription(InternalStreamConnectionInitializer.java:144)
	at com.mongodb.internal.connection.InternalStreamConnectionInitializer.startHandshake(InternalStreamConnectionInitializer.java:79)
	at com.mongodb.internal.connection.InternalStreamConnection.open(InternalStreamConnection.java:235)
	at com.mongodb.internal.connection.DefaultServerMonitor$ServerMonitor.lookupServerDescription(DefaultServerMonitor.java:219)
	at com.mongodb.internal.connection.DefaultServerMonitor$ServerMonitor.run(DefaultServerMonitor.java:176)
Caused by: java.net.SocketTimeoutException: Read timed out
	at java.base/sun.nio.ch.NioSocketImpl.timedRead(NioSocketImpl.java:288)
	at java.base/sun.nio.ch.NioSocketImpl.implRead(NioSocketImpl.java:314)
	at java.base/sun.nio.ch.NioSocketImpl.read(NioSocketImpl.java:355)
	at java.base/sun.nio.ch.NioSocketImpl$1.read(NioSocketImpl.java:808)
	at java.base/java.net.Socket$SocketInputStream.read(Socket.java:966)
	at java.base/sun.security.ssl.SSLSocketInputRecord.read(SSLSocketInputRecord.java:484)
	at java.base/sun.security.ssl.SSLSocketInputRecord.readHeader(SSLSocketInputRecord.java:478)
	at java.base/sun.security.ssl.SSLSocketInputRecord.decode(SSLSocketInputRecord.java:160)
	at java.base/sun.security.ssl.SSLTransport.decode(SSLTransport.java:111)
	at java.base/sun.security.ssl.SSLSocketImpl.decode(SSLSocketImpl.java:1510)
	at java.base/sun.security.ssl.SSLSocketImpl.readHandshakeRecord(SSLSocketImpl.java:1425)
	at java.base/sun.security.ssl.SSLSocketImpl.startHandshake(SSLSocketImpl.java:455)
	at java.base/sun.security.ssl.SSLSocketImpl.ensureNegotiated(SSLSocketImpl.java:925)
	at java.base/sun.security.ssl.SSLSocketImpl$AppOutputStream.write(SSLSocketImpl.java:1295)
	at com.mongodb.internal.connection.SocketStream.write(SocketStream.java:165)
	at com.mongodb.internal.connection.InternalStreamConnection.sendMessage(InternalStreamConnection.java:667)
	... 12 common frames omitted
16:30:32.828 -------- [cluster-ClusterId{value='69ba7a7786329eab1d8f45cb', description='Cluster0'}-ac-jcz0paw-shard-00-02.b7jb1jb.mongodb.net:27017] --- INFO  --- org.mongodb.driver.cluster -------- Monitor thread successfully connected to server with description ServerDescription{address=ac-jcz0paw-shard-00-02.b7jb1jb.mongodb.net:27017, type=REPLICA_SET_PRIMARY, cryptd=false, state=CONNECTED, ok=true, minWireVersion=0, maxWireVersion=25, maxDocumentSize=16777216, logicalSessionTimeoutMinutes=30, roundTripTimeNanos=610726100, minRoundTripTimeNanos=0, setName='atlas-10vsg5-shard-0', canonicalAddress=ac-jcz0paw-shard-00-02.b7jb1jb.mongodb.net:27017, hosts=[ac-jcz0paw-shard-00-01.b7jb1jb.mongodb.net:27017, ac-jcz0paw-shard-00-02.b7jb1jb.mongodb.net:27017, ac-jcz0paw-shard-00-00.b7jb1jb.mongodb.net:27017], passives=[], arbiters=[], primary='ac-jcz0paw-shard-00-02.b7jb1jb.mongodb.net:27017', tagSet=TagSet{[Tag{name='availabilityZone', value='aps1-az2'}, Tag{name='diskState', value='READY'}, Tag{name='nodeType', value='ELECTABLE'}, Tag{name='provider', value='AWS'}, Tag{name='region', value='AP_SOUTH_1'}, Tag{name='workloadType', value='OPERATIONAL'}]}, electionId=7fffffff00000000000000dc, setVersion=57, topologyVersion=TopologyVersion{processId=69b311ad332d80e6a3807b8e, counter=6}, lastWriteDate=Wed Mar 18 16:30:32 IST 2026, lastUpdateTimeNanos=1619427890655500} 
16:30:32.829 -------- [cluster-ClusterId{value='69ba7a7786329eab1d8f45cb', description='Cluster0'}-ac-jcz0paw-shard-00-02.b7jb1jb.mongodb.net:27017] --- INFO  --- org.mongodb.driver.cluster -------- Discovered replica set primary ac-jcz0paw-shard-00-02.b7jb1jb.mongodb.net:27017 with max election id 7fffffff00000000000000dc and max set version 57 
16:32:29.028 -------- [cluster-ClusterId{value='69ba7a7786329eab1d8f45cb', description='Cluster0'}-ac-jcz0paw-shard-00-00.b7jb1jb.mongodb.net:27017] --- INFO  --- org.mongodb.driver.cluster -------- Exception in monitor thread while connecting to server ac-jcz0paw-shard-00-00.b7jb1jb.mongodb.net:27017 
com.mongodb.MongoSocketReadTimeoutException: Timeout while receiving message
	at com.mongodb.internal.connection.InternalStreamConnection.createReadTimeoutException(InternalStreamConnection.java:819)
	at com.mongodb.internal.connection.InternalStreamConnection.translateReadException(InternalStreamConnection.java:807)
	at com.mongodb.internal.connection.InternalStreamConnection.receiveResponseBuffers(InternalStreamConnection.java:857)
	at com.mongodb.internal.connection.InternalStreamConnection.receiveCommandMessageResponse(InternalStreamConnection.java:517)
	at com.mongodb.internal.connection.InternalStreamConnection.receive(InternalStreamConnection.java:469)
	at com.mongodb.internal.connection.DefaultServerMonitor$ServerMonitor.lookupServerDescription(DefaultServerMonitor.java:249)
	at com.mongodb.internal.connection.DefaultServerMonitor$ServerMonitor.run(DefaultServerMonitor.java:176)
Caused by: java.net.SocketTimeoutException: Read timed out
	at java.base/sun.nio.ch.NioSocketImpl.timedRead(NioSocketImpl.java:288)
	at java.base/sun.nio.ch.NioSocketImpl.implRead(NioSocketImpl.java:314)
	at java.base/sun.nio.ch.NioSocketImpl.read(NioSocketImpl.java:355)
	at java.base/sun.nio.ch.NioSocketImpl$1.read(NioSocketImpl.java:808)
	at java.base/java.net.Socket$SocketInputStream.read(Socket.java:966)
	at java.base/sun.security.ssl.SSLSocketInputRecord.read(SSLSocketInputRecord.java:484)
	at java.base/sun.security.ssl.SSLSocketInputRecord.readHeader(SSLSocketInputRecord.java:478)
	at java.base/sun.security.ssl.SSLSocketInputRecord.bytesInCompletePacket(SSLSocketInputRecord.java:70)
	at java.base/sun.security.ssl.SSLSocketImpl.readApplicationRecord(SSLSocketImpl.java:1465)
	at java.base/sun.security.ssl.SSLSocketImpl$AppInputStream.read(SSLSocketImpl.java:1069)
	at com.mongodb.internal.connection.SocketStream.read(SocketStream.java:182)
	at com.mongodb.internal.connection.InternalStreamConnection.receiveResponseBuffers(InternalStreamConnection.java:824)
	... 4 common frames omitted
16:32:33.359 -------- [cluster-ClusterId{value='69ba7a7786329eab1d8f45cb', description='Cluster0'}-ac-jcz0paw-shard-00-02.b7jb1jb.mongodb.net:27017] --- INFO  --- org.mongodb.driver.cluster -------- Exception in monitor thread while connecting to server ac-jcz0paw-shard-00-02.b7jb1jb.mongodb.net:27017 
com.mongodb.MongoSocketReadTimeoutException: Timeout while receiving message
	at com.mongodb.internal.connection.InternalStreamConnection.createReadTimeoutException(InternalStreamConnection.java:819)
	at com.mongodb.internal.connection.InternalStreamConnection.translateReadException(InternalStreamConnection.java:807)
	at com.mongodb.internal.connection.InternalStreamConnection.receiveResponseBuffers(InternalStreamConnection.java:857)
	at com.mongodb.internal.connection.InternalStreamConnection.receiveCommandMessageResponse(InternalStreamConnection.java:517)
	at com.mongodb.internal.connection.InternalStreamConnection.receive(InternalStreamConnection.java:469)
	at com.mongodb.internal.connection.DefaultServerMonitor$ServerMonitor.lookupServerDescription(DefaultServerMonitor.java:249)
	at com.mongodb.internal.connection.DefaultServerMonitor$ServerMonitor.run(DefaultServerMonitor.java:176)
Caused by: java.net.SocketTimeoutException: Read timed out
	at java.base/sun.nio.ch.NioSocketImpl.timedRead(NioSocketImpl.java:288)
	at java.base/sun.nio.ch.NioSocketImpl.implRead(NioSocketImpl.java:314)
	at java.base/sun.nio.ch.NioSocketImpl.read(NioSocketImpl.java:355)
	at java.base/sun.nio.ch.NioSocketImpl$1.read(NioSocketImpl.java:808)
	at java.base/java.net.Socket$SocketInputStream.read(Socket.java:966)
	at java.base/sun.security.ssl.SSLSocketInputRecord.read(SSLSocketInputRecord.java:484)
	at java.base/sun.security.ssl.SSLSocketInputRecord.readHeader(SSLSocketInputRecord.java:478)
	at java.base/sun.security.ssl.SSLSocketInputRecord.bytesInCompletePacket(SSLSocketInputRecord.java:70)
	at java.base/sun.security.ssl.SSLSocketImpl.readApplicationRecord(SSLSocketImpl.java:1465)
	at java.base/sun.security.ssl.SSLSocketImpl$AppInputStream.read(SSLSocketImpl.java:1069)
	at com.mongodb.internal.connection.SocketStream.read(SocketStream.java:182)
	at com.mongodb.internal.connection.InternalStreamConnection.receiveResponseBuffers(InternalStreamConnection.java:824)
	... 4 common frames omitted
16:32:38.608 -------- [cluster-ClusterId{value='69ba7a7786329eab1d8f45cb', description='Cluster0'}-ac-jcz0paw-shard-00-01.b7jb1jb.mongodb.net:27017] --- INFO  --- org.mongodb.driver.cluster -------- Exception in monitor thread while connecting to server ac-jcz0paw-shard-00-01.b7jb1jb.mongodb.net:27017 
com.mongodb.MongoSocketReadTimeoutException: Timeout while receiving message
	at com.mongodb.internal.connection.InternalStreamConnection.createReadTimeoutException(InternalStreamConnection.java:819)
	at com.mongodb.internal.connection.InternalStreamConnection.translateReadException(InternalStreamConnection.java:807)
	at com.mongodb.internal.connection.InternalStreamConnection.receiveResponseBuffers(InternalStreamConnection.java:857)
	at com.mongodb.internal.connection.InternalStreamConnection.receiveCommandMessageResponse(InternalStreamConnection.java:517)
	at com.mongodb.internal.connection.InternalStreamConnection.receive(InternalStreamConnection.java:469)
	at com.mongodb.internal.connection.DefaultServerMonitor$ServerMonitor.lookupServerDescription(DefaultServerMonitor.java:249)
	at com.mongodb.internal.connection.DefaultServerMonitor$ServerMonitor.run(DefaultServerMonitor.java:176)
Caused by: java.net.SocketTimeoutException: Read timed out
	at java.base/sun.nio.ch.NioSocketImpl.timedRead(NioSocketImpl.java:288)
	at java.base/sun.nio.ch.NioSocketImpl.implRead(NioSocketImpl.java:314)
	at java.base/sun.nio.ch.NioSocketImpl.read(NioSocketImpl.java:355)
	at java.base/sun.nio.ch.NioSocketImpl$1.read(NioSocketImpl.java:808)
	at java.base/java.net.Socket$SocketInputStream.read(Socket.java:966)
	at java.base/sun.security.ssl.SSLSocketInputRecord.read(SSLSocketInputRecord.java:484)
	at java.base/sun.security.ssl.SSLSocketInputRecord.readHeader(SSLSocketInputRecord.java:478)
	at java.base/sun.security.ssl.SSLSocketInputRecord.bytesInCompletePacket(SSLSocketInputRecord.java:70)
	at java.base/sun.security.ssl.SSLSocketImpl.readApplicationRecord(SSLSocketImpl.java:1465)
	at java.base/sun.security.ssl.SSLSocketImpl$AppInputStream.read(SSLSocketImpl.java:1069)
	at com.mongodb.internal.connection.SocketStream.read(SocketStream.java:182)
	at com.mongodb.internal.connection.InternalStreamConnection.receiveResponseBuffers(InternalStreamConnection.java:824)
	... 4 common frames omitted
16:32:40.264 -------- [cluster-ClusterId{value='69ba7a7786329eab1d8f45cb', description='Cluster0'}-ac-jcz0paw-shard-00-00.b7jb1jb.mongodb.net:27017] --- INFO  --- org.mongodb.driver.cluster -------- Exception in monitor thread while connecting to server ac-jcz0paw-shard-00-00.b7jb1jb.mongodb.net:27017 
com.mongodb.MongoSocketWriteException: Exception sending message
	at com.mongodb.internal.connection.InternalStreamConnection.throwTranslatedWriteException(InternalStreamConnection.java:785)
	at com.mongodb.internal.connection.InternalStreamConnection.sendMessage(InternalStreamConnection.java:670)
	at com.mongodb.internal.connection.InternalStreamConnection.trySendMessage(InternalStreamConnection.java:507)
	at com.mongodb.internal.connection.InternalStreamConnection.sendCommandMessage(InternalStreamConnection.java:482)
	at com.mongodb.internal.connection.InternalStreamConnection.sendAndReceiveInternal(InternalStreamConnection.java:440)
	at com.mongodb.internal.connection.InternalStreamConnection.lambda$sendAndReceive$0(InternalStreamConnection.java:375)
	at com.mongodb.internal.connection.InternalStreamConnection.sendAndReceive(InternalStreamConnection.java:378)
	at com.mongodb.internal.connection.CommandHelper.sendAndReceive(CommandHelper.java:100)
	at com.mongodb.internal.connection.CommandHelper.executeCommand(CommandHelper.java:49)
	at com.mongodb.internal.connection.InternalStreamConnectionInitializer.initializeConnectionDescription(InternalStreamConnectionInitializer.java:144)
	at com.mongodb.internal.connection.InternalStreamConnectionInitializer.startHandshake(InternalStreamConnectionInitializer.java:79)
	at com.mongodb.internal.connection.InternalStreamConnection.open(InternalStreamConnection.java:235)
	at com.mongodb.internal.connection.DefaultServerMonitor$ServerMonitor.lookupServerDescription(DefaultServerMonitor.java:219)
	at com.mongodb.internal.connection.DefaultServerMonitor$ServerMonitor.run(DefaultServerMonitor.java:176)
Caused by: java.net.SocketTimeoutException: Read timed out
	at java.base/sun.nio.ch.NioSocketImpl.timedRead(NioSocketImpl.java:288)
	at java.base/sun.nio.ch.NioSocketImpl.implRead(NioSocketImpl.java:314)
	at java.base/sun.nio.ch.NioSocketImpl.read(NioSocketImpl.java:355)
	at java.base/sun.nio.ch.NioSocketImpl$1.read(NioSocketImpl.java:808)
	at java.base/java.net.Socket$SocketInputStream.read(Socket.java:966)
	at java.base/sun.security.ssl.SSLSocketInputRecord.read(SSLSocketInputRecord.java:484)
	at java.base/sun.security.ssl.SSLSocketInputRecord.readHeader(SSLSocketInputRecord.java:478)
	at java.base/sun.security.ssl.SSLSocketInputRecord.decode(SSLSocketInputRecord.java:160)
	at java.base/sun.security.ssl.SSLTransport.decode(SSLTransport.java:111)
	at java.base/sun.security.ssl.SSLSocketImpl.decode(SSLSocketImpl.java:1510)
	at java.base/sun.security.ssl.SSLSocketImpl.readHandshakeRecord(SSLSocketImpl.java:1425)
	at java.base/sun.security.ssl.SSLSocketImpl.startHandshake(SSLSocketImpl.java:455)
	at java.base/sun.security.ssl.SSLSocketImpl.ensureNegotiated(SSLSocketImpl.java:925)
	at java.base/sun.security.ssl.SSLSocketImpl$AppOutputStream.write(SSLSocketImpl.java:1295)
	at com.mongodb.internal.connection.SocketStream.write(SocketStream.java:165)
	at com.mongodb.internal.connection.InternalStreamConnection.sendMessage(InternalStreamConnection.java:667)
	... 12 common frames omitted
16:47:19.465 -------- [cluster-ClusterId{value='69ba7a7786329eab1d8f45cb', description='Cluster0'}-ac-jcz0paw-shard-00-02.b7jb1jb.mongodb.net:27017] --- INFO  --- org.mongodb.driver.cluster -------- Monitor thread successfully connected to server with description ServerDescription{address=ac-jcz0paw-shard-00-02.b7jb1jb.mongodb.net:27017, type=REPLICA_SET_PRIMARY, cryptd=false, state=CONNECTED, ok=true, minWireVersion=0, maxWireVersion=25, maxDocumentSize=16777216, logicalSessionTimeoutMinutes=30, roundTripTimeNanos=882606445300, minRoundTripTimeNanos=0, setName='atlas-10vsg5-shard-0', canonicalAddress=ac-jcz0paw-shard-00-02.b7jb1jb.mongodb.net:27017, hosts=[ac-jcz0paw-shard-00-01.b7jb1jb.mongodb.net:27017, ac-jcz0paw-shard-00-02.b7jb1jb.mongodb.net:27017, ac-jcz0paw-shard-00-00.b7jb1jb.mongodb.net:27017], passives=[], arbiters=[], primary='ac-jcz0paw-shard-00-02.b7jb1jb.mongodb.net:27017', tagSet=TagSet{[Tag{name='availabilityZone', value='aps1-az2'}, Tag{name='diskState', value='READY'}, Tag{name='nodeType', value='ELECTABLE'}, Tag{name='provider', value='AWS'}, Tag{name='region', value='AP_SOUTH_1'}, Tag{name='workloadType', value='OPERATIONAL'}]}, electionId=7fffffff00000000000000dc, setVersion=57, topologyVersion=TopologyVersion{processId=69b311ad332d80e6a3807b8e, counter=6}, lastWriteDate=Wed Mar 18 16:47:18 IST 2026, lastUpdateTimeNanos=1620434527018700} 
16:47:19.465 -------- [cluster-ClusterId{value='69ba7a7786329eab1d8f45cb', description='Cluster0'}-ac-jcz0paw-shard-00-02.b7jb1jb.mongodb.net:27017] --- INFO  --- org.mongodb.driver.cluster -------- Discovered replica set primary ac-jcz0paw-shard-00-02.b7jb1jb.mongodb.net:27017 with max election id 7fffffff00000000000000dc and max set version 57 
16:47:19.633 -------- [cluster-ClusterId{value='69ba7a7786329eab1d8f45cb', description='Cluster0'}-ac-jcz0paw-shard-00-01.b7jb1jb.mongodb.net:27017] --- INFO  --- org.mongodb.driver.cluster -------- Monitor thread successfully connected to server with description ServerDescription{address=ac-jcz0paw-shard-00-01.b7jb1jb.mongodb.net:27017, type=REPLICA_SET_SECONDARY, cryptd=false, state=CONNECTED, ok=true, minWireVersion=0, maxWireVersion=25, maxDocumentSize=16777216, logicalSessionTimeoutMinutes=30, roundTripTimeNanos=308772600, minRoundTripTimeNanos=0, setName='atlas-10vsg5-shard-0', canonicalAddress=ac-jcz0paw-shard-00-01.b7jb1jb.mongodb.net:27017, hosts=[ac-jcz0paw-shard-00-01.b7jb1jb.mongodb.net:27017, ac-jcz0paw-shard-00-02.b7jb1jb.mongodb.net:27017, ac-jcz0paw-shard-00-00.b7jb1jb.mongodb.net:27017], passives=[], arbiters=[], primary='ac-jcz0paw-shard-00-02.b7jb1jb.mongodb.net:27017', tagSet=TagSet{[Tag{name='availabilityZone', value='aps1-az3'}, Tag{name='diskState', value='READY'}, Tag{name='nodeType', value='ELECTABLE'}, Tag{name='provider', value='AWS'}, Tag{name='region', value='AP_SOUTH_1'}, Tag{name='workloadType', value='OPERATIONAL'}]}, electionId=null, setVersion=57, topologyVersion=TopologyVersion{processId=69b3142d06876aecd9b70acd, counter=3}, lastWriteDate=Wed Mar 18 16:47:18 IST 2026, lastUpdateTimeNanos=1620434695823700} 
16:47:27.306 -------- [cluster-ClusterId{value='69ba7a7786329eab1d8f45cb', description='Cluster0'}-ac-jcz0paw-shard-00-00.b7jb1jb.mongodb.net:27017] --- INFO  --- org.mongodb.driver.cluster -------- Monitor thread successfully connected to server with description ServerDescription{address=ac-jcz0paw-shard-00-00.b7jb1jb.mongodb.net:27017, type=REPLICA_SET_SECONDARY, cryptd=false, state=CONNECTED, ok=true, minWireVersion=0, maxWireVersion=25, maxDocumentSize=16777216, logicalSessionTimeoutMinutes=30, roundTripTimeNanos=396262000, minRoundTripTimeNanos=0, setName='atlas-10vsg5-shard-0', canonicalAddress=ac-jcz0paw-shard-00-00.b7jb1jb.mongodb.net:27017, hosts=[ac-jcz0paw-shard-00-01.b7jb1jb.mongodb.net:27017, ac-jcz0paw-shard-00-02.b7jb1jb.mongodb.net:27017, ac-jcz0paw-shard-00-00.b7jb1jb.mongodb.net:27017], passives=[], arbiters=[], primary='ac-jcz0paw-shard-00-02.b7jb1jb.mongodb.net:27017', tagSet=TagSet{[Tag{name='availabilityZone', value='aps1-az1'}, Tag{name='diskState', value='READY'}, Tag{name='nodeType', value='ELECTABLE'}, Tag{name='provider', value='AWS'}, Tag{name='region', value='AP_SOUTH_1'}, Tag{name='workloadType', value='OPERATIONAL'}]}, electionId=null, setVersion=57, topologyVersion=TopologyVersion{processId=69b30fd5ea006f2a16d8bf3e, counter=4}, lastWriteDate=Wed Mar 18 16:47:26 IST 2026, lastUpdateTimeNanos=1620442368009100} 
16:58:35.053 -------- [cluster-ClusterId{value='69ba7a7786329eab1d8f45cb', description='Cluster0'}-ac-jcz0paw-shard-00-01.b7jb1jb.mongodb.net:27017] --- INFO  --- org.mongodb.driver.cluster -------- Exception in monitor thread while connecting to server ac-jcz0paw-shard-00-01.b7jb1jb.mongodb.net:27017 
com.mongodb.MongoSocketReadException: Exception receiving message
	at com.mongodb.internal.connection.InternalStreamConnection.translateReadException(InternalStreamConnection.java:809)
	at com.mongodb.internal.connection.InternalStreamConnection.receiveResponseBuffers(InternalStreamConnection.java:857)
	at com.mongodb.internal.connection.InternalStreamConnection.receiveCommandMessageResponse(InternalStreamConnection.java:517)
	at com.mongodb.internal.connection.InternalStreamConnection.receive(InternalStreamConnection.java:469)
	at com.mongodb.internal.connection.DefaultServerMonitor$ServerMonitor.lookupServerDescription(DefaultServerMonitor.java:249)
	at com.mongodb.internal.connection.DefaultServerMonitor$ServerMonitor.run(DefaultServerMonitor.java:176)
Caused by: java.net.SocketException: Connection reset
	at java.base/sun.nio.ch.NioSocketImpl.implRead(NioSocketImpl.java:328)
	at java.base/sun.nio.ch.NioSocketImpl.read(NioSocketImpl.java:355)
	at java.base/sun.nio.ch.NioSocketImpl$1.read(NioSocketImpl.java:808)
	at java.base/java.net.Socket$SocketInputStream.read(Socket.java:966)
	at java.base/sun.security.ssl.SSLSocketInputRecord.read(SSLSocketInputRecord.java:484)
	at java.base/sun.security.ssl.SSLSocketInputRecord.readHeader(SSLSocketInputRecord.java:478)
	at java.base/sun.security.ssl.SSLSocketInputRecord.bytesInCompletePacket(SSLSocketInputRecord.java:70)
	at java.base/sun.security.ssl.SSLSocketImpl.readApplicationRecord(SSLSocketImpl.java:1465)
	at java.base/sun.security.ssl.SSLSocketImpl$AppInputStream.read(SSLSocketImpl.java:1069)
	at com.mongodb.internal.connection.SocketStream.read(SocketStream.java:182)
	at com.mongodb.internal.connection.InternalStreamConnection.receiveResponseBuffers(InternalStreamConnection.java:824)
	... 4 common frames omitted
16:58:35.053 -------- [cluster-ClusterId{value='69ba7a7786329eab1d8f45cb', description='Cluster0'}-ac-jcz0paw-shard-00-02.b7jb1jb.mongodb.net:27017] --- INFO  --- org.mongodb.driver.cluster -------- Exception in monitor thread while connecting to server ac-jcz0paw-shard-00-02.b7jb1jb.mongodb.net:27017 
com.mongodb.MongoSocketReadException: Exception receiving message
	at com.mongodb.internal.connection.InternalStreamConnection.translateReadException(InternalStreamConnection.java:809)
	at com.mongodb.internal.connection.InternalStreamConnection.receiveResponseBuffers(InternalStreamConnection.java:857)
	at com.mongodb.internal.connection.InternalStreamConnection.receiveCommandMessageResponse(InternalStreamConnection.java:517)
	at com.mongodb.internal.connection.InternalStreamConnection.receive(InternalStreamConnection.java:469)
	at com.mongodb.internal.connection.DefaultServerMonitor$ServerMonitor.lookupServerDescription(DefaultServerMonitor.java:249)
	at com.mongodb.internal.connection.DefaultServerMonitor$ServerMonitor.run(DefaultServerMonitor.java:176)
Caused by: java.net.SocketException: Connection reset
	at java.base/sun.nio.ch.NioSocketImpl.implRead(NioSocketImpl.java:328)
	at java.base/sun.nio.ch.NioSocketImpl.read(NioSocketImpl.java:355)
	at java.base/sun.nio.ch.NioSocketImpl$1.read(NioSocketImpl.java:808)
	at java.base/java.net.Socket$SocketInputStream.read(Socket.java:966)
	at java.base/sun.security.ssl.SSLSocketInputRecord.read(SSLSocketInputRecord.java:484)
	at java.base/sun.security.ssl.SSLSocketInputRecord.readHeader(SSLSocketInputRecord.java:478)
	at java.base/sun.security.ssl.SSLSocketInputRecord.bytesInCompletePacket(SSLSocketInputRecord.java:70)
	at java.base/sun.security.ssl.SSLSocketImpl.readApplicationRecord(SSLSocketImpl.java:1465)
	at java.base/sun.security.ssl.SSLSocketImpl$AppInputStream.read(SSLSocketImpl.java:1069)
	at com.mongodb.internal.connection.SocketStream.read(SocketStream.java:182)
	at com.mongodb.internal.connection.InternalStreamConnection.receiveResponseBuffers(InternalStreamConnection.java:824)
	... 4 common frames omitted
16:58:35.053 -------- [cluster-ClusterId{value='69ba7a7786329eab1d8f45cb', description='Cluster0'}-ac-jcz0paw-shard-00-00.b7jb1jb.mongodb.net:27017] --- INFO  --- org.mongodb.driver.cluster -------- Exception in monitor thread while connecting to server ac-jcz0paw-shard-00-00.b7jb1jb.mongodb.net:27017 
com.mongodb.MongoSocketReadException: Exception receiving message
	at com.mongodb.internal.connection.InternalStreamConnection.translateReadException(InternalStreamConnection.java:809)
	at com.mongodb.internal.connection.InternalStreamConnection.receiveResponseBuffers(InternalStreamConnection.java:857)
	at com.mongodb.internal.connection.InternalStreamConnection.receiveCommandMessageResponse(InternalStreamConnection.java:517)
	at com.mongodb.internal.connection.InternalStreamConnection.receive(InternalStreamConnection.java:469)
	at com.mongodb.internal.connection.DefaultServerMonitor$ServerMonitor.lookupServerDescription(DefaultServerMonitor.java:249)
	at com.mongodb.internal.connection.DefaultServerMonitor$ServerMonitor.run(DefaultServerMonitor.java:176)
Caused by: java.net.SocketException: Connection reset
	at java.base/sun.nio.ch.NioSocketImpl.implRead(NioSocketImpl.java:328)
	at java.base/sun.nio.ch.NioSocketImpl.read(NioSocketImpl.java:355)
	at java.base/sun.nio.ch.NioSocketImpl$1.read(NioSocketImpl.java:808)
	at java.base/java.net.Socket$SocketInputStream.read(Socket.java:966)
	at java.base/sun.security.ssl.SSLSocketInputRecord.read(SSLSocketInputRecord.java:484)
	at java.base/sun.security.ssl.SSLSocketInputRecord.readHeader(SSLSocketInputRecord.java:478)
	at java.base/sun.security.ssl.SSLSocketInputRecord.bytesInCompletePacket(SSLSocketInputRecord.java:70)
	at java.base/sun.security.ssl.SSLSocketImpl.readApplicationRecord(SSLSocketImpl.java:1465)
	at java.base/sun.security.ssl.SSLSocketImpl$AppInputStream.read(SSLSocketImpl.java:1069)
	at com.mongodb.internal.connection.SocketStream.read(SocketStream.java:182)
	at com.mongodb.internal.connection.InternalStreamConnection.receiveResponseBuffers(InternalStreamConnection.java:824)
	... 4 common frames omitted
16:58:35.088 -------- [cluster-ClusterId{value='69ba7a7786329eab1d8f45cb', description='Cluster0'}-ac-jcz0paw-shard-00-02.b7jb1jb.mongodb.net:27017] --- INFO  --- org.mongodb.driver.cluster -------- Exception in monitor thread while connecting to server ac-jcz0paw-shard-00-02.b7jb1jb.mongodb.net:27017 
com.mongodb.MongoSocketException: No such host is known (ac-jcz0paw-shard-00-02.b7jb1jb.mongodb.net)
	at com.mongodb.internal.connection.ServerAddressHelper.getSocketAddresses(ServerAddressHelper.java:75)
	at com.mongodb.internal.connection.SocketStream.initializeSocket(SocketStream.java:100)
	at com.mongodb.internal.connection.SocketStream.open(SocketStream.java:79)
	at com.mongodb.internal.connection.InternalStreamConnection.open(InternalStreamConnection.java:233)
	at com.mongodb.internal.connection.DefaultServerMonitor$ServerMonitor.lookupServerDescription(DefaultServerMonitor.java:219)
	at com.mongodb.internal.connection.DefaultServerMonitor$ServerMonitor.run(DefaultServerMonitor.java:176)
Caused by: java.net.UnknownHostException: No such host is known (ac-jcz0paw-shard-00-02.b7jb1jb.mongodb.net)
	at java.base/java.net.Inet6AddressImpl.lookupAllHostAddr(Native Method)
	at java.base/java.net.InetAddress$PlatformNameService.lookupAllHostAddr(InetAddress.java:934)
	at java.base/java.net.InetAddress.getAddressesFromNameService(InetAddress.java:1543)
	at java.base/java.net.InetAddress$NameServiceAddresses.get(InetAddress.java:852)
	at java.base/java.net.InetAddress.getAllByName0(InetAddress.java:1533)
	at java.base/java.net.InetAddress.getAllByName(InetAddress.java:1385)
	at java.base/java.net.InetAddress.getAllByName(InetAddress.java:1306)
	at com.mongodb.internal.connection.DefaultInetAddressResolver.lookupByName(DefaultInetAddressResolver.java:34)
	at com.mongodb.internal.connection.ServerAddressHelper.getSocketAddresses(ServerAddressHelper.java:71)
	... 5 common frames omitted
16:58:35.088 -------- [cluster-ClusterId{value='69ba7a7786329eab1d8f45cb', description='Cluster0'}-ac-jcz0paw-shard-00-01.b7jb1jb.mongodb.net:27017] --- INFO  --- org.mongodb.driver.cluster -------- Exception in monitor thread while connecting to server ac-jcz0paw-shard-00-01.b7jb1jb.mongodb.net:27017 
com.mongodb.MongoSocketException: No such host is known (ac-jcz0paw-shard-00-01.b7jb1jb.mongodb.net)
	at com.mongodb.internal.connection.ServerAddressHelper.getSocketAddresses(ServerAddressHelper.java:75)
	at com.mongodb.internal.connection.SocketStream.initializeSocket(SocketStream.java:100)
	at com.mongodb.internal.connection.SocketStream.open(SocketStream.java:79)
	at com.mongodb.internal.connection.InternalStreamConnection.open(InternalStreamConnection.java:233)
	at com.mongodb.internal.connection.DefaultServerMonitor$ServerMonitor.lookupServerDescription(DefaultServerMonitor.java:219)
	at com.mongodb.internal.connection.DefaultServerMonitor$ServerMonitor.run(DefaultServerMonitor.java:176)
Caused by: java.net.UnknownHostException: No such host is known (ac-jcz0paw-shard-00-01.b7jb1jb.mongodb.net)
	at java.base/java.net.Inet6AddressImpl.lookupAllHostAddr(Native Method)
	at java.base/java.net.InetAddress$PlatformNameService.lookupAllHostAddr(InetAddress.java:934)
	at java.base/java.net.InetAddress.getAddressesFromNameService(InetAddress.java:1543)
	at java.base/java.net.InetAddress$NameServiceAddresses.get(InetAddress.java:852)
	at java.base/java.net.InetAddress.getAllByName0(InetAddress.java:1533)
	at java.base/java.net.InetAddress.getAllByName(InetAddress.java:1385)
	at java.base/java.net.InetAddress.getAllByName(InetAddress.java:1306)
	at com.mongodb.internal.connection.DefaultInetAddressResolver.lookupByName(DefaultInetAddressResolver.java:34)
	at com.mongodb.internal.connection.ServerAddressHelper.getSocketAddresses(ServerAddressHelper.java:71)
	... 5 common frames omitted
16:58:35.088 -------- [cluster-ClusterId{value='69ba7a7786329eab1d8f45cb', description='Cluster0'}-ac-jcz0paw-shard-00-00.b7jb1jb.mongodb.net:27017] --- INFO  --- org.mongodb.driver.cluster -------- Exception in monitor thread while connecting to server ac-jcz0paw-shard-00-00.b7jb1jb.mongodb.net:27017 
com.mongodb.MongoSocketException: No such host is known (ac-jcz0paw-shard-00-00.b7jb1jb.mongodb.net)
	at com.mongodb.internal.connection.ServerAddressHelper.getSocketAddresses(ServerAddressHelper.java:75)
	at com.mongodb.internal.connection.SocketStream.initializeSocket(SocketStream.java:100)
	at com.mongodb.internal.connection.SocketStream.open(SocketStream.java:79)
	at com.mongodb.internal.connection.InternalStreamConnection.open(InternalStreamConnection.java:233)
	at com.mongodb.internal.connection.DefaultServerMonitor$ServerMonitor.lookupServerDescription(DefaultServerMonitor.java:219)
	at com.mongodb.internal.connection.DefaultServerMonitor$ServerMonitor.run(DefaultServerMonitor.java:176)
Caused by: java.net.UnknownHostException: No such host is known (ac-jcz0paw-shard-00-00.b7jb1jb.mongodb.net)
	at java.base/java.net.Inet6AddressImpl.lookupAllHostAddr(Native Method)
	at java.base/java.net.InetAddress$PlatformNameService.lookupAllHostAddr(InetAddress.java:934)
	at java.base/java.net.InetAddress.getAddressesFromNameService(InetAddress.java:1543)
	at java.base/java.net.InetAddress$NameServiceAddresses.get(InetAddress.java:852)
	at java.base/java.net.InetAddress.getAllByName0(InetAddress.java:1533)
	at java.base/java.net.InetAddress.getAllByName(InetAddress.java:1385)
	at java.base/java.net.InetAddress.getAllByName(InetAddress.java:1306)
	at com.mongodb.internal.connection.DefaultInetAddressResolver.lookupByName(DefaultInetAddressResolver.java:34)
	at com.mongodb.internal.connection.ServerAddressHelper.getSocketAddresses(ServerAddressHelper.java:71)
	... 5 common frames omitted
16:58:45.104 -------- [cluster-ClusterId{value='69ba7a7786329eab1d8f45cb', description='Cluster0'}-ac-jcz0paw-shard-00-01.b7jb1jb.mongodb.net:27017] --- INFO  --- org.mongodb.driver.cluster -------- Exception in monitor thread while connecting to server ac-jcz0paw-shard-00-01.b7jb1jb.mongodb.net:27017 
com.mongodb.MongoSocketException: ac-jcz0paw-shard-00-01.b7jb1jb.mongodb.net
	at com.mongodb.internal.connection.ServerAddressHelper.getSocketAddresses(ServerAddressHelper.java:75)
	at com.mongodb.internal.connection.SocketStream.initializeSocket(SocketStream.java:100)
	at com.mongodb.internal.connection.SocketStream.open(SocketStream.java:79)
	at com.mongodb.internal.connection.InternalStreamConnection.open(InternalStreamConnection.java:233)
	at com.mongodb.internal.connection.DefaultServerMonitor$ServerMonitor.lookupServerDescription(DefaultServerMonitor.java:219)
	at com.mongodb.internal.connection.DefaultServerMonitor$ServerMonitor.run(DefaultServerMonitor.java:176)
Caused by: java.net.UnknownHostException: ac-jcz0paw-shard-00-01.b7jb1jb.mongodb.net
	at java.base/java.net.InetAddress$CachedAddresses.get(InetAddress.java:801)
	at java.base/java.net.InetAddress.getAllByName0(InetAddress.java:1533)
	at java.base/java.net.InetAddress.getAllByName(InetAddress.java:1385)
	at java.base/java.net.InetAddress.getAllByName(InetAddress.java:1306)
	at com.mongodb.internal.connection.DefaultInetAddressResolver.lookupByName(DefaultInetAddressResolver.java:34)
	at com.mongodb.internal.connection.ServerAddressHelper.getSocketAddresses(ServerAddressHelper.java:71)
	... 5 common frames omitted
16:58:45.306 -------- [cluster-ClusterId{value='69ba7a7786329eab1d8f45cb', description='Cluster0'}-ac-jcz0paw-shard-00-02.b7jb1jb.mongodb.net:27017] --- INFO  --- org.mongodb.driver.cluster -------- Monitor thread successfully connected to server with description ServerDescription{address=ac-jcz0paw-shard-00-02.b7jb1jb.mongodb.net:27017, type=REPLICA_SET_PRIMARY, cryptd=false, state=CONNECTED, ok=true, minWireVersion=0, maxWireVersion=25, maxDocumentSize=16777216, logicalSessionTimeoutMinutes=30, roundTripTimeNanos=94218500, minRoundTripTimeNanos=0, setName='atlas-10vsg5-shard-0', canonicalAddress=ac-jcz0paw-shard-00-02.b7jb1jb.mongodb.net:27017, hosts=[ac-jcz0paw-shard-00-01.b7jb1jb.mongodb.net:27017, ac-jcz0paw-shard-00-02.b7jb1jb.mongodb.net:27017, ac-jcz0paw-shard-00-00.b7jb1jb.mongodb.net:27017], passives=[], arbiters=[], primary='ac-jcz0paw-shard-00-02.b7jb1jb.mongodb.net:27017', tagSet=TagSet{[Tag{name='availabilityZone', value='aps1-az2'}, Tag{name='diskState', value='READY'}, Tag{name='nodeType', value='ELECTABLE'}, Tag{name='provider', value='AWS'}, Tag{name='region', value='AP_SOUTH_1'}, Tag{name='workloadType', value='OPERATIONAL'}]}, electionId=7fffffff00000000000000dc, setVersion=57, topologyVersion=TopologyVersion{processId=69b311ad332d80e6a3807b8e, counter=6}, lastWriteDate=Wed Mar 18 16:58:44 IST 2026, lastUpdateTimeNanos=1621120367943500} 
16:58:45.306 -------- [cluster-ClusterId{value='69ba7a7786329eab1d8f45cb', description='Cluster0'}-ac-jcz0paw-shard-00-02.b7jb1jb.mongodb.net:27017] --- INFO  --- org.mongodb.driver.cluster -------- Discovered replica set primary ac-jcz0paw-shard-00-02.b7jb1jb.mongodb.net:27017 with max election id 7fffffff00000000000000dc and max set version 57 
16:58:46.380 -------- [cluster-ClusterId{value='69ba7a7786329eab1d8f45cb', description='Cluster0'}-ac-jcz0paw-shard-00-00.b7jb1jb.mongodb.net:27017] --- INFO  --- org.mongodb.driver.cluster -------- Monitor thread successfully connected to server with description ServerDescription{address=ac-jcz0paw-shard-00-00.b7jb1jb.mongodb.net:27017, type=REPLICA_SET_SECONDARY, cryptd=false, state=CONNECTED, ok=true, minWireVersion=0, maxWireVersion=25, maxDocumentSize=16777216, logicalSessionTimeoutMinutes=30, roundTripTimeNanos=88784600, minRoundTripTimeNanos=0, setName='atlas-10vsg5-shard-0', canonicalAddress=ac-jcz0paw-shard-00-00.b7jb1jb.mongodb.net:27017, hosts=[ac-jcz0paw-shard-00-01.b7jb1jb.mongodb.net:27017, ac-jcz0paw-shard-00-02.b7jb1jb.mongodb.net:27017, ac-jcz0paw-shard-00-00.b7jb1jb.mongodb.net:27017], passives=[], arbiters=[], primary='ac-jcz0paw-shard-00-02.b7jb1jb.mongodb.net:27017', tagSet=TagSet{[Tag{name='availabilityZone', value='aps1-az1'}, Tag{name='diskState', value='READY'}, Tag{name='nodeType', value='ELECTABLE'}, Tag{name='provider', value='AWS'}, Tag{name='region', value='AP_SOUTH_1'}, Tag{name='workloadType', value='OPERATIONAL'}]}, electionId=null, setVersion=57, topologyVersion=TopologyVersion{processId=69b30fd5ea006f2a16d8bf3e, counter=4}, lastWriteDate=Wed Mar 18 16:58:45 IST 2026, lastUpdateTimeNanos=1621121441905500} 
16:58:55.190 -------- [cluster-ClusterId{value='69ba7a7786329eab1d8f45cb', description='Cluster0'}-ac-jcz0paw-shard-00-01.b7jb1jb.mongodb.net:27017] --- INFO  --- org.mongodb.driver.cluster -------- Monitor thread successfully connected to server with description ServerDescription{address=ac-jcz0paw-shard-00-01.b7jb1jb.mongodb.net:27017, type=REPLICA_SET_SECONDARY, cryptd=false, state=CONNECTED, ok=true, minWireVersion=0, maxWireVersion=25, maxDocumentSize=16777216, logicalSessionTimeoutMinutes=30, roundTripTimeNanos=46413000, minRoundTripTimeNanos=0, setName='atlas-10vsg5-shard-0', canonicalAddress=ac-jcz0paw-shard-00-01.b7jb1jb.mongodb.net:27017, hosts=[ac-jcz0paw-shard-00-01.b7jb1jb.mongodb.net:27017, ac-jcz0paw-shard-00-02.b7jb1jb.mongodb.net:27017, ac-jcz0paw-shard-00-00.b7jb1jb.mongodb.net:27017], passives=[], arbiters=[], primary='ac-jcz0paw-shard-00-02.b7jb1jb.mongodb.net:27017', tagSet=TagSet{[Tag{name='availabilityZone', value='aps1-az3'}, Tag{name='diskState', value='READY'}, Tag{name='nodeType', value='ELECTABLE'}, Tag{name='provider', value='AWS'}, Tag{name='region', value='AP_SOUTH_1'}, Tag{name='workloadType', value='OPERATIONAL'}]}, electionId=null, setVersion=57, topologyVersion=TopologyVersion{processId=69b3142d06876aecd9b70acd, counter=3}, lastWriteDate=Wed Mar 18 16:58:54 IST 2026, lastUpdateTimeNanos=1621130252453500} 
17:58:18.885 -------- [cluster-ClusterId{value='69ba7a7786329eab1d8f45cb', description='Cluster0'}-ac-jcz0paw-shard-00-01.b7jb1jb.mongodb.net:27017] --- INFO  --- org.mongodb.driver.cluster -------- Exception in monitor thread while connecting to server ac-jcz0paw-shard-00-01.b7jb1jb.mongodb.net:27017 
com.mongodb.MongoSocketReadTimeoutException: Timeout while receiving message
	at com.mongodb.internal.connection.InternalStreamConnection.createReadTimeoutException(InternalStreamConnection.java:819)
	at com.mongodb.internal.connection.InternalStreamConnection.translateReadException(InternalStreamConnection.java:807)
	at com.mongodb.internal.connection.InternalStreamConnection.receiveResponseBuffers(InternalStreamConnection.java:857)
	at com.mongodb.internal.connection.InternalStreamConnection.receiveCommandMessageResponse(InternalStreamConnection.java:517)
	at com.mongodb.internal.connection.InternalStreamConnection.receive(InternalStreamConnection.java:469)
	at com.mongodb.internal.connection.DefaultServerMonitor$ServerMonitor.lookupServerDescription(DefaultServerMonitor.java:249)
	at com.mongodb.internal.connection.DefaultServerMonitor$ServerMonitor.run(DefaultServerMonitor.java:176)
Caused by: java.net.SocketTimeoutException: Read timed out
	at java.base/sun.nio.ch.NioSocketImpl.timedRead(NioSocketImpl.java:288)
	at java.base/sun.nio.ch.NioSocketImpl.implRead(NioSocketImpl.java:314)
	at java.base/sun.nio.ch.NioSocketImpl.read(NioSocketImpl.java:355)
	at java.base/sun.nio.ch.NioSocketImpl$1.read(NioSocketImpl.java:808)
	at java.base/java.net.Socket$SocketInputStream.read(Socket.java:966)
	at java.base/sun.security.ssl.SSLSocketInputRecord.read(SSLSocketInputRecord.java:484)
	at java.base/sun.security.ssl.SSLSocketInputRecord.readHeader(SSLSocketInputRecord.java:478)
	at java.base/sun.security.ssl.SSLSocketInputRecord.bytesInCompletePacket(SSLSocketInputRecord.java:70)
	at java.base/sun.security.ssl.SSLSocketImpl.readApplicationRecord(SSLSocketImpl.java:1465)
	at java.base/sun.security.ssl.SSLSocketImpl$AppInputStream.read(SSLSocketImpl.java:1069)
	at com.mongodb.internal.connection.SocketStream.read(SocketStream.java:182)
	at com.mongodb.internal.connection.InternalStreamConnection.receiveResponseBuffers(InternalStreamConnection.java:824)
	... 4 common frames omitted
17:58:18.885 -------- [cluster-ClusterId{value='69ba7a7786329eab1d8f45cb', description='Cluster0'}-ac-jcz0paw-shard-00-00.b7jb1jb.mongodb.net:27017] --- INFO  --- org.mongodb.driver.cluster -------- Exception in monitor thread while connecting to server ac-jcz0paw-shard-00-00.b7jb1jb.mongodb.net:27017 
com.mongodb.MongoSocketReadTimeoutException: Timeout while receiving message
	at com.mongodb.internal.connection.InternalStreamConnection.createReadTimeoutException(InternalStreamConnection.java:819)
	at com.mongodb.internal.connection.InternalStreamConnection.translateReadException(InternalStreamConnection.java:807)
	at com.mongodb.internal.connection.InternalStreamConnection.receiveResponseBuffers(InternalStreamConnection.java:857)
	at com.mongodb.internal.connection.InternalStreamConnection.receiveCommandMessageResponse(InternalStreamConnection.java:517)
	at com.mongodb.internal.connection.InternalStreamConnection.receive(InternalStreamConnection.java:469)
	at com.mongodb.internal.connection.DefaultServerMonitor$ServerMonitor.lookupServerDescription(DefaultServerMonitor.java:249)
	at com.mongodb.internal.connection.DefaultServerMonitor$ServerMonitor.run(DefaultServerMonitor.java:176)
Caused by: java.net.SocketTimeoutException: Read timed out
	at java.base/sun.nio.ch.NioSocketImpl.timedRead(NioSocketImpl.java:288)
	at java.base/sun.nio.ch.NioSocketImpl.implRead(NioSocketImpl.java:314)
	at java.base/sun.nio.ch.NioSocketImpl.read(NioSocketImpl.java:355)
	at java.base/sun.nio.ch.NioSocketImpl$1.read(NioSocketImpl.java:808)
	at java.base/java.net.Socket$SocketInputStream.read(Socket.java:966)
	at java.base/sun.security.ssl.SSLSocketInputRecord.read(SSLSocketInputRecord.java:484)
	at java.base/sun.security.ssl.SSLSocketInputRecord.readHeader(SSLSocketInputRecord.java:478)
	at java.base/sun.security.ssl.SSLSocketInputRecord.bytesInCompletePacket(SSLSocketInputRecord.java:70)
	at java.base/sun.security.ssl.SSLSocketImpl.readApplicationRecord(SSLSocketImpl.java:1465)
	at java.base/sun.security.ssl.SSLSocketImpl$AppInputStream.read(SSLSocketImpl.java:1069)
	at com.mongodb.internal.connection.SocketStream.read(SocketStream.java:182)
	at com.mongodb.internal.connection.InternalStreamConnection.receiveResponseBuffers(InternalStreamConnection.java:824)
	... 4 common frames omitted
17:58:18.885 -------- [cluster-ClusterId{value='69ba7a7786329eab1d8f45cb', description='Cluster0'}-ac-jcz0paw-shard-00-02.b7jb1jb.mongodb.net:27017] --- INFO  --- org.mongodb.driver.cluster -------- Exception in monitor thread while connecting to server ac-jcz0paw-shard-00-02.b7jb1jb.mongodb.net:27017 
com.mongodb.MongoSocketReadTimeoutException: Timeout while receiving message
	at com.mongodb.internal.connection.InternalStreamConnection.createReadTimeoutException(InternalStreamConnection.java:819)
	at com.mongodb.internal.connection.InternalStreamConnection.translateReadException(InternalStreamConnection.java:807)
	at com.mongodb.internal.connection.InternalStreamConnection.receiveResponseBuffers(InternalStreamConnection.java:857)
	at com.mongodb.internal.connection.InternalStreamConnection.receiveCommandMessageResponse(InternalStreamConnection.java:517)
	at com.mongodb.internal.connection.InternalStreamConnection.receive(InternalStreamConnection.java:469)
	at com.mongodb.internal.connection.DefaultServerMonitor$ServerMonitor.lookupServerDescription(DefaultServerMonitor.java:249)
	at com.mongodb.internal.connection.DefaultServerMonitor$ServerMonitor.run(DefaultServerMonitor.java:176)
Caused by: java.net.SocketTimeoutException: Read timed out
	at java.base/sun.nio.ch.NioSocketImpl.timedRead(NioSocketImpl.java:288)
	at java.base/sun.nio.ch.NioSocketImpl.implRead(NioSocketImpl.java:314)
	at java.base/sun.nio.ch.NioSocketImpl.read(NioSocketImpl.java:355)
	at java.base/sun.nio.ch.NioSocketImpl$1.read(NioSocketImpl.java:808)
	at java.base/java.net.Socket$SocketInputStream.read(Socket.java:966)
	at java.base/sun.security.ssl.SSLSocketInputRecord.read(SSLSocketInputRecord.java:484)
	at java.base/sun.security.ssl.SSLSocketInputRecord.readHeader(SSLSocketInputRecord.java:478)
	at java.base/sun.security.ssl.SSLSocketInputRecord.bytesInCompletePacket(SSLSocketInputRecord.java:70)
	at java.base/sun.security.ssl.SSLSocketImpl.readApplicationRecord(SSLSocketImpl.java:1465)
	at java.base/sun.security.ssl.SSLSocketImpl$AppInputStream.read(SSLSocketImpl.java:1069)
	at com.mongodb.internal.connection.SocketStream.read(SocketStream.java:182)
	at com.mongodb.internal.connection.InternalStreamConnection.receiveResponseBuffers(InternalStreamConnection.java:824)
	... 4 common frames omitted
17:58:19.524 -------- [cluster-ClusterId{value='69ba7a7786329eab1d8f45cb', description='Cluster0'}-ac-jcz0paw-shard-00-02.b7jb1jb.mongodb.net:27017] --- INFO  --- org.mongodb.driver.cluster -------- Monitor thread successfully connected to server with description ServerDescription{address=ac-jcz0paw-shard-00-02.b7jb1jb.mongodb.net:27017, type=REPLICA_SET_PRIMARY, cryptd=false, state=CONNECTED, ok=true, minWireVersion=0, maxWireVersion=25, maxDocumentSize=16777216, logicalSessionTimeoutMinutes=30, roundTripTimeNanos=234674300, minRoundTripTimeNanos=0, setName='atlas-10vsg5-shard-0', canonicalAddress=ac-jcz0paw-shard-00-02.b7jb1jb.mongodb.net:27017, hosts=[ac-jcz0paw-shard-00-01.b7jb1jb.mongodb.net:27017, ac-jcz0paw-shard-00-02.b7jb1jb.mongodb.net:27017, ac-jcz0paw-shard-00-00.b7jb1jb.mongodb.net:27017], passives=[], arbiters=[], primary='ac-jcz0paw-shard-00-02.b7jb1jb.mongodb.net:27017', tagSet=TagSet{[Tag{name='availabilityZone', value='aps1-az2'}, Tag{name='diskState', value='READY'}, Tag{name='nodeType', value='ELECTABLE'}, Tag{name='provider', value='AWS'}, Tag{name='region', value='AP_SOUTH_1'}, Tag{name='workloadType', value='OPERATIONAL'}]}, electionId=7fffffff00000000000000dc, setVersion=57, topologyVersion=TopologyVersion{processId=69b311ad332d80e6a3807b8e, counter=6}, lastWriteDate=Wed Mar 18 17:58:18 IST 2026, lastUpdateTimeNanos=1624694579063900} 
17:58:19.525 -------- [cluster-ClusterId{value='69ba7a7786329eab1d8f45cb', description='Cluster0'}-ac-jcz0paw-shard-00-01.b7jb1jb.mongodb.net:27017] --- INFO  --- org.mongodb.driver.cluster -------- Monitor thread successfully connected to server with description ServerDescription{address=ac-jcz0paw-shard-00-01.b7jb1jb.mongodb.net:27017, type=REPLICA_SET_SECONDARY, cryptd=false, state=CONNECTED, ok=true, minWireVersion=0, maxWireVersion=25, maxDocumentSize=16777216, logicalSessionTimeoutMinutes=30, roundTripTimeNanos=259668300, minRoundTripTimeNanos=0, setName='atlas-10vsg5-shard-0', canonicalAddress=ac-jcz0paw-shard-00-01.b7jb1jb.mongodb.net:27017, hosts=[ac-jcz0paw-shard-00-01.b7jb1jb.mongodb.net:27017, ac-jcz0paw-shard-00-02.b7jb1jb.mongodb.net:27017, ac-jcz0paw-shard-00-00.b7jb1jb.mongodb.net:27017], passives=[], arbiters=[], primary='ac-jcz0paw-shard-00-02.b7jb1jb.mongodb.net:27017', tagSet=TagSet{[Tag{name='availabilityZone', value='aps1-az3'}, Tag{name='diskState', value='READY'}, Tag{name='nodeType', value='ELECTABLE'}, Tag{name='provider', value='AWS'}, Tag{name='region', value='AP_SOUTH_1'}, Tag{name='workloadType', value='OPERATIONAL'}]}, electionId=null, setVersion=57, topologyVersion=TopologyVersion{processId=69b3142d06876aecd9b70acd, counter=3}, lastWriteDate=Wed Mar 18 17:58:18 IST 2026, lastUpdateTimeNanos=1624694578999600} 
17:58:19.525 -------- [cluster-ClusterId{value='69ba7a7786329eab1d8f45cb', description='Cluster0'}-ac-jcz0paw-shard-00-00.b7jb1jb.mongodb.net:27017] --- INFO  --- org.mongodb.driver.cluster -------- Monitor thread successfully connected to server with description ServerDescription{address=ac-jcz0paw-shard-00-00.b7jb1jb.mongodb.net:27017, type=REPLICA_SET_SECONDARY, cryptd=false, state=CONNECTED, ok=true, minWireVersion=0, maxWireVersion=25, maxDocumentSize=16777216, logicalSessionTimeoutMinutes=30, roundTripTimeNanos=259673300, minRoundTripTimeNanos=0, setName='atlas-10vsg5-shard-0', canonicalAddress=ac-jcz0paw-shard-00-00.b7jb1jb.mongodb.net:27017, hosts=[ac-jcz0paw-shard-00-01.b7jb1jb.mongodb.net:27017, ac-jcz0paw-shard-00-02.b7jb1jb.mongodb.net:27017, ac-jcz0paw-shard-00-00.b7jb1jb.mongodb.net:27017], passives=[], arbiters=[], primary='ac-jcz0paw-shard-00-02.b7jb1jb.mongodb.net:27017', tagSet=TagSet{[Tag{name='availabilityZone', value='aps1-az1'}, Tag{name='diskState', value='READY'}, Tag{name='nodeType', value='ELECTABLE'}, Tag{name='provider', value='AWS'}, Tag{name='region', value='AP_SOUTH_1'}, Tag{name='workloadType', value='OPERATIONAL'}]}, electionId=null, setVersion=57, topologyVersion=TopologyVersion{processId=69b30fd5ea006f2a16d8bf3e, counter=4}, lastWriteDate=Wed Mar 18 17:58:18 IST 2026, lastUpdateTimeNanos=1624694579004200} 
17:58:19.530 -------- [cluster-ClusterId{value='69ba7a7786329eab1d8f45cb', description='Cluster0'}-ac-jcz0paw-shard-00-02.b7jb1jb.mongodb.net:27017] --- INFO  --- org.mongodb.driver.cluster -------- Discovered replica set primary ac-jcz0paw-shard-00-02.b7jb1jb.mongodb.net:27017 with max election id 7fffffff00000000000000dc and max set version 57 
18:33:09.813 -------- [lettuce-eventExecutorLoop-1-1] --- INFO  --- i.l.core.protocol.ConnectionWatchdog -------- Reconnecting, last destination was localhost/127.0.0.1:6379 
18:33:09.947 -------- [lettuce-nioEventLoop-4-2] --- WARN  --- i.l.core.protocol.ConnectionWatchdog -------- Cannot reconnect to [localhost/<unresolved>:6379]: Connection closed prematurely 
io.lettuce.core.RedisConnectionException: Connection closed prematurely
	at io.lettuce.core.protocol.RedisHandshakeHandler.channelInactive(RedisHandshakeHandler.java:76)
	at io.netty.channel.AbstractChannelHandlerContext.invokeChannelInactive(AbstractChannelHandlerContext.java:303)
	at io.netty.channel.AbstractChannelHandlerContext.invokeChannelInactive(AbstractChannelHandlerContext.java:281)
	at io.netty.channel.AbstractChannelHandlerContext.fireChannelInactive(AbstractChannelHandlerContext.java:274)
	at io.netty.channel.ChannelInboundHandlerAdapter.channelInactive(ChannelInboundHandlerAdapter.java:81)
	at io.lettuce.core.ChannelGroupListener.channelInactive(ChannelGroupListener.java:54)
	at io.netty.channel.AbstractChannelHandlerContext.invokeChannelInactive(AbstractChannelHandlerContext.java:303)
	at io.netty.channel.AbstractChannelHandlerContext.invokeChannelInactive(AbstractChannelHandlerContext.java:281)
	at io.netty.channel.AbstractChannelHandlerContext.fireChannelInactive(AbstractChannelHandlerContext.java:274)
	at io.netty.channel.DefaultChannelPipeline$HeadContext.channelInactive(DefaultChannelPipeline.java:1352)
	at io.netty.channel.AbstractChannelHandlerContext.invokeChannelInactive(AbstractChannelHandlerContext.java:301)
	at io.netty.channel.AbstractChannelHandlerContext.invokeChannelInactive(AbstractChannelHandlerContext.java:281)
	at io.netty.channel.DefaultChannelPipeline.fireChannelInactive(DefaultChannelPipeline.java:850)
	at io.netty.channel.AbstractChannel$AbstractUnsafe$7.run(AbstractChannel.java:811)
	at io.netty.util.concurrent.AbstractEventExecutor.runTask(AbstractEventExecutor.java:173)
	at io.netty.util.concurrent.AbstractEventExecutor.safeExecute(AbstractEventExecutor.java:166)
	at io.netty.util.concurrent.SingleThreadEventExecutor.runAllTasks(SingleThreadEventExecutor.java:472)
	at io.netty.channel.nio.NioEventLoop.run(NioEventLoop.java:566)
	at io.netty.util.concurrent.SingleThreadEventExecutor$4.run(SingleThreadEventExecutor.java:998)
	at io.netty.util.internal.ThreadExecutorMap$2.run(ThreadExecutorMap.java:74)
	at io.netty.util.concurrent.FastThreadLocalRunnable.run(FastThreadLocalRunnable.java:30)
	at java.base/java.lang.Thread.run(Thread.java:840)
18:33:14.965 -------- [lettuce-eventExecutorLoop-1-12] --- INFO  --- i.l.core.protocol.ConnectionWatchdog -------- Reconnecting, last destination was localhost/<unresolved>:6379 
18:33:14.976 -------- [lettuce-nioEventLoop-4-1] --- WARN  --- i.l.core.protocol.ConnectionWatchdog -------- Cannot reconnect to [localhost/<unresolved>:6379]: Connection refused: getsockopt: localhost/127.0.0.1:6379 
18:33:27.460 -------- [lettuce-eventExecutorLoop-1-2] --- INFO  --- i.l.core.protocol.ConnectionWatchdog -------- Reconnecting, last destination was localhost/<unresolved>:6379 
18:33:27.463 -------- [lettuce-nioEventLoop-4-3] --- WARN  --- i.l.core.protocol.ConnectionWatchdog -------- Cannot reconnect to [localhost/<unresolved>:6379]: Connection refused: getsockopt: localhost/127.0.0.1:6379 
18:33:43.856 -------- [lettuce-eventExecutorLoop-1-3] --- INFO  --- i.l.core.protocol.ConnectionWatchdog -------- Reconnecting, last destination was localhost/<unresolved>:6379 
18:33:43.878 -------- [lettuce-nioEventLoop-4-4] --- WARN  --- i.l.core.protocol.ConnectionWatchdog -------- Cannot reconnect to [localhost/<unresolved>:6379]: Connection refused: getsockopt: localhost/127.0.0.1:6379 
18:34:13.967 -------- [lettuce-eventExecutorLoop-1-3] --- INFO  --- i.l.core.protocol.ConnectionWatchdog -------- Reconnecting, last destination was localhost/<unresolved>:6379 
18:34:13.970 -------- [lettuce-nioEventLoop-4-5] --- WARN  --- i.l.core.protocol.ConnectionWatchdog -------- Cannot reconnect to [localhost/<unresolved>:6379]: Connection refused: getsockopt: localhost/127.0.0.1:6379 
18:34:44.063 -------- [lettuce-eventExecutorLoop-1-8] --- INFO  --- i.l.core.protocol.ConnectionWatchdog -------- Reconnecting, last destination was localhost/<unresolved>:6379 
18:34:44.066 -------- [lettuce-nioEventLoop-4-6] --- WARN  --- i.l.core.protocol.ConnectionWatchdog -------- Cannot reconnect to [localhost/<unresolved>:6379]: Connection refused: getsockopt: localhost/127.0.0.1:6379 
